ply
format ascii 1.0
comment synthetic observed-surface fixture; generated, not reconstructed
element vertex 6703
property float x
property float y
property float z
property float nx
property float ny
property float nz
property uchar red
property uchar green
property uchar blue
property float confidence
property uint support_count
property uint source_view_id
end_header
-2.000000 0.000000 0.000000 0.0 0.0 1.0 194 155 116 0.950 4 60
-2.000000 0.100000 0.000000 0.0 0.0 1.0 194 155 116 0.950 4 60
-2.000000 0.200000 0.000000 0.0 0.0 1.0 194 155 116 0.950 4 60
-2.000000 0.300000 0.000000 0.0 0.0 1.0 194 155 116 0.950 4 60
-2.000000 0.400000 0.000000 0.0 0.0 1.0 194 155 116 0.950 4 60
-2.000000 0.500000 0.000000 0.0 0.0 1.0 194 155 116 0.950 4 60
-2.000000 0.600000 0.000000 0.0 0.0 1.0 194 155 116 0.950 4 60
-2.000000 0.700000 0.000000 0.0 0.0 1.0 194 155 116 0.950 4 60
-2.000000 0.800000 0.000000 0.0 0.0 1.0 194 155 116 0.950 4 60
-2.000000 0.900000 0.000000 0.0 0.0 1.0 194 155 116 0.950 4 60
-2.000000 1.000000 0.000000 0.0 0.0 1.0 194 155 116 0.950 4 60
-2.000000 1.100000 0.000000 0.0 0.0 1.0 194 155 116 0.950 4 60
-2.000000 1.200000 0.000000 0.0 0.0 1.0 194 155 116 0.950 4 60
-2.000000 1.300000 0.000000 0.0 0.0 1.0 194 155 116 0.950 4 60
-2.000000 1.400000 0.000000 0.0 0.0 1.0 194 155 116 0.950 4 60
-2.000000 1.500000 0.000000 0.0 0.0 1.0 194 155 116 0.950 4 60
-2.000000 1.600000 0.000000 0.0 0.0 1.0 194 155 116 0.950 4 60
-2.000000 1.700000 0.000000 0.0 0.0 1.0 194 155 116 0.950 4 60
-2.000000 1.800000 0.000000 0.0 0.0 1.0 194 155 116 0.950 4 60
-2.000000 1.900000 0.000000 0.0 0.0 1.0 194 155 116 0.950 4 60
-2.000000 2.000000 0.000000 0.0 0.0 1.0 194 155 116 0.950 4 60
-2.000000 2.100000 0.000000 0.0 0.0 1.0 194 155 116 0.950 4 60
-2.000000 2.200000 0.000000 0.0 0.0 1.0 194 155 116 0.950 4 60
-2.000000 2.300000 0.000000 0.0 0.0 1.0 194 155 116 0.950 4 60
-2.000000 2.400000 0.000000 0.0 0.0 1.0 194 155 116 0.950 4 60
-2.000000 2.500000 0.000000 0.0 0.0 1.0 194 155 116 0.950 4 60
-2.000000 2.600000 0.000000 0.0 0.0 1.0 194 155 116 0.950 4 60
-2.000000 2.700000 0.000000 0.0 0.0 1.0 194 155 116 0.950 4 60
-2.000000 2.800000 0.000000 0.0 0.0 1.0 194 155 116 0.950 4 60
-2.000000 2.900000 0.000000 0.0 0.0 1.0 194 155 116 0.950 4 60
-2.000000 3.000000 0.000000 0.0 0.0 1.0 194 155 116 0.950 4 60
-2.000000 3.100000 0.000000 0.0 0.0 1.0 194 155 116 0.950 4 60
-2.000000 3.200000 0.000000 0.0 0.0 1.0 194 155 116 0.950 4 60
-2.000000 3.300000 0.000000 0.0 0.0 1.0 194 155 116 0.950 4 60
-2.000000 3.400000 0.000000 0.0 0.0 1.0 194 155 116 0.950 4 60
-2.000000 3.500000 0.000000 0.0 0.0 1.0 194 155 116 0.950 4 60
-1.900000 0.000000 0.000000 0.0 0.0 1.0 194 155 116 0.950 4 60
-1.900000 0.100000 0.000000 0.0 0.0 1.0 194 155 116 0.950 4 60
-1.900000 0.200000 0.000000 0.0 0.0 1.0 194 155 116 0.950 4 60
-1.900000 0.300000 0.000000 0.0 0.0 1.0 194 155 116 0.950 4 60
-1.900000 0.400000 0.000000 0.0 0.0 1.0 194 155 116 0.950 4 60
-1.900000 0.500000 0.000000 0.0 0.0 1.0 194 155 116 0.950 4 60
-1.900000 0.600000 0.000000 0.0 0.0 1.0 194 155 116 0.950 4 60
-1.900000 0.700000 0.000000 0.0 0.0 1.0 194 155 116 0.950 4 60
-1.900000 0.800000 0.000000 0.0 0.0 1.0 194 155 116 0.950 4 60
-1.900000 0.900000 0.000000 0.0 0.0 1.0 194 155 116 0.950 4 60
-1.900000 1.000000 0.000000 0.0 0.0 1.0 194 155 116 0.950 4 60
-1.900000 1.100000 0.000000 0.0 0.0 1.0 194 155 116 0.950 4 60
-1.900000 1.200000 0.000000 0.0 0.0 1.0 194 155 116 0.950 4 60
-1.900000 1.300000 0.000000 0.0 0.0 1.0 194 155 116 0.950 4 60
-1.900000 1.400000 0.000000 0.0 0.0 1.0 194 155 116 0.950 4 60
-1.900000 1.500000 0.000000 0.0 0.0 1.0 194 155 116 0.950 4 60
-1.900000 1.600000 0.000000 0.0 0.0 1.0 194 155 116 0.950 4 60
-1.900000 1.700000 0.000000 0.0 0.0 1.0 194 155 116 0.950 4 60
-1.900000 1.800000 0.000000 0.0 0.0 1.0 194 155 116 0.950 4 60
-1.900000 1.900000 0.000000 0.0 0.0 1.0 194 155 116 0.950 4 60
-1.900000 2.000000 0.000000 0.0 0.0 1.0 194 155 116 0.950 4 60
-1.900000 2.100000 0.000000 0.0 0.0 1.0 194 155 116 0.950 4 60
-1.900000 2.200000 0.000000 0.0 0.0 1.0 194 155 116 0.950 4 60
-1.900000 2.300000 0.000000 0.0 0.0 1.0 194 155 116 0.950 4 60
-1.900000 2.400000 0.000000 0.0 0.0 1.0 194 155 116 0.950 4 60
-1.900000 2.500000 0.000000 0.0 0.0 1.0 194 155 116 0.950 4 60
-1.900000 2.600000 0.000000 0.0 0.0 1.0 194 155 116 0.950 4 60
-1.900000 2.700000 0.000000 0.0 0.0 1.0 194 155 116 0.950 4 60
-1.900000 2.800000 0.000000 0.0 0.0 1.0 194 155 116 0.950 4 60
-1.900000 2.900000 0.000000 0.0 0.0 1.0 194 155 116 0.950 4 60
-1.900000 3.000000 0.000000 0.0 0.0 1.0 194 155 116 0.950 4 60
-1.900000 3.100000 0.000000 0.0 0.0 1.0 194 155 116 0.950 4 60
-1.900000 3.200000 0.000000 0.0 0.0 1.0 194 155 116 0.950 4 60
-1.900000 3.300000 0.000000 0.0 0.0 1.0 194 155 116 0.950 4 60
-1.900000 3.400000 0.000000 0.0 0.0 1.0 194 155 116 0.950 4 60
-1.900000 3.500000 0.000000 0.0 0.0 1.0 194 155 116 0.950 4 60
-1.800000 0.000000 0.000000 0.0 0.0 1.0 194 155 116 0.950 4 60
-1.800000 0.100000 0.000000 0.0 0.0 1.0 194 155 116 0.950 4 60
-1.800000 0.200000 0.000000 0.0 0.0 1.0 194 155 116 0.950 4 60
-1.800000 0.300000 0.000000 0.0 0.0 1.0 194 155 116 0.950 4 60
-1.800000 0.400000 0.000000 0.0 0.0 1.0 194 155 116 0.950 4 60
-1.800000 0.500000 0.000000 0.0 0.0 1.0 194 155 116 0.950 4 60
-1.800000 0.600000 0.000000 0.0 0.0 1.0 194 155 116 0.950 4 60
-1.800000 0.700000 0.000000 0.0 0.0 1.0 194 155 116 0.950 4 60
-1.800000 0.800000 0.000000 0.0 0.0 1.0 194 155 116 0.950 4 60
-1.800000 0.900000 0.000000 0.0 0.0 1.0 194 155 116 0.950 4 60
-1.800000 1.000000 0.000000 0.0 0.0 1.0 194 155 116 0.950 4 60
-1.800000 1.100000 0.000000 0.0 0.0 1.0 194 155 116 0.950 4 60
-1.800000 1.200000 0.000000 0.0 0.0 1.0 194 155 116 0.950 4 60
-1.800000 1.300000 0.000000 0.0 0.0 1.0 194 155 116 0.950 4 60
-1.800000 1.400000 0.000000 0.0 0.0 1.0 194 155 116 0.950 4 60
-1.800000 1.500000 0.000000 0.0 0.0 1.0 194 155 116 0.950 4 60
-1.800000 1.600000 0.000000 0.0 0.0 1.0 194 155 116 0.950 4 60
-1.800000 1.700000 0.000000 0.0 0.0 1.0 194 155 116 0.950 4 60
-1.800000 1.800000 0.000000 0.0 0.0 1.0 194 155 116 0.950 4 60
-1.800000 1.900000 0.000000 0.0 0.0 1.0 194 155 116 0.950 4 60
-1.800000 2.000000 0.000000 0.0 0.0 1.0 194 155 116 0.950 4 60
-1.800000 2.100000 0.000000 0.0 0.0 1.0 194 155 116 0.950 4 60
-1.800000 2.200000 0.000000 0.0 0.0 1.0 194 155 116 0.950 4 60
-1.800000 2.300000 0.000000 0.0 0.0 1.0 194 155 116 0.950 4 60
-1.800000 2.400000 0.000000 0.0 0.0 1.0 194 155 116 0.950 4 60
-1.800000 2.500000 0.000000 0.0 0.0 1.0 194 155 116 0.950 4 60
-1.800000 2.600000 0.000000 0.0 0.0 1.0 194 155 116 0.950 4 60
-1.800000 2.700000 0.000000 0.0 0.0 1.0 194 155 116 0.950 4 60
-1.800000 2.800000 0.000000 0.0 0.0 1.0 194 155 116 0.950 4 60
-1.800000 2.900000 0.000000 0.0 0.0 1.0 194 155 116 0.950 4 60
-1.800000 3.000000 0.000000 0.0 0.0 1.0 194 155 116 0.950 4 60
-1.800000 3.100000 0.000000 0.0 0.0 1.0 194 155 116 0.950 4 60
-1.800000 3.200000 0.000000 0.0 0.0 1.0 194 155 116 0.950 4 60
-1.800000 3.300000 0.000000 0.0 0.0 1.0 194 155 116 0.950 4 60
-1.800000 3.400000 0.000000 0.0 0.0 1.0 194 155 116 0.950 4 60
-1.800000 3.500000 0.000000 0.0 0.0 1.0 194 155 116 0.950 4 60
-1.700000 0.000000 0.000000 0.0 0.0 1.0 194 155 116 0.950 4 60
-1.700000 0.100000 0.000000 0.0 0.0 1.0 194 155 116 0.950 4 60
-1.700000 0.200000 0.000000 0.0 0.0 1.0 194 155 116 0.950 4 60
-1.700000 0.300000 0.000000 0.0 0.0 1.0 194 155 116 0.950 4 60
-1.700000 0.400000 0.000000 0.0 0.0 1.0 194 155 116 0.950 4 60
-1.700000 0.500000 0.000000 0.0 0.0 1.0 194 155 116 0.950 4 60
-1.700000 0.600000 0.000000 0.0 0.0 1.0 194 155 116 0.950 4 60
-1.700000 0.700000 0.000000 0.0 0.0 1.0 194 155 116 0.950 4 60
-1.700000 0.800000 0.000000 0.0 0.0 1.0 194 155 116 0.950 4 60
-1.700000 0.900000 0.000000 0.0 0.0 1.0 194 155 116 0.950 4 60
-1.700000 1.000000 0.000000 0.0 0.0 1.0 194 155 116 0.950 4 60
-1.700000 1.100000 0.000000 0.0 0.0 1.0 194 155 116 0.950 4 60
-1.700000 1.200000 0.000000 0.0 0.0 1.0 194 155 116 0.950 4 60
-1.700000 1.300000 0.000000 0.0 0.0 1.0 194 155 116 0.950 4 60
-1.700000 1.400000 0.000000 0.0 0.0 1.0 194 155 116 0.950 4 60
-1.700000 1.500000 0.000000 0.0 0.0 1.0 194 155 116 0.950 4 60
-1.700000 1.600000 0.000000 0.0 0.0 1.0 194 155 116 0.950 4 60
-1.700000 1.700000 0.000000 0.0 0.0 1.0 194 155 116 0.950 4 60
-1.700000 1.800000 0.000000 0.0 0.0 1.0 194 155 116 0.950 4 60
-1.700000 1.900000 0.000000 0.0 0.0 1.0 194 155 116 0.950 4 60
-1.700000 2.000000 0.000000 0.0 0.0 1.0 194 155 116 0.950 4 60
-1.700000 2.100000 0.000000 0.0 0.0 1.0 194 155 116 0.950 4 60
-1.700000 2.200000 0.000000 0.0 0.0 1.0 194 155 116 0.950 4 60
-1.700000 2.300000 0.000000 0.0 0.0 1.0 194 155 116 0.950 4 60
-1.700000 2.400000 0.000000 0.0 0.0 1.0 194 155 116 0.950 4 60
-1.700000 2.500000 0.000000 0.0 0.0 1.0 194 155 116 0.950 4 60
-1.700000 2.600000 0.000000 0.0 0.0 1.0 194 155 116 0.950 4 60
-1.700000 2.700000 0.000000 0.0 0.0 1.0 194 155 116 0.950 4 60
-1.700000 2.800000 0.000000 0.0 0.0 1.0 194 155 116 0.950 4 60
-1.700000 2.900000 0.000000 0.0 0.0 1.0 194 155 116 0.950 4 60
-1.700000 3.000000 0.000000 0.0 0.0 1.0 194 155 116 0.950 4 60
-1.700000 3.100000 0.000000 0.0 0.0 1.0 194 155 116 0.950 4 60
-1.700000 3.200000 0.000000 0.0 0.0 1.0 194 155 116 0.950 4 60
-1.700000 3.300000 0.000000 0.0 0.0 1.0 194 155 116 0.950 4 60
-1.700000 3.400000 0.000000 0.0 0.0 1.0 194 155 116 0.950 4 60
-1.700000 3.500000 0.000000 0.0 0.0 1.0 194 155 116 0.950 4 60
-1.600000 0.000000 0.000000 0.0 0.0 1.0 194 155 116 0.950 4 60
-1.600000 0.100000 0.000000 0.0 0.0 1.0 194 155 116 0.950 4 60
-1.600000 0.200000 0.000000 0.0 0.0 1.0 194 155 116 0.950 4 60
-1.600000 0.300000 0.000000 0.0 0.0 1.0 194 155 116 0.950 4 60
-1.600000 0.400000 0.000000 0.0 0.0 1.0 194 155 116 0.950 4 60
-1.600000 0.500000 0.000000 0.0 0.0 1.0 194 155 116 0.950 4 60
-1.600000 0.600000 0.000000 0.0 0.0 1.0 194 155 116 0.950 4 60
-1.600000 0.700000 0.000000 0.0 0.0 1.0 194 155 116 0.950 4 60
-1.600000 0.800000 0.000000 0.0 0.0 1.0 194 155 116 0.950 4 60
-1.600000 0.900000 0.000000 0.0 0.0 1.0 194 155 116 0.950 4 60
-1.600000 1.000000 0.000000 0.0 0.0 1.0 194 155 116 0.950 4 60
-1.600000 1.100000 0.000000 0.0 0.0 1.0 194 155 116 0.950 4 60
-1.600000 1.200000 0.000000 0.0 0.0 1.0 194 155 116 0.950 4 60
-1.600000 1.300000 0.000000 0.0 0.0 1.0 194 155 116 0.950 4 60
-1.600000 1.400000 0.000000 0.0 0.0 1.0 194 155 116 0.950 4 60
-1.600000 1.500000 0.000000 0.0 0.0 1.0 194 155 116 0.950 4 60
-1.600000 1.600000 0.000000 0.0 0.0 1.0 194 155 116 0.950 4 60
-1.600000 1.700000 0.000000 0.0 0.0 1.0 194 155 116 0.950 4 60
-1.600000 1.800000 0.000000 0.0 0.0 1.0 194 155 116 0.950 4 60
-1.600000 1.900000 0.000000 0.0 0.0 1.0 194 155 116 0.950 4 60
-1.600000 2.000000 0.000000 0.0 0.0 1.0 194 155 116 0.950 4 60
-1.600000 2.100000 0.000000 0.0 0.0 1.0 194 155 116 0.950 4 60
-1.600000 2.200000 0.000000 0.0 0.0 1.0 194 155 116 0.950 4 60
-1.600000 2.300000 0.000000 0.0 0.0 1.0 194 155 116 0.950 4 60
-1.600000 2.400000 0.000000 0.0 0.0 1.0 194 155 116 0.950 4 60
-1.600000 2.500000 0.000000 0.0 0.0 1.0 194 155 116 0.950 4 60
-1.600000 2.600000 0.000000 0.0 0.0 1.0 194 155 116 0.950 4 60
-1.600000 2.700000 0.000000 0.0 0.0 1.0 194 155 116 0.950 4 60
-1.600000 2.800000 0.000000 0.0 0.0 1.0 194 155 116 0.950 4 60
-1.600000 2.900000 0.000000 0.0 0.0 1.0 194 155 116 0.950 4 60
-1.600000 3.000000 0.000000 0.0 0.0 1.0 194 155 116 0.950 4 60
-1.600000 3.100000 0.000000 0.0 0.0 1.0 194 155 116 0.950 4 60
-1.600000 3.200000 0.000000 0.0 0.0 1.0 194 155 116 0.950 4 60
-1.600000 3.300000 0.000000 0.0 0.0 1.0 194 155 116 0.950 4 60
-1.600000 3.400000 0.000000 0.0 0.0 1.0 194 155 116 0.950 4 60
-1.600000 3.500000 0.000000 0.0 0.0 1.0 194 155 116 0.950 4 60
-1.500000 0.000000 0.000000 0.0 0.0 1.0 194 155 116 0.950 4 60
-1.500000 0.100000 0.000000 0.0 0.0 1.0 194 155 116 0.950 4 60
-1.500000 0.200000 0.000000 0.0 0.0 1.0 194 155 116 0.950 4 60
-1.500000 0.300000 0.000000 0.0 0.0 1.0 194 155 116 0.950 4 60
-1.500000 0.400000 0.000000 0.0 0.0 1.0 194 155 116 0.950 4 60
-1.500000 0.500000 0.000000 0.0 0.0 1.0 194 155 116 0.950 4 60
-1.500000 0.600000 0.000000 0.0 0.0 1.0 194 155 116 0.950 4 60
-1.500000 0.700000 0.000000 0.0 0.0 1.0 194 155 116 0.950 4 60
-1.500000 0.800000 0.000000 0.0 0.0 1.0 194 155 116 0.950 4 60
-1.500000 0.900000 0.000000 0.0 0.0 1.0 194 155 116 0.950 4 60
-1.500000 1.000000 0.000000 0.0 0.0 1.0 194 155 116 0.950 4 60
-1.500000 1.100000 0.000000 0.0 0.0 1.0 194 155 116 0.950 4 60
-1.500000 1.200000 0.000000 0.0 0.0 1.0 194 155 116 0.950 4 60
-1.500000 1.300000 0.000000 0.0 0.0 1.0 194 155 116 0.950 4 60
-1.500000 1.400000 0.000000 0.0 0.0 1.0 194 155 116 0.950 4 60
-1.500000 1.500000 0.000000 0.0 0.0 1.0 194 155 116 0.950 4 60
-1.500000 1.600000 0.000000 0.0 0.0 1.0 194 155 116 0.950 4 60
-1.500000 1.700000 0.000000 0.0 0.0 1.0 194 155 116 0.950 4 60
-1.500000 1.800000 0.000000 0.0 0.0 1.0 194 155 116 0.950 4 60
-1.500000 1.900000 0.000000 0.0 0.0 1.0 194 155 116 0.950 4 60
-1.500000 2.000000 0.000000 0.0 0.0 1.0 194 155 116 0.950 4 60
-1.500000 2.100000 0.000000 0.0 0.0 1.0 194 155 116 0.950 4 60
-1.500000 2.200000 0.000000 0.0 0.0 1.0 194 155 116 0.950 4 60
-1.500000 2.300000 0.000000 0.0 0.0 1.0 194 155 116 0.950 4 60
-1.500000 2.400000 0.000000 0.0 0.0 1.0 194 155 116 0.950 4 60
-1.500000 2.500000 0.000000 0.0 0.0 1.0 194 155 116 0.950 4 60
-1.500000 2.600000 0.000000 0.0 0.0 1.0 194 155 116 0.950 4 60
-1.500000 2.700000 0.000000 0.0 0.0 1.0 194 155 116 0.950 4 60
-1.500000 2.800000 0.000000 0.0 0.0 1.0 194 155 116 0.950 4 60
-1.500000 2.900000 0.000000 0.0 0.0 1.0 194 155 116 0.950 4 60
-1.500000 3.000000 0.000000 0.0 0.0 1.0 194 155 116 0.950 4 60
-1.500000 3.100000 0.000000 0.0 0.0 1.0 194 155 116 0.950 4 60
-1.500000 3.200000 0.000000 0.0 0.0 1.0 194 155 116 0.950 4 60
-1.500000 3.300000 0.000000 0.0 0.0 1.0 194 155 116 0.950 4 60
-1.500000 3.400000 0.000000 0.0 0.0 1.0 194 155 116 0.950 4 60
-1.500000 3.500000 0.000000 0.0 0.0 1.0 194 155 116 0.950 4 60
-1.400000 0.000000 0.000000 0.0 0.0 1.0 194 155 116 0.950 4 60
-1.400000 0.100000 0.000000 0.0 0.0 1.0 194 155 116 0.950 4 60
-1.400000 0.200000 0.000000 0.0 0.0 1.0 194 155 116 0.950 4 60
-1.400000 0.300000 0.000000 0.0 0.0 1.0 194 155 116 0.950 4 60
-1.400000 0.400000 0.000000 0.0 0.0 1.0 194 155 116 0.950 4 60
-1.400000 0.500000 0.000000 0.0 0.0 1.0 194 155 116 0.950 4 60
-1.400000 0.600000 0.000000 0.0 0.0 1.0 194 155 116 0.950 4 60
-1.400000 0.700000 0.000000 0.0 0.0 1.0 194 155 116 0.950 4 60
-1.400000 0.800000 0.000000 0.0 0.0 1.0 194 155 116 0.950 4 60
-1.400000 0.900000 0.000000 0.0 0.0 1.0 194 155 116 0.950 4 60
-1.400000 1.000000 0.000000 0.0 0.0 1.0 194 155 116 0.950 4 60
-1.400000 1.100000 0.000000 0.0 0.0 1.0 194 155 116 0.950 4 60
-1.400000 1.200000 0.000000 0.0 0.0 1.0 194 155 116 0.950 4 60
-1.400000 1.300000 0.000000 0.0 0.0 1.0 194 155 116 0.950 4 60
-1.400000 1.400000 0.000000 0.0 0.0 1.0 194 155 116 0.950 4 60
-1.400000 1.500000 0.000000 0.0 0.0 1.0 194 155 116 0.950 4 60
-1.400000 1.600000 0.000000 0.0 0.0 1.0 194 155 116 0.950 4 60
-1.400000 1.700000 0.000000 0.0 0.0 1.0 194 155 116 0.950 4 60
-1.400000 1.800000 0.000000 0.0 0.0 1.0 194 155 116 0.950 4 60
-1.400000 1.900000 0.000000 0.0 0.0 1.0 194 155 116 0.950 4 60
-1.400000 2.000000 0.000000 0.0 0.0 1.0 194 155 116 0.950 4 60
-1.400000 2.100000 0.000000 0.0 0.0 1.0 194 155 116 0.950 4 60
-1.400000 2.200000 0.000000 0.0 0.0 1.0 194 155 116 0.950 4 60
-1.400000 2.300000 0.000000 0.0 0.0 1.0 194 155 116 0.950 4 60
-1.400000 2.400000 0.000000 0.0 0.0 1.0 194 155 116 0.950 4 60
-1.400000 2.500000 0.000000 0.0 0.0 1.0 194 155 116 0.950 4 60
-1.400000 2.600000 0.000000 0.0 0.0 1.0 194 155 116 0.950 4 60
-1.400000 2.700000 0.000000 0.0 0.0 1.0 194 155 116 0.950 4 60
-1.400000 2.800000 0.000000 0.0 0.0 1.0 194 155 116 0.950 4 60
-1.400000 2.900000 0.000000 0.0 0.0 1.0 194 155 116 0.950 4 60
-1.400000 3.000000 0.000000 0.0 0.0 1.0 194 155 116 0.950 4 60
-1.400000 3.100000 0.000000 0.0 0.0 1.0 194 155 116 0.950 4 60
-1.400000 3.200000 0.000000 0.0 0.0 1.0 194 155 116 0.950 4 60
-1.400000 3.300000 0.000000 0.0 0.0 1.0 194 155 116 0.950 4 60
-1.400000 3.400000 0.000000 0.0 0.0 1.0 194 155 116 0.950 4 60
-1.400000 3.500000 0.000000 0.0 0.0 1.0 194 155 116 0.950 4 60
-1.300000 0.000000 0.000000 0.0 0.0 1.0 194 155 116 0.950 4 60
-1.300000 0.100000 0.000000 0.0 0.0 1.0 194 155 116 0.950 4 60
-1.300000 0.200000 0.000000 0.0 0.0 1.0 194 155 116 0.950 4 60
-1.300000 0.300000 0.000000 0.0 0.0 1.0 194 155 116 0.950 4 60
-1.300000 0.400000 0.000000 0.0 0.0 1.0 194 155 116 0.950 4 60
-1.300000 0.500000 0.000000 0.0 0.0 1.0 194 155 116 0.950 4 60
-1.300000 0.600000 0.000000 0.0 0.0 1.0 194 155 116 0.950 4 60
-1.300000 0.700000 0.000000 0.0 0.0 1.0 194 155 116 0.950 4 60
-1.300000 0.800000 0.000000 0.0 0.0 1.0 194 155 116 0.950 4 60
-1.300000 0.900000 0.000000 0.0 0.0 1.0 194 155 116 0.950 4 60
-1.300000 1.000000 0.000000 0.0 0.0 1.0 194 155 116 0.950 4 60
-1.300000 1.100000 0.000000 0.0 0.0 1.0 194 155 116 0.950 4 60
-1.300000 1.200000 0.000000 0.0 0.0 1.0 194 155 116 0.950 4 60
-1.300000 1.300000 0.000000 0.0 0.0 1.0 194 155 116 0.950 4 60
-1.300000 1.400000 0.000000 0.0 0.0 1.0 194 155 116 0.950 4 60
-1.300000 1.500000 0.000000 0.0 0.0 1.0 194 155 116 0.950 4 60
-1.300000 1.600000 0.000000 0.0 0.0 1.0 194 155 116 0.950 4 60
-1.300000 1.700000 0.000000 0.0 0.0 1.0 194 155 116 0.950 4 60
-1.300000 1.800000 0.000000 0.0 0.0 1.0 194 155 116 0.950 4 60
-1.300000 1.900000 0.000000 0.0 0.0 1.0 194 155 116 0.950 4 60
-1.300000 2.000000 0.000000 0.0 0.0 1.0 194 155 116 0.950 4 60
-1.300000 2.100000 0.000000 0.0 0.0 1.0 194 155 116 0.950 4 60
-1.300000 2.200000 0.000000 0.0 0.0 1.0 194 155 116 0.950 4 60
-1.300000 2.300000 0.000000 0.0 0.0 1.0 194 155 116 0.950 4 60
-1.300000 2.400000 0.000000 0.0 0.0 1.0 194 155 116 0.950 4 60
-1.300000 2.500000 0.000000 0.0 0.0 1.0 194 155 116 0.950 4 60
-1.300000 2.600000 0.000000 0.0 0.0 1.0 194 155 116 0.950 4 60
-1.300000 2.700000 0.000000 0.0 0.0 1.0 194 155 116 0.950 4 60
-1.300000 2.800000 0.000000 0.0 0.0 1.0 194 155 116 0.950 4 60
-1.300000 2.900000 0.000000 0.0 0.0 1.0 194 155 116 0.950 4 60
-1.300000 3.000000 0.000000 0.0 0.0 1.0 194 155 116 0.950 4 60
-1.300000 3.100000 0.000000 0.0 0.0 1.0 194 155 116 0.950 4 60
-1.300000 3.200000 0.000000 0.0 0.0 1.0 194 155 116 0.950 4 60
-1.300000 3.300000 0.000000 0.0 0.0 1.0 194 155 116 0.950 4 60
-1.300000 3.400000 0.000000 0.0 0.0 1.0 194 155 116 0.950 4 60
-1.300000 3.500000 0.000000 0.0 0.0 1.0 194 155 116 0.950 4 60
-1.200000 0.000000 0.000000 0.0 0.0 1.0 194 155 116 0.950 4 60
-1.200000 0.100000 0.000000 0.0 0.0 1.0 194 155 116 0.950 4 60
-1.200000 0.200000 0.000000 0.0 0.0 1.0 194 155 116 0.950 4 60
-1.200000 0.300000 0.000000 0.0 0.0 1.0 194 155 116 0.950 4 60
-1.200000 0.400000 0.000000 0.0 0.0 1.0 194 155 116 0.950 4 60
-1.200000 0.500000 0.000000 0.0 0.0 1.0 194 155 116 0.950 4 60
-1.200000 0.600000 0.000000 0.0 0.0 1.0 194 155 116 0.950 4 60
-1.200000 0.700000 0.000000 0.0 0.0 1.0 194 155 116 0.950 4 60
-1.200000 0.800000 0.000000 0.0 0.0 1.0 194 155 116 0.950 4 60
-1.200000 0.900000 0.000000 0.0 0.0 1.0 194 155 116 0.950 4 60
-1.200000 1.000000 0.000000 0.0 0.0 1.0 194 155 116 0.950 4 60
-1.200000 1.100000 0.000000 0.0 0.0 1.0 194 155 116 0.950 4 60
-1.200000 1.200000 0.000000 0.0 0.0 1.0 194 155 116 0.950 4 60
-1.200000 1.300000 0.000000 0.0 0.0 1.0 194 155 116 0.950 4 60
-1.200000 1.400000 0.000000 0.0 0.0 1.0 194 155 116 0.950 4 60
-1.200000 1.500000 0.000000 0.0 0.0 1.0 194 155 116 0.950 4 60
-1.200000 1.600000 0.000000 0.0 0.0 1.0 194 155 116 0.950 4 60
-1.200000 1.700000 0.000000 0.0 0.0 1.0 194 155 116 0.950 4 60
-1.200000 1.800000 0.000000 0.0 0.0 1.0 194 155 116 0.950 4 60
-1.200000 1.900000 0.000000 0.0 0.0 1.0 194 155 116 0.950 4 60
-1.200000 2.000000 0.000000 0.0 0.0 1.0 194 155 116 0.950 4 60
-1.200000 2.100000 0.000000 0.0 0.0 1.0 194 155 116 0.950 4 60
-1.200000 2.200000 0.000000 0.0 0.0 1.0 194 155 116 0.950 4 60
-1.200000 2.300000 0.000000 0.0 0.0 1.0 194 155 116 0.950 4 60
-1.200000 2.400000 0.000000 0.0 0.0 1.0 194 155 116 0.950 4 60
-1.200000 2.500000 0.000000 0.0 0.0 1.0 194 155 116 0.950 4 60
-1.200000 2.600000 0.000000 0.0 0.0 1.0 194 155 116 0.950 4 60
-1.200000 2.700000 0.000000 0.0 0.0 1.0 194 155 116 0.950 4 60
-1.200000 2.800000 0.000000 0.0 0.0 1.0 194 155 116 0.950 4 60
-1.200000 2.900000 0.000000 0.0 0.0 1.0 194 155 116 0.950 4 60
-1.200000 3.000000 0.000000 0.0 0.0 1.0 194 155 116 0.950 4 60
-1.200000 3.100000 0.000000 0.0 0.0 1.0 194 155 116 0.950 4 60
-1.200000 3.200000 0.000000 0.0 0.0 1.0 194 155 116 0.950 4 60
-1.200000 3.300000 0.000000 0.0 0.0 1.0 194 155 116 0.950 4 60
-1.200000 3.400000 0.000000 0.0 0.0 1.0 194 155 116 0.950 4 60
-1.200000 3.500000 0.000000 0.0 0.0 1.0 194 155 116 0.950 4 60
-1.100000 0.000000 0.000000 0.0 0.0 1.0 194 155 116 0.950 4 60
-1.100000 0.100000 0.000000 0.0 0.0 1.0 194 155 116 0.950 4 60
-1.100000 0.200000 0.000000 0.0 0.0 1.0 194 155 116 0.950 4 60
-1.100000 0.300000 0.000000 0.0 0.0 1.0 194 155 116 0.950 4 60
-1.100000 0.400000 0.000000 0.0 0.0 1.0 194 155 116 0.950 4 60
-1.100000 0.500000 0.000000 0.0 0.0 1.0 194 155 116 0.950 4 60
-1.100000 0.600000 0.000000 0.0 0.0 1.0 194 155 116 0.950 4 60
-1.100000 0.700000 0.000000 0.0 0.0 1.0 194 155 116 0.950 4 60
-1.100000 0.800000 0.000000 0.0 0.0 1.0 194 155 116 0.950 4 60
-1.100000 0.900000 0.000000 0.0 0.0 1.0 194 155 116 0.950 4 60
-1.100000 1.000000 0.000000 0.0 0.0 1.0 194 155 116 0.950 4 60
-1.100000 1.100000 0.000000 0.0 0.0 1.0 194 155 116 0.950 4 60
-1.100000 1.200000 0.000000 0.0 0.0 1.0 194 155 116 0.950 4 60
-1.100000 1.300000 0.000000 0.0 0.0 1.0 194 155 116 0.950 4 60
-1.100000 1.400000 0.000000 0.0 0.0 1.0 194 155 116 0.950 4 60
-1.100000 1.500000 0.000000 0.0 0.0 1.0 194 155 116 0.950 4 60
-1.100000 1.600000 0.000000 0.0 0.0 1.0 194 155 116 0.950 4 60
-1.100000 1.700000 0.000000 0.0 0.0 1.0 194 155 116 0.950 4 60
-1.100000 1.800000 0.000000 0.0 0.0 1.0 194 155 116 0.950 4 60
-1.100000 1.900000 0.000000 0.0 0.0 1.0 194 155 116 0.950 4 60
-1.100000 2.000000 0.000000 0.0 0.0 1.0 194 155 116 0.950 4 60
-1.100000 2.100000 0.000000 0.0 0.0 1.0 194 155 116 0.950 4 60
-1.100000 2.200000 0.000000 0.0 0.0 1.0 194 155 116 0.950 4 60
-1.100000 2.300000 0.000000 0.0 0.0 1.0 194 155 116 0.950 4 60
-1.100000 2.400000 0.000000 0.0 0.0 1.0 194 155 116 0.950 4 60
-1.100000 2.500000 0.000000 0.0 0.0 1.0 194 155 116 0.950 4 60
-1.100000 2.600000 0.000000 0.0 0.0 1.0 194 155 116 0.950 4 60
-1.100000 2.700000 0.000000 0.0 0.0 1.0 194 155 116 0.950 4 60
-1.100000 2.800000 0.000000 0.0 0.0 1.0 194 155 116 0.950 4 60
-1.100000 2.900000 0.000000 0.0 0.0 1.0 194 155 116 0.950 4 60
-1.100000 3.000000 0.000000 0.0 0.0 1.0 194 155 116 0.950 4 60
-1.100000 3.100000 0.000000 0.0 0.0 1.0 194 155 116 0.950 4 60
-1.100000 3.200000 0.000000 0.0 0.0 1.0 194 155 116 0.950 4 60
-1.100000 3.300000 0.000000 0.0 0.0 1.0 194 155 116 0.950 4 60
-1.100000 3.400000 0.000000 0.0 0.0 1.0 194 155 116 0.950 4 60
-1.100000 3.500000 0.000000 0.0 0.0 1.0 194 155 116 0.950 4 60
-1.000000 0.000000 0.000000 0.0 0.0 1.0 194 155 116 0.950 4 60
-1.000000 0.100000 0.000000 0.0 0.0 1.0 194 155 116 0.950 4 60
-1.000000 0.200000 0.000000 0.0 0.0 1.0 194 155 116 0.950 4 60
-1.000000 0.300000 0.000000 0.0 0.0 1.0 194 155 116 0.950 4 60
-1.000000 0.400000 0.000000 0.0 0.0 1.0 194 155 116 0.950 4 60
-1.000000 0.500000 0.000000 0.0 0.0 1.0 194 155 116 0.950 4 60
-1.000000 0.600000 0.000000 0.0 0.0 1.0 194 155 116 0.950 4 60
-1.000000 0.700000 0.000000 0.0 0.0 1.0 194 155 116 0.950 4 60
-1.000000 0.800000 0.000000 0.0 0.0 1.0 194 155 116 0.950 4 60
-1.000000 0.900000 0.000000 0.0 0.0 1.0 194 155 116 0.950 4 60
-1.000000 1.000000 0.000000 0.0 0.0 1.0 194 155 116 0.950 4 60
-1.000000 1.100000 0.000000 0.0 0.0 1.0 194 155 116 0.950 4 60
-1.000000 1.200000 0.000000 0.0 0.0 1.0 194 155 116 0.950 4 60
-1.000000 1.300000 0.000000 0.0 0.0 1.0 194 155 116 0.950 4 60
-1.000000 1.400000 0.000000 0.0 0.0 1.0 194 155 116 0.950 4 60
-1.000000 1.500000 0.000000 0.0 0.0 1.0 194 155 116 0.950 4 60
-1.000000 1.600000 0.000000 0.0 0.0 1.0 194 155 116 0.950 4 60
-1.000000 1.700000 0.000000 0.0 0.0 1.0 194 155 116 0.950 4 60
-1.000000 1.800000 0.000000 0.0 0.0 1.0 194 155 116 0.950 4 60
-1.000000 1.900000 0.000000 0.0 0.0 1.0 194 155 116 0.950 4 60
-1.000000 2.000000 0.000000 0.0 0.0 1.0 194 155 116 0.950 4 60
-1.000000 2.100000 0.000000 0.0 0.0 1.0 194 155 116 0.950 4 60
-1.000000 2.200000 0.000000 0.0 0.0 1.0 194 155 116 0.950 4 60
-1.000000 2.300000 0.000000 0.0 0.0 1.0 194 155 116 0.950 4 60
-1.000000 2.400000 0.000000 0.0 0.0 1.0 194 155 116 0.950 4 60
-1.000000 2.500000 0.000000 0.0 0.0 1.0 194 155 116 0.950 4 60
-1.000000 2.600000 0.000000 0.0 0.0 1.0 194 155 116 0.950 4 60
-1.000000 2.700000 0.000000 0.0 0.0 1.0 194 155 116 0.950 4 60
-1.000000 2.800000 0.000000 0.0 0.0 1.0 194 155 116 0.950 4 60
-1.000000 2.900000 0.000000 0.0 0.0 1.0 194 155 116 0.950 4 60
-1.000000 3.000000 0.000000 0.0 0.0 1.0 194 155 116 0.950 4 60
-1.000000 3.100000 0.000000 0.0 0.0 1.0 194 155 116 0.950 4 60
-1.000000 3.200000 0.000000 0.0 0.0 1.0 194 155 116 0.950 4 60
-1.000000 3.300000 0.000000 0.0 0.0 1.0 194 155 116 0.950 4 60
-1.000000 3.400000 0.000000 0.0 0.0 1.0 194 155 116 0.950 4 60
-1.000000 3.500000 0.000000 0.0 0.0 1.0 194 155 116 0.950 4 60
-0.900000 0.000000 0.000000 0.0 0.0 1.0 194 155 116 0.950 4 60
-0.900000 0.100000 0.000000 0.0 0.0 1.0 194 155 116 0.950 4 60
-0.900000 0.200000 0.000000 0.0 0.0 1.0 194 155 116 0.950 4 60
-0.900000 0.300000 0.000000 0.0 0.0 1.0 194 155 116 0.950 4 60
-0.900000 0.400000 0.000000 0.0 0.0 1.0 194 155 116 0.950 4 60
-0.900000 0.500000 0.000000 0.0 0.0 1.0 194 155 116 0.950 4 60
-0.900000 0.600000 0.000000 0.0 0.0 1.0 194 155 116 0.950 4 60
-0.900000 0.700000 0.000000 0.0 0.0 1.0 194 155 116 0.950 4 60
-0.900000 0.800000 0.000000 0.0 0.0 1.0 194 155 116 0.950 4 60
-0.900000 0.900000 0.000000 0.0 0.0 1.0 194 155 116 0.950 4 60
-0.900000 1.000000 0.000000 0.0 0.0 1.0 194 155 116 0.950 4 60
-0.900000 1.100000 0.000000 0.0 0.0 1.0 194 155 116 0.950 4 60
-0.900000 1.200000 0.000000 0.0 0.0 1.0 194 155 116 0.950 4 60
-0.900000 1.300000 0.000000 0.0 0.0 1.0 194 155 116 0.950 4 60
-0.900000 1.400000 0.000000 0.0 0.0 1.0 194 155 116 0.950 4 60
-0.900000 1.500000 0.000000 0.0 0.0 1.0 194 155 116 0.950 4 60
-0.900000 1.600000 0.000000 0.0 0.0 1.0 194 155 116 0.950 4 60
-0.900000 1.700000 0.000000 0.0 0.0 1.0 194 155 116 0.950 4 60
-0.900000 1.800000 0.000000 0.0 0.0 1.0 194 155 116 0.950 4 60
-0.900000 1.900000 0.000000 0.0 0.0 1.0 194 155 116 0.950 4 60
-0.900000 2.000000 0.000000 0.0 0.0 1.0 194 155 116 0.950 4 60
-0.900000 2.100000 0.000000 0.0 0.0 1.0 194 155 116 0.950 4 60
-0.900000 2.200000 0.000000 0.0 0.0 1.0 194 155 116 0.950 4 60
-0.900000 2.300000 0.000000 0.0 0.0 1.0 194 155 116 0.950 4 60
-0.900000 2.400000 0.000000 0.0 0.0 1.0 194 155 116 0.950 4 60
-0.900000 2.500000 0.000000 0.0 0.0 1.0 194 155 116 0.950 4 60
-0.900000 2.600000 0.000000 0.0 0.0 1.0 194 155 116 0.950 4 60
-0.900000 2.700000 0.000000 0.0 0.0 1.0 194 155 116 0.950 4 60
-0.900000 2.800000 0.000000 0.0 0.0 1.0 194 155 116 0.950 4 60
-0.900000 2.900000 0.000000 0.0 0.0 1.0 194 155 116 0.950 4 60
-0.900000 3.000000 0.000000 0.0 0.0 1.0 194 155 116 0.950 4 60
-0.900000 3.100000 0.000000 0.0 0.0 1.0 194 155 116 0.950 4 60
-0.900000 3.200000 0.000000 0.0 0.0 1.0 194 155 116 0.950 4 60
-0.900000 3.300000 0.000000 0.0 0.0 1.0 194 155 116 0.950 4 60
-0.900000 3.400000 0.000000 0.0 0.0 1.0 194 155 116 0.950 4 60
-0.900000 3.500000 0.000000 0.0 0.0 1.0 194 155 116 0.950 4 60
-0.800000 0.000000 0.000000 0.0 0.0 1.0 194 155 116 0.950 4 60
-0.800000 0.100000 0.000000 0.0 0.0 1.0 194 155 116 0.950 4 60
-0.800000 0.200000 0.000000 0.0 0.0 1.0 194 155 116 0.950 4 60
-0.800000 0.300000 0.000000 0.0 0.0 1.0 194 155 116 0.950 4 60
-0.800000 0.400000 0.000000 0.0 0.0 1.0 194 155 116 0.950 4 60
-0.800000 0.500000 0.000000 0.0 0.0 1.0 194 155 116 0.950 4 60
-0.800000 0.600000 0.000000 0.0 0.0 1.0 194 155 116 0.950 4 60
-0.800000 0.700000 0.000000 0.0 0.0 1.0 194 155 116 0.950 4 60
-0.800000 0.800000 0.000000 0.0 0.0 1.0 194 155 116 0.950 4 60
-0.800000 0.900000 0.000000 0.0 0.0 1.0 194 155 116 0.950 4 60
-0.800000 1.000000 0.000000 0.0 0.0 1.0 194 155 116 0.950 4 60
-0.800000 1.100000 0.000000 0.0 0.0 1.0 194 155 116 0.950 4 60
-0.800000 1.200000 0.000000 0.0 0.0 1.0 194 155 116 0.950 4 60
-0.800000 1.300000 0.000000 0.0 0.0 1.0 194 155 116 0.950 4 60
-0.800000 1.400000 0.000000 0.0 0.0 1.0 194 155 116 0.950 4 60
-0.800000 1.500000 0.000000 0.0 0.0 1.0 194 155 116 0.950 4 60
-0.800000 1.600000 0.000000 0.0 0.0 1.0 194 155 116 0.950 4 60
-0.800000 1.700000 0.000000 0.0 0.0 1.0 194 155 116 0.950 4 60
-0.800000 1.800000 0.000000 0.0 0.0 1.0 194 155 116 0.950 4 60
-0.800000 1.900000 0.000000 0.0 0.0 1.0 194 155 116 0.950 4 60
-0.800000 2.000000 0.000000 0.0 0.0 1.0 194 155 116 0.950 4 60
-0.800000 2.100000 0.000000 0.0 0.0 1.0 194 155 116 0.950 4 60
-0.800000 2.200000 0.000000 0.0 0.0 1.0 194 155 116 0.950 4 60
-0.800000 2.300000 0.000000 0.0 0.0 1.0 194 155 116 0.950 4 60
-0.800000 2.400000 0.000000 0.0 0.0 1.0 194 155 116 0.950 4 60
-0.800000 2.500000 0.000000 0.0 0.0 1.0 194 155 116 0.950 4 60
-0.800000 2.600000 0.000000 0.0 0.0 1.0 194 155 116 0.950 4 60
-0.800000 2.700000 0.000000 0.0 0.0 1.0 194 155 116 0.950 4 60
-0.800000 2.800000 0.000000 0.0 0.0 1.0 194 155 116 0.950 4 60
-0.800000 2.900000 0.000000 0.0 0.0 1.0 194 155 116 0.950 4 60
-0.800000 3.000000 0.000000 0.0 0.0 1.0 194 155 116 0.950 4 60
-0.800000 3.100000 0.000000 0.0 0.0 1.0 194 155 116 0.950 4 60
-0.800000 3.200000 0.000000 0.0 0.0 1.0 194 155 116 0.950 4 60
-0.800000 3.300000 0.000000 0.0 0.0 1.0 194 155 116 0.950 4 60
-0.800000 3.400000 0.000000 0.0 0.0 1.0 194 155 116 0.950 4 60
-0.800000 3.500000 0.000000 0.0 0.0 1.0 194 155 116 0.950 4 60
-0.700000 0.000000 0.000000 0.0 0.0 1.0 194 155 116 0.950 4 60
-0.700000 0.100000 0.000000 0.0 0.0 1.0 194 155 116 0.950 4 60
-0.700000 0.200000 0.000000 0.0 0.0 1.0 194 155 116 0.950 4 60
-0.700000 0.300000 0.000000 0.0 0.0 1.0 194 155 116 0.950 4 60
-0.700000 0.400000 0.000000 0.0 0.0 1.0 194 155 116 0.950 4 60
-0.700000 0.500000 0.000000 0.0 0.0 1.0 194 155 116 0.950 4 60
-0.700000 0.600000 0.000000 0.0 0.0 1.0 194 155 116 0.950 4 60
-0.700000 0.700000 0.000000 0.0 0.0 1.0 194 155 116 0.950 4 60
-0.700000 0.800000 0.000000 0.0 0.0 1.0 194 155 116 0.950 4 60
-0.700000 0.900000 0.000000 0.0 0.0 1.0 194 155 116 0.950 4 60
-0.700000 1.000000 0.000000 0.0 0.0 1.0 194 155 116 0.950 4 60
-0.700000 1.100000 0.000000 0.0 0.0 1.0 194 155 116 0.950 4 60
-0.700000 1.200000 0.000000 0.0 0.0 1.0 194 155 116 0.950 4 60
-0.700000 1.300000 0.000000 0.0 0.0 1.0 194 155 116 0.950 4 60
-0.700000 1.400000 0.000000 0.0 0.0 1.0 194 155 116 0.950 4 60
-0.700000 1.500000 0.000000 0.0 0.0 1.0 194 155 116 0.950 4 60
-0.700000 1.600000 0.000000 0.0 0.0 1.0 194 155 116 0.950 4 60
-0.700000 1.700000 0.000000 0.0 0.0 1.0 194 155 116 0.950 4 60
-0.700000 1.800000 0.000000 0.0 0.0 1.0 194 155 116 0.950 4 60
-0.700000 1.900000 0.000000 0.0 0.0 1.0 194 155 116 0.950 4 60
-0.700000 2.000000 0.000000 0.0 0.0 1.0 194 155 116 0.950 4 60
-0.700000 2.100000 0.000000 0.0 0.0 1.0 194 155 116 0.950 4 60
-0.700000 2.200000 0.000000 0.0 0.0 1.0 194 155 116 0.950 4 60
-0.700000 2.300000 0.000000 0.0 0.0 1.0 194 155 116 0.950 4 60
-0.700000 2.400000 0.000000 0.0 0.0 1.0 194 155 116 0.950 4 60
-0.700000 2.500000 0.000000 0.0 0.0 1.0 194 155 116 0.950 4 60
-0.700000 2.600000 0.000000 0.0 0.0 1.0 194 155 116 0.950 4 60
-0.700000 2.700000 0.000000 0.0 0.0 1.0 194 155 116 0.950 4 60
-0.700000 2.800000 0.000000 0.0 0.0 1.0 194 155 116 0.950 4 60
-0.700000 2.900000 0.000000 0.0 0.0 1.0 194 155 116 0.950 4 60
-0.700000 3.000000 0.000000 0.0 0.0 1.0 194 155 116 0.950 4 60
-0.700000 3.100000 0.000000 0.0 0.0 1.0 194 155 116 0.950 4 60
-0.700000 3.200000 0.000000 0.0 0.0 1.0 194 155 116 0.950 4 60
-0.700000 3.300000 0.000000 0.0 0.0 1.0 194 155 116 0.950 4 60
-0.700000 3.400000 0.000000 0.0 0.0 1.0 194 155 116 0.950 4 60
-0.700000 3.500000 0.000000 0.0 0.0 1.0 194 155 116 0.950 4 60
-0.600000 0.000000 0.000000 0.0 0.0 1.0 194 155 116 0.950 4 60
-0.600000 0.100000 0.000000 0.0 0.0 1.0 194 155 116 0.950 4 60
-0.600000 0.200000 0.000000 0.0 0.0 1.0 194 155 116 0.950 4 60
-0.600000 0.300000 0.000000 0.0 0.0 1.0 194 155 116 0.950 4 60
-0.600000 0.400000 0.000000 0.0 0.0 1.0 194 155 116 0.950 4 60
-0.600000 0.500000 0.000000 0.0 0.0 1.0 194 155 116 0.950 4 60
-0.600000 0.600000 0.000000 0.0 0.0 1.0 194 155 116 0.950 4 60
-0.600000 0.700000 0.000000 0.0 0.0 1.0 194 155 116 0.950 4 60
-0.600000 0.800000 0.000000 0.0 0.0 1.0 194 155 116 0.950 4 60
-0.600000 0.900000 0.000000 0.0 0.0 1.0 194 155 116 0.950 4 60
-0.600000 1.000000 0.000000 0.0 0.0 1.0 194 155 116 0.950 4 60
-0.600000 1.100000 0.000000 0.0 0.0 1.0 194 155 116 0.950 4 60
-0.600000 1.200000 0.000000 0.0 0.0 1.0 194 155 116 0.950 4 60
-0.600000 1.300000 0.000000 0.0 0.0 1.0 194 155 116 0.950 4 60
-0.600000 1.400000 0.000000 0.0 0.0 1.0 194 155 116 0.950 4 60
-0.600000 1.500000 0.000000 0.0 0.0 1.0 194 155 116 0.950 4 60
-0.600000 1.600000 0.000000 0.0 0.0 1.0 194 155 116 0.950 4 60
-0.600000 1.700000 0.000000 0.0 0.0 1.0 194 155 116 0.950 4 60
-0.600000 1.800000 0.000000 0.0 0.0 1.0 194 155 116 0.950 4 60
-0.600000 1.900000 0.000000 0.0 0.0 1.0 194 155 116 0.950 4 60
-0.600000 2.000000 0.000000 0.0 0.0 1.0 194 155 116 0.950 4 60
-0.600000 2.100000 0.000000 0.0 0.0 1.0 194 155 116 0.950 4 60
-0.600000 2.200000 0.000000 0.0 0.0 1.0 194 155 116 0.950 4 60
-0.600000 2.300000 0.000000 0.0 0.0 1.0 194 155 116 0.950 4 60
-0.600000 2.400000 0.000000 0.0 0.0 1.0 194 155 116 0.950 4 60
-0.600000 2.500000 0.000000 0.0 0.0 1.0 194 155 116 0.950 4 60
-0.600000 2.600000 0.000000 0.0 0.0 1.0 194 155 116 0.950 4 60
-0.600000 2.700000 0.000000 0.0 0.0 1.0 194 155 116 0.950 4 60
-0.600000 2.800000 0.000000 0.0 0.0 1.0 194 155 116 0.950 4 60
-0.600000 2.900000 0.000000 0.0 0.0 1.0 194 155 116 0.950 4 60
-0.600000 3.000000 0.000000 0.0 0.0 1.0 194 155 116 0.950 4 60
-0.600000 3.100000 0.000000 0.0 0.0 1.0 194 155 116 0.950 4 60
-0.600000 3.200000 0.000000 0.0 0.0 1.0 194 155 116 0.950 4 60
-0.600000 3.300000 0.000000 0.0 0.0 1.0 194 155 116 0.950 4 60
-0.600000 3.400000 0.000000 0.0 0.0 1.0 194 155 116 0.950 4 60
-0.600000 3.500000 0.000000 0.0 0.0 1.0 194 155 116 0.950 4 60
-0.500000 0.000000 0.000000 0.0 0.0 1.0 194 155 116 0.950 4 60
-0.500000 0.100000 0.000000 0.0 0.0 1.0 194 155 116 0.950 4 60
-0.500000 0.200000 0.000000 0.0 0.0 1.0 194 155 116 0.950 4 60
-0.500000 0.300000 0.000000 0.0 0.0 1.0 194 155 116 0.950 4 60
-0.500000 0.400000 0.000000 0.0 0.0 1.0 194 155 116 0.950 4 60
-0.500000 0.500000 0.000000 0.0 0.0 1.0 194 155 116 0.950 4 60
-0.500000 0.600000 0.000000 0.0 0.0 1.0 194 155 116 0.950 4 60
-0.500000 0.700000 0.000000 0.0 0.0 1.0 194 155 116 0.950 4 60
-0.500000 0.800000 0.000000 0.0 0.0 1.0 194 155 116 0.950 4 60
-0.500000 0.900000 0.000000 0.0 0.0 1.0 194 155 116 0.950 4 60
-0.500000 1.000000 0.000000 0.0 0.0 1.0 194 155 116 0.950 4 60
-0.500000 1.100000 0.000000 0.0 0.0 1.0 194 155 116 0.950 4 60
-0.500000 1.200000 0.000000 0.0 0.0 1.0 194 155 116 0.950 4 60
-0.500000 1.300000 0.000000 0.0 0.0 1.0 194 155 116 0.950 4 60
-0.500000 1.400000 0.000000 0.0 0.0 1.0 194 155 116 0.950 4 60
-0.500000 1.500000 0.000000 0.0 0.0 1.0 194 155 116 0.950 4 60
-0.500000 1.600000 0.000000 0.0 0.0 1.0 194 155 116 0.950 4 60
-0.500000 1.700000 0.000000 0.0 0.0 1.0 194 155 116 0.950 4 60
-0.500000 1.800000 0.000000 0.0 0.0 1.0 194 155 116 0.950 4 60
-0.500000 1.900000 0.000000 0.0 0.0 1.0 194 155 116 0.950 4 60
-0.500000 2.000000 0.000000 0.0 0.0 1.0 194 155 116 0.950 4 60
-0.500000 2.100000 0.000000 0.0 0.0 1.0 194 155 116 0.950 4 60
-0.500000 2.200000 0.000000 0.0 0.0 1.0 194 155 116 0.950 4 60
-0.500000 2.300000 0.000000 0.0 0.0 1.0 194 155 116 0.950 4 60
-0.500000 2.400000 0.000000 0.0 0.0 1.0 194 155 116 0.950 4 60
-0.500000 2.500000 0.000000 0.0 0.0 1.0 194 155 116 0.950 4 60
-0.500000 2.600000 0.000000 0.0 0.0 1.0 194 155 116 0.950 4 60
-0.500000 2.700000 0.000000 0.0 0.0 1.0 194 155 116 0.950 4 60
-0.500000 2.800000 0.000000 0.0 0.0 1.0 194 155 116 0.950 4 60
-0.500000 2.900000 0.000000 0.0 0.0 1.0 194 155 116 0.950 4 60
-0.500000 3.000000 0.000000 0.0 0.0 1.0 194 155 116 0.950 4 60
-0.500000 3.100000 0.000000 0.0 0.0 1.0 194 155 116 0.950 4 60
-0.500000 3.200000 0.000000 0.0 0.0 1.0 194 155 116 0.950 4 60
-0.500000 3.300000 0.000000 0.0 0.0 1.0 194 155 116 0.950 4 60
-0.500000 3.400000 0.000000 0.0 0.0 1.0 194 155 116 0.950 4 60
-0.500000 3.500000 0.000000 0.0 0.0 1.0 194 155 116 0.950 4 60
-0.400000 0.000000 0.000000 0.0 0.0 1.0 194 155 116 0.950 4 60
-0.400000 0.100000 0.000000 0.0 0.0 1.0 194 155 116 0.950 4 60
-0.400000 0.200000 0.000000 0.0 0.0 1.0 194 155 116 0.950 4 60
-0.400000 0.300000 0.000000 0.0 0.0 1.0 194 155 116 0.950 4 60
-0.400000 0.400000 0.000000 0.0 0.0 1.0 194 155 116 0.950 4 60
-0.400000 0.500000 0.000000 0.0 0.0 1.0 194 155 116 0.950 4 60
-0.400000 0.600000 0.000000 0.0 0.0 1.0 194 155 116 0.950 4 60
-0.400000 0.700000 0.000000 0.0 0.0 1.0 194 155 116 0.950 4 60
-0.400000 0.800000 0.000000 0.0 0.0 1.0 194 155 116 0.950 4 60
-0.400000 0.900000 0.000000 0.0 0.0 1.0 194 155 116 0.950 4 60
-0.400000 1.000000 0.000000 0.0 0.0 1.0 194 155 116 0.950 4 60
-0.400000 1.100000 0.000000 0.0 0.0 1.0 194 155 116 0.950 4 60
-0.400000 1.200000 0.000000 0.0 0.0 1.0 194 155 116 0.950 4 60
-0.400000 1.300000 0.000000 0.0 0.0 1.0 194 155 116 0.950 4 60
-0.400000 1.400000 0.000000 0.0 0.0 1.0 194 155 116 0.950 4 60
-0.400000 1.500000 0.000000 0.0 0.0 1.0 194 155 116 0.950 4 60
-0.400000 1.600000 0.000000 0.0 0.0 1.0 194 155 116 0.950 4 60
-0.400000 1.700000 0.000000 0.0 0.0 1.0 194 155 116 0.950 4 60
-0.400000 1.800000 0.000000 0.0 0.0 1.0 194 155 116 0.950 4 60
-0.400000 1.900000 0.000000 0.0 0.0 1.0 194 155 116 0.950 4 60
-0.400000 2.000000 0.000000 0.0 0.0 1.0 194 155 116 0.950 4 60
-0.400000 2.100000 0.000000 0.0 0.0 1.0 194 155 116 0.950 4 60
-0.400000 2.200000 0.000000 0.0 0.0 1.0 194 155 116 0.950 4 60
-0.400000 2.300000 0.000000 0.0 0.0 1.0 194 155 116 0.950 4 60
-0.400000 2.400000 0.000000 0.0 0.0 1.0 194 155 116 0.950 4 60
-0.400000 2.500000 0.000000 0.0 0.0 1.0 194 155 116 0.950 4 60
-0.400000 2.600000 0.000000 0.0 0.0 1.0 194 155 116 0.950 4 60
-0.400000 2.700000 0.000000 0.0 0.0 1.0 194 155 116 0.950 4 60
-0.400000 2.800000 0.000000 0.0 0.0 1.0 194 155 116 0.950 4 60
-0.400000 2.900000 0.000000 0.0 0.0 1.0 194 155 116 0.950 4 60
-0.400000 3.000000 0.000000 0.0 0.0 1.0 194 155 116 0.950 4 60
-0.400000 3.100000 0.000000 0.0 0.0 1.0 194 155 116 0.950 4 60
-0.400000 3.200000 0.000000 0.0 0.0 1.0 194 155 116 0.950 4 60
-0.400000 3.300000 0.000000 0.0 0.0 1.0 194 155 116 0.950 4 60
-0.400000 3.400000 0.000000 0.0 0.0 1.0 194 155 116 0.950 4 60
-0.400000 3.500000 0.000000 0.0 0.0 1.0 194 155 116 0.950 4 60
-0.300000 0.000000 0.000000 0.0 0.0 1.0 194 155 116 0.950 4 60
-0.300000 0.100000 0.000000 0.0 0.0 1.0 194 155 116 0.950 4 60
-0.300000 0.200000 0.000000 0.0 0.0 1.0 194 155 116 0.950 4 60
-0.300000 0.300000 0.000000 0.0 0.0 1.0 194 155 116 0.950 4 60
-0.300000 0.400000 0.000000 0.0 0.0 1.0 194 155 116 0.950 4 60
-0.300000 0.500000 0.000000 0.0 0.0 1.0 194 155 116 0.950 4 60
-0.300000 0.600000 0.000000 0.0 0.0 1.0 194 155 116 0.950 4 60
-0.300000 0.700000 0.000000 0.0 0.0 1.0 194 155 116 0.950 4 60
-0.300000 0.800000 0.000000 0.0 0.0 1.0 194 155 116 0.950 4 60
-0.300000 0.900000 0.000000 0.0 0.0 1.0 194 155 116 0.950 4 60
-0.300000 1.000000 0.000000 0.0 0.0 1.0 194 155 116 0.950 4 60
-0.300000 1.100000 0.000000 0.0 0.0 1.0 194 155 116 0.950 4 60
-0.300000 1.200000 0.000000 0.0 0.0 1.0 194 155 116 0.950 4 60
-0.300000 1.300000 0.000000 0.0 0.0 1.0 194 155 116 0.950 4 60
-0.300000 1.400000 0.000000 0.0 0.0 1.0 194 155 116 0.950 4 60
-0.300000 1.500000 0.000000 0.0 0.0 1.0 194 155 116 0.950 4 60
-0.300000 1.600000 0.000000 0.0 0.0 1.0 194 155 116 0.950 4 60
-0.300000 1.700000 0.000000 0.0 0.0 1.0 194 155 116 0.950 4 60
-0.300000 1.800000 0.000000 0.0 0.0 1.0 194 155 116 0.950 4 60
-0.300000 1.900000 0.000000 0.0 0.0 1.0 194 155 116 0.950 4 60
-0.300000 2.000000 0.000000 0.0 0.0 1.0 194 155 116 0.950 4 60
-0.300000 2.100000 0.000000 0.0 0.0 1.0 194 155 116 0.950 4 60
-0.300000 2.200000 0.000000 0.0 0.0 1.0 194 155 116 0.950 4 60
-0.300000 2.300000 0.000000 0.0 0.0 1.0 194 155 116 0.950 4 60
-0.300000 2.400000 0.000000 0.0 0.0 1.0 194 155 116 0.950 4 60
-0.300000 2.500000 0.000000 0.0 0.0 1.0 194 155 116 0.950 4 60
-0.300000 2.600000 0.000000 0.0 0.0 1.0 194 155 116 0.950 4 60
-0.300000 2.700000 0.000000 0.0 0.0 1.0 194 155 116 0.950 4 60
-0.300000 2.800000 0.000000 0.0 0.0 1.0 194 155 116 0.950 4 60
-0.300000 2.900000 0.000000 0.0 0.0 1.0 194 155 116 0.950 4 60
-0.300000 3.000000 0.000000 0.0 0.0 1.0 194 155 116 0.950 4 60
-0.300000 3.100000 0.000000 0.0 0.0 1.0 194 155 116 0.950 4 60
-0.300000 3.200000 0.000000 0.0 0.0 1.0 194 155 116 0.950 4 60
-0.300000 3.300000 0.000000 0.0 0.0 1.0 194 155 116 0.950 4 60
-0.300000 3.400000 0.000000 0.0 0.0 1.0 194 155 116 0.950 4 60
-0.300000 3.500000 0.000000 0.0 0.0 1.0 194 155 116 0.950 4 60
-0.200000 0.000000 0.000000 0.0 0.0 1.0 194 155 116 0.950 4 60
-0.200000 0.100000 0.000000 0.0 0.0 1.0 194 155 116 0.950 4 60
-0.200000 0.200000 0.000000 0.0 0.0 1.0 194 155 116 0.950 4 60
-0.200000 0.300000 0.000000 0.0 0.0 1.0 194 155 116 0.950 4 60
-0.200000 0.400000 0.000000 0.0 0.0 1.0 194 155 116 0.950 4 60
-0.200000 0.500000 0.000000 0.0 0.0 1.0 194 155 116 0.950 4 60
-0.200000 0.600000 0.000000 0.0 0.0 1.0 194 155 116 0.950 4 60
-0.200000 0.700000 0.000000 0.0 0.0 1.0 194 155 116 0.950 4 60
-0.200000 0.800000 0.000000 0.0 0.0 1.0 194 155 116 0.950 4 60
-0.200000 0.900000 0.000000 0.0 0.0 1.0 194 155 116 0.950 4 60
-0.200000 1.000000 0.000000 0.0 0.0 1.0 194 155 116 0.950 4 60
-0.200000 1.100000 0.000000 0.0 0.0 1.0 194 155 116 0.950 4 60
-0.200000 1.200000 0.000000 0.0 0.0 1.0 194 155 116 0.950 4 60
-0.200000 1.300000 0.000000 0.0 0.0 1.0 194 155 116 0.950 4 60
-0.200000 1.400000 0.000000 0.0 0.0 1.0 194 155 116 0.950 4 60
-0.200000 1.500000 0.000000 0.0 0.0 1.0 194 155 116 0.950 4 60
-0.200000 1.600000 0.000000 0.0 0.0 1.0 194 155 116 0.950 4 60
-0.200000 1.700000 0.000000 0.0 0.0 1.0 194 155 116 0.950 4 60
-0.200000 1.800000 0.000000 0.0 0.0 1.0 194 155 116 0.950 4 60
-0.200000 1.900000 0.000000 0.0 0.0 1.0 194 155 116 0.950 4 60
-0.200000 2.000000 0.000000 0.0 0.0 1.0 194 155 116 0.950 4 60
-0.200000 2.100000 0.000000 0.0 0.0 1.0 194 155 116 0.950 4 60
-0.200000 2.200000 0.000000 0.0 0.0 1.0 194 155 116 0.950 4 60
-0.200000 2.300000 0.000000 0.0 0.0 1.0 194 155 116 0.950 4 60
-0.200000 2.400000 0.000000 0.0 0.0 1.0 194 155 116 0.950 4 60
-0.200000 2.500000 0.000000 0.0 0.0 1.0 194 155 116 0.950 4 60
-0.200000 2.600000 0.000000 0.0 0.0 1.0 194 155 116 0.950 4 60
-0.200000 2.700000 0.000000 0.0 0.0 1.0 194 155 116 0.950 4 60
-0.200000 2.800000 0.000000 0.0 0.0 1.0 194 155 116 0.950 4 60
-0.200000 2.900000 0.000000 0.0 0.0 1.0 194 155 116 0.950 4 60
-0.200000 3.000000 0.000000 0.0 0.0 1.0 194 155 116 0.950 4 60
-0.200000 3.100000 0.000000 0.0 0.0 1.0 194 155 116 0.950 4 60
-0.200000 3.200000 0.000000 0.0 0.0 1.0 194 155 116 0.950 4 60
-0.200000 3.300000 0.000000 0.0 0.0 1.0 194 155 116 0.950 4 60
-0.200000 3.400000 0.000000 0.0 0.0 1.0 194 155 116 0.950 4 60
-0.200000 3.500000 0.000000 0.0 0.0 1.0 194 155 116 0.950 4 60
-0.100000 0.000000 0.000000 0.0 0.0 1.0 194 155 116 0.950 4 60
-0.100000 0.100000 0.000000 0.0 0.0 1.0 194 155 116 0.950 4 60
-0.100000 0.200000 0.000000 0.0 0.0 1.0 194 155 116 0.950 4 60
-0.100000 0.300000 0.000000 0.0 0.0 1.0 194 155 116 0.950 4 60
-0.100000 0.400000 0.000000 0.0 0.0 1.0 194 155 116 0.950 4 60
-0.100000 0.500000 0.000000 0.0 0.0 1.0 194 155 116 0.950 4 60
-0.100000 0.600000 0.000000 0.0 0.0 1.0 194 155 116 0.950 4 60
-0.100000 0.700000 0.000000 0.0 0.0 1.0 194 155 116 0.950 4 60
-0.100000 0.800000 0.000000 0.0 0.0 1.0 194 155 116 0.950 4 60
-0.100000 0.900000 0.000000 0.0 0.0 1.0 194 155 116 0.950 4 60
-0.100000 1.000000 0.000000 0.0 0.0 1.0 194 155 116 0.950 4 60
-0.100000 1.100000 0.000000 0.0 0.0 1.0 194 155 116 0.950 4 60
-0.100000 1.200000 0.000000 0.0 0.0 1.0 194 155 116 0.950 4 60
-0.100000 1.300000 0.000000 0.0 0.0 1.0 194 155 116 0.950 4 60
-0.100000 1.400000 0.000000 0.0 0.0 1.0 194 155 116 0.950 4 60
-0.100000 1.500000 0.000000 0.0 0.0 1.0 194 155 116 0.950 4 60
-0.100000 1.600000 0.000000 0.0 0.0 1.0 194 155 116 0.950 4 60
-0.100000 1.700000 0.000000 0.0 0.0 1.0 194 155 116 0.950 4 60
-0.100000 1.800000 0.000000 0.0 0.0 1.0 194 155 116 0.950 4 60
-0.100000 1.900000 0.000000 0.0 0.0 1.0 194 155 116 0.950 4 60
-0.100000 2.000000 0.000000 0.0 0.0 1.0 194 155 116 0.950 4 60
-0.100000 2.100000 0.000000 0.0 0.0 1.0 194 155 116 0.950 4 60
-0.100000 2.200000 0.000000 0.0 0.0 1.0 194 155 116 0.950 4 60
-0.100000 2.300000 0.000000 0.0 0.0 1.0 194 155 116 0.950 4 60
-0.100000 2.400000 0.000000 0.0 0.0 1.0 194 155 116 0.950 4 60
-0.100000 2.500000 0.000000 0.0 0.0 1.0 194 155 116 0.950 4 60
-0.100000 2.600000 0.000000 0.0 0.0 1.0 194 155 116 0.950 4 60
-0.100000 2.700000 0.000000 0.0 0.0 1.0 194 155 116 0.950 4 60
-0.100000 2.800000 0.000000 0.0 0.0 1.0 194 155 116 0.950 4 60
-0.100000 2.900000 0.000000 0.0 0.0 1.0 194 155 116 0.950 4 60
-0.100000 3.000000 0.000000 0.0 0.0 1.0 194 155 116 0.950 4 60
-0.100000 3.100000 0.000000 0.0 0.0 1.0 194 155 116 0.950 4 60
-0.100000 3.200000 0.000000 0.0 0.0 1.0 194 155 116 0.950 4 60
-0.100000 3.300000 0.000000 0.0 0.0 1.0 194 155 116 0.950 4 60
-0.100000 3.400000 0.000000 0.0 0.0 1.0 194 155 116 0.950 4 60
-0.100000 3.500000 0.000000 0.0 0.0 1.0 194 155 116 0.950 4 60
0.000000 0.000000 0.000000 0.0 0.0 1.0 194 155 116 0.950 4 60
0.000000 0.100000 0.000000 0.0 0.0 1.0 194 155 116 0.950 4 60
0.000000 0.200000 0.000000 0.0 0.0 1.0 194 155 116 0.950 4 60
0.000000 0.300000 0.000000 0.0 0.0 1.0 194 155 116 0.950 4 60
0.000000 0.400000 0.000000 0.0 0.0 1.0 194 155 116 0.950 4 60
0.000000 0.500000 0.000000 0.0 0.0 1.0 194 155 116 0.950 4 60
0.000000 0.600000 0.000000 0.0 0.0 1.0 194 155 116 0.950 4 60
0.000000 0.700000 0.000000 0.0 0.0 1.0 194 155 116 0.950 4 60
0.000000 0.800000 0.000000 0.0 0.0 1.0 194 155 116 0.950 4 60
0.000000 0.900000 0.000000 0.0 0.0 1.0 194 155 116 0.950 4 60
0.000000 1.000000 0.000000 0.0 0.0 1.0 194 155 116 0.950 4 60
0.000000 1.100000 0.000000 0.0 0.0 1.0 194 155 116 0.950 4 60
0.000000 1.200000 0.000000 0.0 0.0 1.0 194 155 116 0.950 4 60
0.000000 1.300000 0.000000 0.0 0.0 1.0 194 155 116 0.950 4 60
0.000000 1.400000 0.000000 0.0 0.0 1.0 194 155 116 0.950 4 60
0.000000 1.500000 0.000000 0.0 0.0 1.0 194 155 116 0.950 4 60
0.000000 1.600000 0.000000 0.0 0.0 1.0 194 155 116 0.950 4 60
0.000000 1.700000 0.000000 0.0 0.0 1.0 194 155 116 0.950 4 60
0.000000 1.800000 0.000000 0.0 0.0 1.0 194 155 116 0.950 4 60
0.000000 1.900000 0.000000 0.0 0.0 1.0 194 155 116 0.950 4 60
0.000000 2.000000 0.000000 0.0 0.0 1.0 194 155 116 0.950 4 60
0.000000 2.100000 0.000000 0.0 0.0 1.0 194 155 116 0.950 4 60
0.000000 2.200000 0.000000 0.0 0.0 1.0 194 155 116 0.950 4 60
0.000000 2.300000 0.000000 0.0 0.0 1.0 194 155 116 0.950 4 60
0.000000 2.400000 0.000000 0.0 0.0 1.0 194 155 116 0.950 4 60
0.000000 2.500000 0.000000 0.0 0.0 1.0 194 155 116 0.950 4 60
0.000000 2.600000 0.000000 0.0 0.0 1.0 194 155 116 0.950 4 60
0.000000 2.700000 0.000000 0.0 0.0 1.0 194 155 116 0.950 4 60
0.000000 2.800000 0.000000 0.0 0.0 1.0 194 155 116 0.950 4 60
0.000000 2.900000 0.000000 0.0 0.0 1.0 194 155 116 0.950 4 60
0.000000 3.000000 0.000000 0.0 0.0 1.0 194 155 116 0.950 4 60
0.000000 3.100000 0.000000 0.0 0.0 1.0 194 155 116 0.950 4 60
0.000000 3.200000 0.000000 0.0 0.0 1.0 194 155 116 0.950 4 60
0.000000 3.300000 0.000000 0.0 0.0 1.0 194 155 116 0.950 4 60
0.000000 3.400000 0.000000 0.0 0.0 1.0 194 155 116 0.950 4 60
0.000000 3.500000 0.000000 0.0 0.0 1.0 194 155 116 0.950 4 60
0.100000 0.000000 0.000000 0.0 0.0 1.0 194 155 116 0.950 4 60
0.100000 0.100000 0.000000 0.0 0.0 1.0 194 155 116 0.950 4 60
0.100000 0.200000 0.000000 0.0 0.0 1.0 194 155 116 0.950 4 60
0.100000 0.300000 0.000000 0.0 0.0 1.0 194 155 116 0.950 4 60
0.100000 0.400000 0.000000 0.0 0.0 1.0 194 155 116 0.950 4 60
0.100000 0.500000 0.000000 0.0 0.0 1.0 194 155 116 0.950 4 60
0.100000 0.600000 0.000000 0.0 0.0 1.0 194 155 116 0.950 4 60
0.100000 0.700000 0.000000 0.0 0.0 1.0 194 155 116 0.950 4 60
0.100000 0.800000 0.000000 0.0 0.0 1.0 194 155 116 0.950 4 60
0.100000 0.900000 0.000000 0.0 0.0 1.0 194 155 116 0.950 4 60
0.100000 1.000000 0.000000 0.0 0.0 1.0 194 155 116 0.950 4 60
0.100000 1.100000 0.000000 0.0 0.0 1.0 194 155 116 0.950 4 60
0.100000 1.200000 0.000000 0.0 0.0 1.0 194 155 116 0.950 4 60
0.100000 1.300000 0.000000 0.0 0.0 1.0 194 155 116 0.950 4 60
0.100000 1.400000 0.000000 0.0 0.0 1.0 194 155 116 0.950 4 60
0.100000 1.500000 0.000000 0.0 0.0 1.0 194 155 116 0.950 4 60
0.100000 1.600000 0.000000 0.0 0.0 1.0 194 155 116 0.950 4 60
0.100000 1.700000 0.000000 0.0 0.0 1.0 194 155 116 0.950 4 60
0.100000 1.800000 0.000000 0.0 0.0 1.0 194 155 116 0.950 4 60
0.100000 1.900000 0.000000 0.0 0.0 1.0 194 155 116 0.950 4 60
0.100000 2.000000 0.000000 0.0 0.0 1.0 194 155 116 0.950 4 60
0.100000 2.100000 0.000000 0.0 0.0 1.0 194 155 116 0.950 4 60
0.100000 2.200000 0.000000 0.0 0.0 1.0 194 155 116 0.950 4 60
0.100000 2.300000 0.000000 0.0 0.0 1.0 194 155 116 0.950 4 60
0.100000 2.400000 0.000000 0.0 0.0 1.0 194 155 116 0.950 4 60
0.100000 2.500000 0.000000 0.0 0.0 1.0 194 155 116 0.950 4 60
0.100000 2.600000 0.000000 0.0 0.0 1.0 194 155 116 0.950 4 60
0.100000 2.700000 0.000000 0.0 0.0 1.0 194 155 116 0.950 4 60
0.100000 2.800000 0.000000 0.0 0.0 1.0 194 155 116 0.950 4 60
0.100000 2.900000 0.000000 0.0 0.0 1.0 194 155 116 0.950 4 60
0.100000 3.000000 0.000000 0.0 0.0 1.0 194 155 116 0.950 4 60
0.100000 3.100000 0.000000 0.0 0.0 1.0 194 155 116 0.950 4 60
0.100000 3.200000 0.000000 0.0 0.0 1.0 194 155 116 0.950 4 60
0.100000 3.300000 0.000000 0.0 0.0 1.0 194 155 116 0.950 4 60
0.100000 3.400000 0.000000 0.0 0.0 1.0 194 155 116 0.950 4 60
0.100000 3.500000 0.000000 0.0 0.0 1.0 194 155 116 0.950 4 60
0.200000 0.000000 0.000000 0.0 0.0 1.0 194 155 116 0.950 4 60
0.200000 0.100000 0.000000 0.0 0.0 1.0 194 155 116 0.950 4 60
0.200000 0.200000 0.000000 0.0 0.0 1.0 194 155 116 0.950 4 60
0.200000 0.300000 0.000000 0.0 0.0 1.0 194 155 116 0.950 4 60
0.200000 0.400000 0.000000 0.0 0.0 1.0 194 155 116 0.950 4 60
0.200000 0.500000 0.000000 0.0 0.0 1.0 194 155 116 0.950 4 60
0.200000 0.600000 0.000000 0.0 0.0 1.0 194 155 116 0.950 4 60
0.200000 0.700000 0.000000 0.0 0.0 1.0 194 155 116 0.950 4 60
0.200000 0.800000 0.000000 0.0 0.0 1.0 194 155 116 0.950 4 60
0.200000 0.900000 0.000000 0.0 0.0 1.0 194 155 116 0.950 4 60
0.200000 1.000000 0.000000 0.0 0.0 1.0 194 155 116 0.950 4 60
0.200000 1.100000 0.000000 0.0 0.0 1.0 194 155 116 0.950 4 60
0.200000 1.200000 0.000000 0.0 0.0 1.0 194 155 116 0.950 4 60
0.200000 1.300000 0.000000 0.0 0.0 1.0 194 155 116 0.950 4 60
0.200000 1.400000 0.000000 0.0 0.0 1.0 194 155 116 0.950 4 60
0.200000 1.500000 0.000000 0.0 0.0 1.0 194 155 116 0.950 4 60
0.200000 1.600000 0.000000 0.0 0.0 1.0 194 155 116 0.950 4 60
0.200000 1.700000 0.000000 0.0 0.0 1.0 194 155 116 0.950 4 60
0.200000 1.800000 0.000000 0.0 0.0 1.0 194 155 116 0.950 4 60
0.200000 1.900000 0.000000 0.0 0.0 1.0 194 155 116 0.950 4 60
0.200000 2.000000 0.000000 0.0 0.0 1.0 194 155 116 0.950 4 60
0.200000 2.100000 0.000000 0.0 0.0 1.0 194 155 116 0.950 4 60
0.200000 2.200000 0.000000 0.0 0.0 1.0 194 155 116 0.950 4 60
0.200000 2.300000 0.000000 0.0 0.0 1.0 194 155 116 0.950 4 60
0.200000 2.400000 0.000000 0.0 0.0 1.0 194 155 116 0.950 4 60
0.200000 2.500000 0.000000 0.0 0.0 1.0 194 155 116 0.950 4 60
0.200000 2.600000 0.000000 0.0 0.0 1.0 194 155 116 0.950 4 60
0.200000 2.700000 0.000000 0.0 0.0 1.0 194 155 116 0.950 4 60
0.200000 2.800000 0.000000 0.0 0.0 1.0 194 155 116 0.950 4 60
0.200000 2.900000 0.000000 0.0 0.0 1.0 194 155 116 0.950 4 60
0.200000 3.000000 0.000000 0.0 0.0 1.0 194 155 116 0.950 4 60
0.200000 3.100000 0.000000 0.0 0.0 1.0 194 155 116 0.950 4 60
0.200000 3.200000 0.000000 0.0 0.0 1.0 194 155 116 0.950 4 60
0.200000 3.300000 0.000000 0.0 0.0 1.0 194 155 116 0.950 4 60
0.200000 3.400000 0.000000 0.0 0.0 1.0 194 155 116 0.950 4 60
0.200000 3.500000 0.000000 0.0 0.0 1.0 194 155 116 0.950 4 60
0.300000 0.000000 0.000000 0.0 0.0 1.0 194 155 116 0.950 4 60
0.300000 0.100000 0.000000 0.0 0.0 1.0 194 155 116 0.950 4 60
0.300000 0.200000 0.000000 0.0 0.0 1.0 194 155 116 0.950 4 60
0.300000 0.300000 0.000000 0.0 0.0 1.0 194 155 116 0.950 4 60
0.300000 0.400000 0.000000 0.0 0.0 1.0 194 155 116 0.950 4 60
0.300000 0.500000 0.000000 0.0 0.0 1.0 194 155 116 0.950 4 60
0.300000 0.600000 0.000000 0.0 0.0 1.0 194 155 116 0.950 4 60
0.300000 0.700000 0.000000 0.0 0.0 1.0 194 155 116 0.950 4 60
0.300000 0.800000 0.000000 0.0 0.0 1.0 194 155 116 0.950 4 60
0.300000 0.900000 0.000000 0.0 0.0 1.0 194 155 116 0.950 4 60
0.300000 1.000000 0.000000 0.0 0.0 1.0 194 155 116 0.950 4 60
0.300000 1.100000 0.000000 0.0 0.0 1.0 194 155 116 0.950 4 60
0.300000 1.200000 0.000000 0.0 0.0 1.0 194 155 116 0.950 4 60
0.300000 1.300000 0.000000 0.0 0.0 1.0 194 155 116 0.950 4 60
0.300000 1.400000 0.000000 0.0 0.0 1.0 194 155 116 0.950 4 60
0.300000 1.500000 0.000000 0.0 0.0 1.0 194 155 116 0.950 4 60
0.300000 1.600000 0.000000 0.0 0.0 1.0 194 155 116 0.950 4 60
0.300000 1.700000 0.000000 0.0 0.0 1.0 194 155 116 0.950 4 60
0.300000 1.800000 0.000000 0.0 0.0 1.0 194 155 116 0.950 4 60
0.300000 1.900000 0.000000 0.0 0.0 1.0 194 155 116 0.950 4 60
0.300000 2.000000 0.000000 0.0 0.0 1.0 194 155 116 0.950 4 60
0.300000 2.100000 0.000000 0.0 0.0 1.0 194 155 116 0.950 4 60
0.300000 2.200000 0.000000 0.0 0.0 1.0 194 155 116 0.950 4 60
0.300000 2.300000 0.000000 0.0 0.0 1.0 194 155 116 0.950 4 60
0.300000 2.400000 0.000000 0.0 0.0 1.0 194 155 116 0.950 4 60
0.300000 2.500000 0.000000 0.0 0.0 1.0 194 155 116 0.950 4 60
0.300000 2.600000 0.000000 0.0 0.0 1.0 194 155 116 0.950 4 60
0.300000 2.700000 0.000000 0.0 0.0 1.0 194 155 116 0.950 4 60
0.300000 2.800000 0.000000 0.0 0.0 1.0 194 155 116 0.950 4 60
0.300000 2.900000 0.000000 0.0 0.0 1.0 194 155 116 0.950 4 60
0.300000 3.000000 0.000000 0.0 0.0 1.0 194 155 116 0.950 4 60
0.300000 3.100000 0.000000 0.0 0.0 1.0 194 155 116 0.950 4 60
0.300000 3.200000 0.000000 0.0 0.0 1.0 194 155 116 0.950 4 60
0.300000 3.300000 0.000000 0.0 0.0 1.0 194 155 116 0.950 4 60
0.300000 3.400000 0.000000 0.0 0.0 1.0 194 155 116 0.950 4 60
0.300000 3.500000 0.000000 0.0 0.0 1.0 194 155 116 0.950 4 60
0.400000 0.000000 0.000000 0.0 0.0 1.0 194 155 116 0.950 4 60
0.400000 0.100000 0.000000 0.0 0.0 1.0 194 155 116 0.950 4 60
0.400000 0.200000 0.000000 0.0 0.0 1.0 194 155 116 0.950 4 60
0.400000 0.300000 0.000000 0.0 0.0 1.0 194 155 116 0.950 4 60
0.400000 0.400000 0.000000 0.0 0.0 1.0 194 155 116 0.950 4 60
0.400000 0.500000 0.000000 0.0 0.0 1.0 194 155 116 0.950 4 60
0.400000 0.600000 0.000000 0.0 0.0 1.0 194 155 116 0.950 4 60
0.400000 0.700000 0.000000 0.0 0.0 1.0 194 155 116 0.950 4 60
0.400000 0.800000 0.000000 0.0 0.0 1.0 194 155 116 0.950 4 60
0.400000 0.900000 0.000000 0.0 0.0 1.0 194 155 116 0.950 4 60
0.400000 1.000000 0.000000 0.0 0.0 1.0 194 155 116 0.950 4 60
0.400000 1.100000 0.000000 0.0 0.0 1.0 194 155 116 0.950 4 60
0.400000 1.200000 0.000000 0.0 0.0 1.0 194 155 116 0.950 4 60
0.400000 1.300000 0.000000 0.0 0.0 1.0 194 155 116 0.950 4 60
0.400000 1.400000 0.000000 0.0 0.0 1.0 194 155 116 0.950 4 60
0.400000 1.500000 0.000000 0.0 0.0 1.0 194 155 116 0.950 4 60
0.400000 1.600000 0.000000 0.0 0.0 1.0 194 155 116 0.950 4 60
0.400000 1.700000 0.000000 0.0 0.0 1.0 194 155 116 0.950 4 60
0.400000 1.800000 0.000000 0.0 0.0 1.0 194 155 116 0.950 4 60
0.400000 1.900000 0.000000 0.0 0.0 1.0 194 155 116 0.950 4 60
0.400000 2.000000 0.000000 0.0 0.0 1.0 194 155 116 0.950 4 60
0.400000 2.100000 0.000000 0.0 0.0 1.0 194 155 116 0.950 4 60
0.400000 2.200000 0.000000 0.0 0.0 1.0 194 155 116 0.950 4 60
0.400000 2.300000 0.000000 0.0 0.0 1.0 194 155 116 0.950 4 60
0.400000 2.400000 0.000000 0.0 0.0 1.0 194 155 116 0.950 4 60
0.400000 2.500000 0.000000 0.0 0.0 1.0 194 155 116 0.950 4 60
0.400000 2.600000 0.000000 0.0 0.0 1.0 194 155 116 0.950 4 60
0.400000 2.700000 0.000000 0.0 0.0 1.0 194 155 116 0.950 4 60
0.400000 2.800000 0.000000 0.0 0.0 1.0 194 155 116 0.950 4 60
0.400000 2.900000 0.000000 0.0 0.0 1.0 194 155 116 0.950 4 60
0.400000 3.000000 0.000000 0.0 0.0 1.0 194 155 116 0.950 4 60
0.400000 3.100000 0.000000 0.0 0.0 1.0 194 155 116 0.950 4 60
0.400000 3.200000 0.000000 0.0 0.0 1.0 194 155 116 0.950 4 60
0.400000 3.300000 0.000000 0.0 0.0 1.0 194 155 116 0.950 4 60
0.400000 3.400000 0.000000 0.0 0.0 1.0 194 155 116 0.950 4 60
0.400000 3.500000 0.000000 0.0 0.0 1.0 194 155 116 0.950 4 60
0.500000 0.000000 0.000000 0.0 0.0 1.0 194 155 116 0.950 4 60
0.500000 0.100000 0.000000 0.0 0.0 1.0 194 155 116 0.950 4 60
0.500000 0.200000 0.000000 0.0 0.0 1.0 194 155 116 0.950 4 60
0.500000 0.300000 0.000000 0.0 0.0 1.0 194 155 116 0.950 4 60
0.500000 0.400000 0.000000 0.0 0.0 1.0 194 155 116 0.950 4 60
0.500000 0.500000 0.000000 0.0 0.0 1.0 194 155 116 0.950 4 60
0.500000 0.600000 0.000000 0.0 0.0 1.0 194 155 116 0.950 4 60
0.500000 0.700000 0.000000 0.0 0.0 1.0 194 155 116 0.950 4 60
0.500000 0.800000 0.000000 0.0 0.0 1.0 194 155 116 0.950 4 60
0.500000 0.900000 0.000000 0.0 0.0 1.0 194 155 116 0.950 4 60
0.500000 1.000000 0.000000 0.0 0.0 1.0 194 155 116 0.950 4 60
0.500000 1.100000 0.000000 0.0 0.0 1.0 194 155 116 0.950 4 60
0.500000 1.200000 0.000000 0.0 0.0 1.0 194 155 116 0.950 4 60
0.500000 1.300000 0.000000 0.0 0.0 1.0 194 155 116 0.950 4 60
0.500000 1.400000 0.000000 0.0 0.0 1.0 194 155 116 0.950 4 60
0.500000 1.500000 0.000000 0.0 0.0 1.0 194 155 116 0.950 4 60
0.500000 1.600000 0.000000 0.0 0.0 1.0 194 155 116 0.950 4 60
0.500000 1.700000 0.000000 0.0 0.0 1.0 194 155 116 0.950 4 60
0.500000 1.800000 0.000000 0.0 0.0 1.0 194 155 116 0.950 4 60
0.500000 1.900000 0.000000 0.0 0.0 1.0 194 155 116 0.950 4 60
0.500000 2.000000 0.000000 0.0 0.0 1.0 194 155 116 0.950 4 60
0.500000 2.100000 0.000000 0.0 0.0 1.0 194 155 116 0.950 4 60
0.500000 2.200000 0.000000 0.0 0.0 1.0 194 155 116 0.950 4 60
0.500000 2.300000 0.000000 0.0 0.0 1.0 194 155 116 0.950 4 60
0.500000 2.400000 0.000000 0.0 0.0 1.0 194 155 116 0.950 4 60
0.500000 2.500000 0.000000 0.0 0.0 1.0 194 155 116 0.950 4 60
0.500000 2.600000 0.000000 0.0 0.0 1.0 194 155 116 0.950 4 60
0.500000 2.700000 0.000000 0.0 0.0 1.0 194 155 116 0.950 4 60
0.500000 2.800000 0.000000 0.0 0.0 1.0 194 155 116 0.950 4 60
0.500000 2.900000 0.000000 0.0 0.0 1.0 194 155 116 0.950 4 60
0.500000 3.000000 0.000000 0.0 0.0 1.0 194 155 116 0.950 4 60
0.500000 3.100000 0.000000 0.0 0.0 1.0 194 155 116 0.950 4 60
0.500000 3.200000 0.000000 0.0 0.0 1.0 194 155 116 0.950 4 60
0.500000 3.300000 0.000000 0.0 0.0 1.0 194 155 116 0.950 4 60
0.500000 3.400000 0.000000 0.0 0.0 1.0 194 155 116 0.950 4 60
0.500000 3.500000 0.000000 0.0 0.0 1.0 194 155 116 0.950 4 60
0.600000 0.000000 0.000000 0.0 0.0 1.0 194 155 116 0.950 4 60
0.600000 0.100000 0.000000 0.0 0.0 1.0 194 155 116 0.950 4 60
0.600000 0.200000 0.000000 0.0 0.0 1.0 194 155 116 0.950 4 60
0.600000 0.300000 0.000000 0.0 0.0 1.0 194 155 116 0.950 4 60
0.600000 0.400000 0.000000 0.0 0.0 1.0 194 155 116 0.950 4 60
0.600000 0.500000 0.000000 0.0 0.0 1.0 194 155 116 0.950 4 60
0.600000 0.600000 0.000000 0.0 0.0 1.0 194 155 116 0.950 4 60
0.600000 0.700000 0.000000 0.0 0.0 1.0 194 155 116 0.950 4 60
0.600000 0.800000 0.000000 0.0 0.0 1.0 194 155 116 0.950 4 60
0.600000 0.900000 0.000000 0.0 0.0 1.0 194 155 116 0.950 4 60
0.600000 1.000000 0.000000 0.0 0.0 1.0 194 155 116 0.950 4 60
0.600000 1.100000 0.000000 0.0 0.0 1.0 194 155 116 0.950 4 60
0.600000 1.200000 0.000000 0.0 0.0 1.0 194 155 116 0.950 4 60
0.600000 1.300000 0.000000 0.0 0.0 1.0 194 155 116 0.950 4 60
0.600000 1.400000 0.000000 0.0 0.0 1.0 194 155 116 0.950 4 60
0.600000 1.500000 0.000000 0.0 0.0 1.0 194 155 116 0.950 4 60
0.600000 1.600000 0.000000 0.0 0.0 1.0 194 155 116 0.950 4 60
0.600000 1.700000 0.000000 0.0 0.0 1.0 194 155 116 0.950 4 60
0.600000 1.800000 0.000000 0.0 0.0 1.0 194 155 116 0.950 4 60
0.600000 1.900000 0.000000 0.0 0.0 1.0 194 155 116 0.950 4 60
0.600000 2.000000 0.000000 0.0 0.0 1.0 194 155 116 0.950 4 60
0.600000 2.100000 0.000000 0.0 0.0 1.0 194 155 116 0.950 4 60
0.600000 2.200000 0.000000 0.0 0.0 1.0 194 155 116 0.950 4 60
0.600000 2.300000 0.000000 0.0 0.0 1.0 194 155 116 0.950 4 60
0.600000 2.400000 0.000000 0.0 0.0 1.0 194 155 116 0.950 4 60
0.600000 2.500000 0.000000 0.0 0.0 1.0 194 155 116 0.950 4 60
0.600000 2.600000 0.000000 0.0 0.0 1.0 194 155 116 0.950 4 60
0.600000 2.700000 0.000000 0.0 0.0 1.0 194 155 116 0.950 4 60
0.600000 2.800000 0.000000 0.0 0.0 1.0 194 155 116 0.950 4 60
0.600000 2.900000 0.000000 0.0 0.0 1.0 194 155 116 0.950 4 60
0.600000 3.000000 0.000000 0.0 0.0 1.0 194 155 116 0.950 4 60
0.600000 3.100000 0.000000 0.0 0.0 1.0 194 155 116 0.950 4 60
0.600000 3.200000 0.000000 0.0 0.0 1.0 194 155 116 0.950 4 60
0.600000 3.300000 0.000000 0.0 0.0 1.0 194 155 116 0.950 4 60
0.600000 3.400000 0.000000 0.0 0.0 1.0 194 155 116 0.950 4 60
0.600000 3.500000 0.000000 0.0 0.0 1.0 194 155 116 0.950 4 60
0.700000 0.000000 0.000000 0.0 0.0 1.0 194 155 116 0.950 4 60
0.700000 0.100000 0.000000 0.0 0.0 1.0 194 155 116 0.950 4 60
0.700000 0.200000 0.000000 0.0 0.0 1.0 194 155 116 0.950 4 60
0.700000 0.300000 0.000000 0.0 0.0 1.0 194 155 116 0.950 4 60
0.700000 0.400000 0.000000 0.0 0.0 1.0 194 155 116 0.950 4 60
0.700000 0.500000 0.000000 0.0 0.0 1.0 194 155 116 0.950 4 60
0.700000 0.600000 0.000000 0.0 0.0 1.0 194 155 116 0.950 4 60
0.700000 0.700000 0.000000 0.0 0.0 1.0 194 155 116 0.950 4 60
0.700000 0.800000 0.000000 0.0 0.0 1.0 194 155 116 0.950 4 60
0.700000 0.900000 0.000000 0.0 0.0 1.0 194 155 116 0.950 4 60
0.700000 1.000000 0.000000 0.0 0.0 1.0 194 155 116 0.950 4 60
0.700000 1.100000 0.000000 0.0 0.0 1.0 194 155 116 0.950 4 60
0.700000 1.200000 0.000000 0.0 0.0 1.0 194 155 116 0.950 4 60
0.700000 1.300000 0.000000 0.0 0.0 1.0 194 155 116 0.950 4 60
0.700000 1.400000 0.000000 0.0 0.0 1.0 194 155 116 0.950 4 60
0.700000 1.500000 0.000000 0.0 0.0 1.0 194 155 116 0.950 4 60
0.700000 1.600000 0.000000 0.0 0.0 1.0 194 155 116 0.950 4 60
0.700000 1.700000 0.000000 0.0 0.0 1.0 194 155 116 0.950 4 60
0.700000 1.800000 0.000000 0.0 0.0 1.0 194 155 116 0.950 4 60
0.700000 1.900000 0.000000 0.0 0.0 1.0 194 155 116 0.950 4 60
0.700000 2.000000 0.000000 0.0 0.0 1.0 194 155 116 0.950 4 60
0.700000 2.100000 0.000000 0.0 0.0 1.0 194 155 116 0.950 4 60
0.700000 2.200000 0.000000 0.0 0.0 1.0 194 155 116 0.950 4 60
0.700000 2.300000 0.000000 0.0 0.0 1.0 194 155 116 0.950 4 60
0.700000 2.400000 0.000000 0.0 0.0 1.0 194 155 116 0.950 4 60
0.700000 2.500000 0.000000 0.0 0.0 1.0 194 155 116 0.950 4 60
0.700000 2.600000 0.000000 0.0 0.0 1.0 194 155 116 0.950 4 60
0.700000 2.700000 0.000000 0.0 0.0 1.0 194 155 116 0.950 4 60
0.700000 2.800000 0.000000 0.0 0.0 1.0 194 155 116 0.950 4 60
0.700000 2.900000 0.000000 0.0 0.0 1.0 194 155 116 0.950 4 60
0.700000 3.000000 0.000000 0.0 0.0 1.0 194 155 116 0.950 4 60
0.700000 3.100000 0.000000 0.0 0.0 1.0 194 155 116 0.950 4 60
0.700000 3.200000 0.000000 0.0 0.0 1.0 194 155 116 0.950 4 60
0.700000 3.300000 0.000000 0.0 0.0 1.0 194 155 116 0.950 4 60
0.700000 3.400000 0.000000 0.0 0.0 1.0 194 155 116 0.950 4 60
0.700000 3.500000 0.000000 0.0 0.0 1.0 194 155 116 0.950 4 60
0.800000 0.000000 0.000000 0.0 0.0 1.0 194 155 116 0.950 4 60
0.800000 0.100000 0.000000 0.0 0.0 1.0 194 155 116 0.950 4 60
0.800000 0.200000 0.000000 0.0 0.0 1.0 194 155 116 0.950 4 60
0.800000 0.300000 0.000000 0.0 0.0 1.0 194 155 116 0.950 4 60
0.800000 0.400000 0.000000 0.0 0.0 1.0 194 155 116 0.950 4 60
0.800000 0.500000 0.000000 0.0 0.0 1.0 194 155 116 0.950 4 60
0.800000 0.600000 0.000000 0.0 0.0 1.0 194 155 116 0.950 4 60
0.800000 0.700000 0.000000 0.0 0.0 1.0 194 155 116 0.950 4 60
0.800000 0.800000 0.000000 0.0 0.0 1.0 194 155 116 0.950 4 60
0.800000 0.900000 0.000000 0.0 0.0 1.0 194 155 116 0.950 4 60
0.800000 1.000000 0.000000 0.0 0.0 1.0 194 155 116 0.950 4 60
0.800000 1.100000 0.000000 0.0 0.0 1.0 194 155 116 0.950 4 60
0.800000 1.200000 0.000000 0.0 0.0 1.0 194 155 116 0.950 4 60
0.800000 1.300000 0.000000 0.0 0.0 1.0 194 155 116 0.950 4 60
0.800000 1.400000 0.000000 0.0 0.0 1.0 194 155 116 0.950 4 60
0.800000 1.500000 0.000000 0.0 0.0 1.0 194 155 116 0.950 4 60
0.800000 1.600000 0.000000 0.0 0.0 1.0 194 155 116 0.950 4 60
0.800000 1.700000 0.000000 0.0 0.0 1.0 194 155 116 0.950 4 60
0.800000 1.800000 0.000000 0.0 0.0 1.0 194 155 116 0.950 4 60
0.800000 1.900000 0.000000 0.0 0.0 1.0 194 155 116 0.950 4 60
0.800000 2.000000 0.000000 0.0 0.0 1.0 194 155 116 0.950 4 60
0.800000 2.100000 0.000000 0.0 0.0 1.0 194 155 116 0.950 4 60
0.800000 2.200000 0.000000 0.0 0.0 1.0 194 155 116 0.950 4 60
0.800000 2.300000 0.000000 0.0 0.0 1.0 194 155 116 0.950 4 60
0.800000 2.400000 0.000000 0.0 0.0 1.0 194 155 116 0.950 4 60
0.800000 2.500000 0.000000 0.0 0.0 1.0 194 155 116 0.950 4 60
0.800000 2.600000 0.000000 0.0 0.0 1.0 194 155 116 0.950 4 60
0.800000 2.700000 0.000000 0.0 0.0 1.0 194 155 116 0.950 4 60
0.800000 2.800000 0.000000 0.0 0.0 1.0 194 155 116 0.950 4 60
0.800000 2.900000 0.000000 0.0 0.0 1.0 194 155 116 0.950 4 60
0.800000 3.000000 0.000000 0.0 0.0 1.0 194 155 116 0.950 4 60
0.800000 3.100000 0.000000 0.0 0.0 1.0 194 155 116 0.950 4 60
0.800000 3.200000 0.000000 0.0 0.0 1.0 194 155 116 0.950 4 60
0.800000 3.300000 0.000000 0.0 0.0 1.0 194 155 116 0.950 4 60
0.800000 3.400000 0.000000 0.0 0.0 1.0 194 155 116 0.950 4 60
0.800000 3.500000 0.000000 0.0 0.0 1.0 194 155 116 0.950 4 60
0.900000 0.000000 0.000000 0.0 0.0 1.0 194 155 116 0.950 4 60
0.900000 0.100000 0.000000 0.0 0.0 1.0 194 155 116 0.950 4 60
0.900000 0.200000 0.000000 0.0 0.0 1.0 194 155 116 0.950 4 60
0.900000 0.300000 0.000000 0.0 0.0 1.0 194 155 116 0.950 4 60
0.900000 0.400000 0.000000 0.0 0.0 1.0 194 155 116 0.950 4 60
0.900000 0.500000 0.000000 0.0 0.0 1.0 194 155 116 0.950 4 60
0.900000 0.600000 0.000000 0.0 0.0 1.0 194 155 116 0.950 4 60
0.900000 0.700000 0.000000 0.0 0.0 1.0 194 155 116 0.950 4 60
0.900000 0.800000 0.000000 0.0 0.0 1.0 194 155 116 0.950 4 60
0.900000 0.900000 0.000000 0.0 0.0 1.0 194 155 116 0.950 4 60
0.900000 1.000000 0.000000 0.0 0.0 1.0 194 155 116 0.950 4 60
0.900000 1.100000 0.000000 0.0 0.0 1.0 194 155 116 0.950 4 60
0.900000 1.200000 0.000000 0.0 0.0 1.0 194 155 116 0.950 4 60
0.900000 1.300000 0.000000 0.0 0.0 1.0 194 155 116 0.950 4 60
0.900000 1.400000 0.000000 0.0 0.0 1.0 194 155 116 0.950 4 60
0.900000 1.500000 0.000000 0.0 0.0 1.0 194 155 116 0.950 4 60
0.900000 1.600000 0.000000 0.0 0.0 1.0 194 155 116 0.950 4 60
0.900000 1.700000 0.000000 0.0 0.0 1.0 194 155 116 0.950 4 60
0.900000 1.800000 0.000000 0.0 0.0 1.0 194 155 116 0.950 4 60
0.900000 1.900000 0.000000 0.0 0.0 1.0 194 155 116 0.950 4 60
0.900000 2.000000 0.000000 0.0 0.0 1.0 194 155 116 0.950 4 60
0.900000 2.100000 0.000000 0.0 0.0 1.0 194 155 116 0.950 4 60
0.900000 2.200000 0.000000 0.0 0.0 1.0 194 155 116 0.950 4 60
0.900000 2.300000 0.000000 0.0 0.0 1.0 194 155 116 0.950 4 60
0.900000 2.400000 0.000000 0.0 0.0 1.0 194 155 116 0.950 4 60
0.900000 2.500000 0.000000 0.0 0.0 1.0 194 155 116 0.950 4 60
0.900000 2.600000 0.000000 0.0 0.0 1.0 194 155 116 0.950 4 60
0.900000 2.700000 0.000000 0.0 0.0 1.0 194 155 116 0.950 4 60
0.900000 2.800000 0.000000 0.0 0.0 1.0 194 155 116 0.950 4 60
0.900000 2.900000 0.000000 0.0 0.0 1.0 194 155 116 0.950 4 60
0.900000 3.000000 0.000000 0.0 0.0 1.0 194 155 116 0.950 4 60
0.900000 3.100000 0.000000 0.0 0.0 1.0 194 155 116 0.950 4 60
0.900000 3.200000 0.000000 0.0 0.0 1.0 194 155 116 0.950 4 60
0.900000 3.300000 0.000000 0.0 0.0 1.0 194 155 116 0.950 4 60
0.900000 3.400000 0.000000 0.0 0.0 1.0 194 155 116 0.950 4 60
0.900000 3.500000 0.000000 0.0 0.0 1.0 194 155 116 0.950 4 60
1.000000 0.000000 0.000000 0.0 0.0 1.0 194 155 116 0.950 4 60
1.000000 0.100000 0.000000 0.0 0.0 1.0 194 155 116 0.950 4 60
1.000000 0.200000 0.000000 0.0 0.0 1.0 194 155 116 0.950 4 60
1.000000 0.300000 0.000000 0.0 0.0 1.0 194 155 116 0.950 4 60
1.000000 0.400000 0.000000 0.0 0.0 1.0 194 155 116 0.950 4 60
1.000000 0.500000 0.000000 0.0 0.0 1.0 194 155 116 0.950 4 60
1.000000 0.600000 0.000000 0.0 0.0 1.0 194 155 116 0.950 4 60
1.000000 0.700000 0.000000 0.0 0.0 1.0 194 155 116 0.950 4 60
1.000000 0.800000 0.000000 0.0 0.0 1.0 194 155 116 0.950 4 60
1.000000 0.900000 0.000000 0.0 0.0 1.0 194 155 116 0.950 4 60
1.000000 1.000000 0.000000 0.0 0.0 1.0 194 155 116 0.950 4 60
1.000000 1.100000 0.000000 0.0 0.0 1.0 194 155 116 0.950 4 60
1.000000 1.200000 0.000000 0.0 0.0 1.0 194 155 116 0.950 4 60
1.000000 1.300000 0.000000 0.0 0.0 1.0 194 155 116 0.950 4 60
1.000000 1.400000 0.000000 0.0 0.0 1.0 194 155 116 0.950 4 60
1.000000 1.500000 0.000000 0.0 0.0 1.0 194 155 116 0.950 4 60
1.000000 1.600000 0.000000 0.0 0.0 1.0 194 155 116 0.950 4 60
1.000000 1.700000 0.000000 0.0 0.0 1.0 194 155 116 0.950 4 60
1.000000 1.800000 0.000000 0.0 0.0 1.0 194 155 116 0.950 4 60
1.000000 1.900000 0.000000 0.0 0.0 1.0 194 155 116 0.950 4 60
1.000000 2.000000 0.000000 0.0 0.0 1.0 194 155 116 0.950 4 60
1.000000 2.100000 0.000000 0.0 0.0 1.0 194 155 116 0.950 4 60
1.000000 2.200000 0.000000 0.0 0.0 1.0 194 155 116 0.950 4 60
1.000000 2.300000 0.000000 0.0 0.0 1.0 194 155 116 0.950 4 60
1.000000 2.400000 0.000000 0.0 0.0 1.0 194 155 116 0.950 4 60
1.000000 2.500000 0.000000 0.0 0.0 1.0 194 155 116 0.950 4 60
1.000000 2.600000 0.000000 0.0 0.0 1.0 194 155 116 0.950 4 60
1.000000 2.700000 0.000000 0.0 0.0 1.0 194 155 116 0.950 4 60
1.000000 2.800000 0.000000 0.0 0.0 1.0 194 155 116 0.950 4 60
1.000000 2.900000 0.000000 0.0 0.0 1.0 194 155 116 0.950 4 60
1.000000 3.000000 0.000000 0.0 0.0 1.0 194 155 116 0.950 4 60
1.000000 3.100000 0.000000 0.0 0.0 1.0 194 155 116 0.950 4 60
1.000000 3.200000 0.000000 0.0 0.0 1.0 194 155 116 0.950 4 60
1.000000 3.300000 0.000000 0.0 0.0 1.0 194 155 116 0.950 4 60
1.000000 3.400000 0.000000 0.0 0.0 1.0 194 155 116 0.950 4 60
1.000000 3.500000 0.000000 0.0 0.0 1.0 194 155 116 0.950 4 60
1.100000 0.000000 0.000000 0.0 0.0 1.0 194 155 116 0.950 4 60
1.100000 0.100000 0.000000 0.0 0.0 1.0 194 155 116 0.950 4 60
1.100000 0.200000 0.000000 0.0 0.0 1.0 194 155 116 0.950 4 60
1.100000 0.300000 0.000000 0.0 0.0 1.0 194 155 116 0.950 4 60
1.100000 0.400000 0.000000 0.0 0.0 1.0 194 155 116 0.950 4 60
1.100000 0.500000 0.000000 0.0 0.0 1.0 194 155 116 0.950 4 60
1.100000 0.600000 0.000000 0.0 0.0 1.0 194 155 116 0.950 4 60
1.100000 0.700000 0.000000 0.0 0.0 1.0 194 155 116 0.950 4 60
1.100000 0.800000 0.000000 0.0 0.0 1.0 194 155 116 0.950 4 60
1.100000 0.900000 0.000000 0.0 0.0 1.0 194 155 116 0.950 4 60
1.100000 1.000000 0.000000 0.0 0.0 1.0 194 155 116 0.950 4 60
1.100000 1.100000 0.000000 0.0 0.0 1.0 194 155 116 0.950 4 60
1.100000 1.200000 0.000000 0.0 0.0 1.0 194 155 116 0.950 4 60
1.100000 1.300000 0.000000 0.0 0.0 1.0 194 155 116 0.950 4 60
1.100000 1.400000 0.000000 0.0 0.0 1.0 194 155 116 0.950 4 60
1.100000 1.500000 0.000000 0.0 0.0 1.0 194 155 116 0.950 4 60
1.100000 1.600000 0.000000 0.0 0.0 1.0 194 155 116 0.950 4 60
1.100000 1.700000 0.000000 0.0 0.0 1.0 194 155 116 0.950 4 60
1.100000 1.800000 0.000000 0.0 0.0 1.0 194 155 116 0.950 4 60
1.100000 1.900000 0.000000 0.0 0.0 1.0 194 155 116 0.950 4 60
1.100000 2.000000 0.000000 0.0 0.0 1.0 194 155 116 0.950 4 60
1.100000 2.100000 0.000000 0.0 0.0 1.0 194 155 116 0.950 4 60
1.100000 2.200000 0.000000 0.0 0.0 1.0 194 155 116 0.950 4 60
1.100000 2.300000 0.000000 0.0 0.0 1.0 194 155 116 0.950 4 60
1.100000 2.400000 0.000000 0.0 0.0 1.0 194 155 116 0.950 4 60
1.100000 2.500000 0.000000 0.0 0.0 1.0 194 155 116 0.950 4 60
1.100000 2.600000 0.000000 0.0 0.0 1.0 194 155 116 0.950 4 60
1.100000 2.700000 0.000000 0.0 0.0 1.0 194 155 116 0.950 4 60
1.100000 2.800000 0.000000 0.0 0.0 1.0 194 155 116 0.950 4 60
1.100000 2.900000 0.000000 0.0 0.0 1.0 194 155 116 0.950 4 60
1.100000 3.000000 0.000000 0.0 0.0 1.0 194 155 116 0.950 4 60
1.100000 3.100000 0.000000 0.0 0.0 1.0 194 155 116 0.950 4 60
1.100000 3.200000 0.000000 0.0 0.0 1.0 194 155 116 0.950 4 60
1.100000 3.300000 0.000000 0.0 0.0 1.0 194 155 116 0.950 4 60
1.100000 3.400000 0.000000 0.0 0.0 1.0 194 155 116 0.950 4 60
1.100000 3.500000 0.000000 0.0 0.0 1.0 194 155 116 0.950 4 60
1.200000 0.000000 0.000000 0.0 0.0 1.0 194 155 116 0.950 4 60
1.200000 0.100000 0.000000 0.0 0.0 1.0 194 155 116 0.950 4 60
1.200000 0.200000 0.000000 0.0 0.0 1.0 194 155 116 0.950 4 60
1.200000 0.300000 0.000000 0.0 0.0 1.0 194 155 116 0.950 4 60
1.200000 0.400000 0.000000 0.0 0.0 1.0 194 155 116 0.950 4 60
1.200000 0.500000 0.000000 0.0 0.0 1.0 194 155 116 0.950 4 60
1.200000 0.600000 0.000000 0.0 0.0 1.0 194 155 116 0.950 4 60
1.200000 0.700000 0.000000 0.0 0.0 1.0 194 155 116 0.950 4 60
1.200000 0.800000 0.000000 0.0 0.0 1.0 194 155 116 0.950 4 60
1.200000 0.900000 0.000000 0.0 0.0 1.0 194 155 116 0.950 4 60
1.200000 1.000000 0.000000 0.0 0.0 1.0 194 155 116 0.950 4 60
1.200000 1.100000 0.000000 0.0 0.0 1.0 194 155 116 0.950 4 60
1.200000 1.200000 0.000000 0.0 0.0 1.0 194 155 116 0.950 4 60
1.200000 1.300000 0.000000 0.0 0.0 1.0 194 155 116 0.950 4 60
1.200000 1.400000 0.000000 0.0 0.0 1.0 194 155 116 0.950 4 60
1.200000 1.500000 0.000000 0.0 0.0 1.0 194 155 116 0.950 4 60
1.200000 1.600000 0.000000 0.0 0.0 1.0 194 155 116 0.950 4 60
1.200000 1.700000 0.000000 0.0 0.0 1.0 194 155 116 0.950 4 60
1.200000 1.800000 0.000000 0.0 0.0 1.0 194 155 116 0.950 4 60
1.200000 1.900000 0.000000 0.0 0.0 1.0 194 155 116 0.950 4 60
1.200000 2.000000 0.000000 0.0 0.0 1.0 194 155 116 0.950 4 60
1.200000 2.100000 0.000000 0.0 0.0 1.0 194 155 116 0.950 4 60
1.200000 2.200000 0.000000 0.0 0.0 1.0 194 155 116 0.950 4 60
1.200000 2.300000 0.000000 0.0 0.0 1.0 194 155 116 0.950 4 60
1.200000 2.400000 0.000000 0.0 0.0 1.0 194 155 116 0.950 4 60
1.200000 2.500000 0.000000 0.0 0.0 1.0 194 155 116 0.950 4 60
1.200000 2.600000 0.000000 0.0 0.0 1.0 194 155 116 0.950 4 60
1.200000 2.700000 0.000000 0.0 0.0 1.0 194 155 116 0.950 4 60
1.200000 2.800000 0.000000 0.0 0.0 1.0 194 155 116 0.950 4 60
1.200000 2.900000 0.000000 0.0 0.0 1.0 194 155 116 0.950 4 60
1.200000 3.000000 0.000000 0.0 0.0 1.0 194 155 116 0.950 4 60
1.200000 3.100000 0.000000 0.0 0.0 1.0 194 155 116 0.950 4 60
1.200000 3.200000 0.000000 0.0 0.0 1.0 194 155 116 0.950 4 60
1.200000 3.300000 0.000000 0.0 0.0 1.0 194 155 116 0.950 4 60
1.200000 3.400000 0.000000 0.0 0.0 1.0 194 155 116 0.950 4 60
1.200000 3.500000 0.000000 0.0 0.0 1.0 194 155 116 0.950 4 60
1.300000 0.000000 0.000000 0.0 0.0 1.0 194 155 116 0.950 4 60
1.300000 0.100000 0.000000 0.0 0.0 1.0 194 155 116 0.950 4 60
1.300000 0.200000 0.000000 0.0 0.0 1.0 194 155 116 0.950 4 60
1.300000 0.300000 0.000000 0.0 0.0 1.0 194 155 116 0.950 4 60
1.300000 0.400000 0.000000 0.0 0.0 1.0 194 155 116 0.950 4 60
1.300000 0.500000 0.000000 0.0 0.0 1.0 194 155 116 0.950 4 60
1.300000 0.600000 0.000000 0.0 0.0 1.0 194 155 116 0.950 4 60
1.300000 0.700000 0.000000 0.0 0.0 1.0 194 155 116 0.950 4 60
1.300000 0.800000 0.000000 0.0 0.0 1.0 194 155 116 0.950 4 60
1.300000 0.900000 0.000000 0.0 0.0 1.0 194 155 116 0.950 4 60
1.300000 1.000000 0.000000 0.0 0.0 1.0 194 155 116 0.950 4 60
1.300000 1.100000 0.000000 0.0 0.0 1.0 194 155 116 0.950 4 60
1.300000 1.200000 0.000000 0.0 0.0 1.0 194 155 116 0.950 4 60
1.300000 1.300000 0.000000 0.0 0.0 1.0 194 155 116 0.950 4 60
1.300000 1.400000 0.000000 0.0 0.0 1.0 194 155 116 0.950 4 60
1.300000 1.500000 0.000000 0.0 0.0 1.0 194 155 116 0.950 4 60
1.300000 1.600000 0.000000 0.0 0.0 1.0 194 155 116 0.950 4 60
1.300000 1.700000 0.000000 0.0 0.0 1.0 194 155 116 0.950 4 60
1.300000 1.800000 0.000000 0.0 0.0 1.0 194 155 116 0.950 4 60
1.300000 1.900000 0.000000 0.0 0.0 1.0 194 155 116 0.950 4 60
1.300000 2.000000 0.000000 0.0 0.0 1.0 194 155 116 0.950 4 60
1.300000 2.100000 0.000000 0.0 0.0 1.0 194 155 116 0.950 4 60
1.300000 2.200000 0.000000 0.0 0.0 1.0 194 155 116 0.950 4 60
1.300000 2.300000 0.000000 0.0 0.0 1.0 194 155 116 0.950 4 60
1.300000 2.400000 0.000000 0.0 0.0 1.0 194 155 116 0.950 4 60
1.300000 2.500000 0.000000 0.0 0.0 1.0 194 155 116 0.950 4 60
1.300000 2.600000 0.000000 0.0 0.0 1.0 194 155 116 0.950 4 60
1.300000 2.700000 0.000000 0.0 0.0 1.0 194 155 116 0.950 4 60
1.300000 2.800000 0.000000 0.0 0.0 1.0 194 155 116 0.950 4 60
1.300000 2.900000 0.000000 0.0 0.0 1.0 194 155 116 0.950 4 60
1.300000 3.000000 0.000000 0.0 0.0 1.0 194 155 116 0.950 4 60
1.300000 3.100000 0.000000 0.0 0.0 1.0 194 155 116 0.950 4 60
1.300000 3.200000 0.000000 0.0 0.0 1.0 194 155 116 0.950 4 60
1.300000 3.300000 0.000000 0.0 0.0 1.0 194 155 116 0.950 4 60
1.300000 3.400000 0.000000 0.0 0.0 1.0 194 155 116 0.950 4 60
1.300000 3.500000 0.000000 0.0 0.0 1.0 194 155 116 0.950 4 60
1.400000 0.000000 0.000000 0.0 0.0 1.0 194 155 116 0.950 4 60
1.400000 0.100000 0.000000 0.0 0.0 1.0 194 155 116 0.950 4 60
1.400000 0.200000 0.000000 0.0 0.0 1.0 194 155 116 0.950 4 60
1.400000 0.300000 0.000000 0.0 0.0 1.0 194 155 116 0.950 4 60
1.400000 0.400000 0.000000 0.0 0.0 1.0 194 155 116 0.950 4 60
1.400000 0.500000 0.000000 0.0 0.0 1.0 194 155 116 0.950 4 60
1.400000 0.600000 0.000000 0.0 0.0 1.0 194 155 116 0.950 4 60
1.400000 0.700000 0.000000 0.0 0.0 1.0 194 155 116 0.950 4 60
1.400000 0.800000 0.000000 0.0 0.0 1.0 194 155 116 0.950 4 60
1.400000 0.900000 0.000000 0.0 0.0 1.0 194 155 116 0.950 4 60
1.400000 1.000000 0.000000 0.0 0.0 1.0 194 155 116 0.950 4 60
1.400000 1.100000 0.000000 0.0 0.0 1.0 194 155 116 0.950 4 60
1.400000 1.200000 0.000000 0.0 0.0 1.0 194 155 116 0.950 4 60
1.400000 1.300000 0.000000 0.0 0.0 1.0 194 155 116 0.950 4 60
1.400000 1.400000 0.000000 0.0 0.0 1.0 194 155 116 0.950 4 60
1.400000 1.500000 0.000000 0.0 0.0 1.0 194 155 116 0.950 4 60
1.400000 1.600000 0.000000 0.0 0.0 1.0 194 155 116 0.950 4 60
1.400000 1.700000 0.000000 0.0 0.0 1.0 194 155 116 0.950 4 60
1.400000 1.800000 0.000000 0.0 0.0 1.0 194 155 116 0.950 4 60
1.400000 1.900000 0.000000 0.0 0.0 1.0 194 155 116 0.950 4 60
1.400000 2.000000 0.000000 0.0 0.0 1.0 194 155 116 0.950 4 60
1.400000 2.100000 0.000000 0.0 0.0 1.0 194 155 116 0.950 4 60
1.400000 2.200000 0.000000 0.0 0.0 1.0 194 155 116 0.950 4 60
1.400000 2.300000 0.000000 0.0 0.0 1.0 194 155 116 0.950 4 60
1.400000 2.400000 0.000000 0.0 0.0 1.0 194 155 116 0.950 4 60
1.400000 2.500000 0.000000 0.0 0.0 1.0 194 155 116 0.950 4 60
1.400000 2.600000 0.000000 0.0 0.0 1.0 194 155 116 0.950 4 60
1.400000 2.700000 0.000000 0.0 0.0 1.0 194 155 116 0.950 4 60
1.400000 2.800000 0.000000 0.0 0.0 1.0 194 155 116 0.950 4 60
1.400000 2.900000 0.000000 0.0 0.0 1.0 194 155 116 0.950 4 60
1.400000 3.000000 0.000000 0.0 0.0 1.0 194 155 116 0.950 4 60
1.400000 3.100000 0.000000 0.0 0.0 1.0 194 155 116 0.950 4 60
1.400000 3.200000 0.000000 0.0 0.0 1.0 194 155 116 0.950 4 60
1.400000 3.300000 0.000000 0.0 0.0 1.0 194 155 116 0.950 4 60
1.400000 3.400000 0.000000 0.0 0.0 1.0 194 155 116 0.950 4 60
1.400000 3.500000 0.000000 0.0 0.0 1.0 194 155 116 0.950 4 60
1.500000 0.000000 0.000000 0.0 0.0 1.0 194 155 116 0.950 4 60
1.500000 0.100000 0.000000 0.0 0.0 1.0 194 155 116 0.950 4 60
1.500000 0.200000 0.000000 0.0 0.0 1.0 194 155 116 0.950 4 60
1.500000 0.300000 0.000000 0.0 0.0 1.0 194 155 116 0.950 4 60
1.500000 0.400000 0.000000 0.0 0.0 1.0 194 155 116 0.950 4 60
1.500000 0.500000 0.000000 0.0 0.0 1.0 194 155 116 0.950 4 60
1.500000 0.600000 0.000000 0.0 0.0 1.0 194 155 116 0.950 4 60
1.500000 0.700000 0.000000 0.0 0.0 1.0 194 155 116 0.950 4 60
1.500000 0.800000 0.000000 0.0 0.0 1.0 194 155 116 0.950 4 60
1.500000 0.900000 0.000000 0.0 0.0 1.0 194 155 116 0.950 4 60
1.500000 1.000000 0.000000 0.0 0.0 1.0 194 155 116 0.950 4 60
1.500000 1.100000 0.000000 0.0 0.0 1.0 194 155 116 0.950 4 60
1.500000 1.200000 0.000000 0.0 0.0 1.0 194 155 116 0.950 4 60
1.500000 1.300000 0.000000 0.0 0.0 1.0 194 155 116 0.950 4 60
1.500000 1.400000 0.000000 0.0 0.0 1.0 194 155 116 0.950 4 60
1.500000 1.500000 0.000000 0.0 0.0 1.0 194 155 116 0.950 4 60
1.500000 1.600000 0.000000 0.0 0.0 1.0 194 155 116 0.950 4 60
1.500000 1.700000 0.000000 0.0 0.0 1.0 194 155 116 0.950 4 60
1.500000 1.800000 0.000000 0.0 0.0 1.0 194 155 116 0.950 4 60
1.500000 1.900000 0.000000 0.0 0.0 1.0 194 155 116 0.950 4 60
1.500000 2.000000 0.000000 0.0 0.0 1.0 194 155 116 0.950 4 60
1.500000 2.100000 0.000000 0.0 0.0 1.0 194 155 116 0.950 4 60
1.500000 2.200000 0.000000 0.0 0.0 1.0 194 155 116 0.950 4 60
1.500000 2.300000 0.000000 0.0 0.0 1.0 194 155 116 0.950 4 60
1.500000 2.400000 0.000000 0.0 0.0 1.0 194 155 116 0.950 4 60
1.500000 2.500000 0.000000 0.0 0.0 1.0 194 155 116 0.950 4 60
1.500000 2.600000 0.000000 0.0 0.0 1.0 194 155 116 0.950 4 60
1.500000 2.700000 0.000000 0.0 0.0 1.0 194 155 116 0.950 4 60
1.500000 2.800000 0.000000 0.0 0.0 1.0 194 155 116 0.950 4 60
1.500000 2.900000 0.000000 0.0 0.0 1.0 194 155 116 0.950 4 60
1.500000 3.000000 0.000000 0.0 0.0 1.0 194 155 116 0.950 4 60
1.500000 3.100000 0.000000 0.0 0.0 1.0 194 155 116 0.950 4 60
1.500000 3.200000 0.000000 0.0 0.0 1.0 194 155 116 0.950 4 60
1.500000 3.300000 0.000000 0.0 0.0 1.0 194 155 116 0.950 4 60
1.500000 3.400000 0.000000 0.0 0.0 1.0 194 155 116 0.950 4 60
1.500000 3.500000 0.000000 0.0 0.0 1.0 194 155 116 0.950 4 60
1.600000 0.000000 0.000000 0.0 0.0 1.0 194 155 116 0.950 4 60
1.600000 0.100000 0.000000 0.0 0.0 1.0 194 155 116 0.950 4 60
1.600000 0.200000 0.000000 0.0 0.0 1.0 194 155 116 0.950 4 60
1.600000 0.300000 0.000000 0.0 0.0 1.0 194 155 116 0.950 4 60
1.600000 0.400000 0.000000 0.0 0.0 1.0 194 155 116 0.950 4 60
1.600000 0.500000 0.000000 0.0 0.0 1.0 194 155 116 0.950 4 60
1.600000 0.600000 0.000000 0.0 0.0 1.0 194 155 116 0.950 4 60
1.600000 0.700000 0.000000 0.0 0.0 1.0 194 155 116 0.950 4 60
1.600000 0.800000 0.000000 0.0 0.0 1.0 194 155 116 0.950 4 60
1.600000 0.900000 0.000000 0.0 0.0 1.0 194 155 116 0.950 4 60
1.600000 1.000000 0.000000 0.0 0.0 1.0 194 155 116 0.950 4 60
1.600000 1.100000 0.000000 0.0 0.0 1.0 194 155 116 0.950 4 60
1.600000 1.200000 0.000000 0.0 0.0 1.0 194 155 116 0.950 4 60
1.600000 1.300000 0.000000 0.0 0.0 1.0 194 155 116 0.950 4 60
1.600000 1.400000 0.000000 0.0 0.0 1.0 194 155 116 0.950 4 60
1.600000 1.500000 0.000000 0.0 0.0 1.0 194 155 116 0.950 4 60
1.600000 1.600000 0.000000 0.0 0.0 1.0 194 155 116 0.950 4 60
1.600000 1.700000 0.000000 0.0 0.0 1.0 194 155 116 0.950 4 60
1.600000 1.800000 0.000000 0.0 0.0 1.0 194 155 116 0.950 4 60
1.600000 1.900000 0.000000 0.0 0.0 1.0 194 155 116 0.950 4 60
1.600000 2.000000 0.000000 0.0 0.0 1.0 194 155 116 0.950 4 60
1.600000 2.100000 0.000000 0.0 0.0 1.0 194 155 116 0.950 4 60
1.600000 2.200000 0.000000 0.0 0.0 1.0 194 155 116 0.950 4 60
1.600000 2.300000 0.000000 0.0 0.0 1.0 194 155 116 0.950 4 60
1.600000 2.400000 0.000000 0.0 0.0 1.0 194 155 116 0.950 4 60
1.600000 2.500000 0.000000 0.0 0.0 1.0 194 155 116 0.950 4 60
1.600000 2.600000 0.000000 0.0 0.0 1.0 194 155 116 0.950 4 60
1.600000 2.700000 0.000000 0.0 0.0 1.0 194 155 116 0.950 4 60
1.600000 2.800000 0.000000 0.0 0.0 1.0 194 155 116 0.950 4 60
1.600000 2.900000 0.000000 0.0 0.0 1.0 194 155 116 0.950 4 60
1.600000 3.000000 0.000000 0.0 0.0 1.0 194 155 116 0.950 4 60
1.600000 3.100000 0.000000 0.0 0.0 1.0 194 155 116 0.950 4 60
1.600000 3.200000 0.000000 0.0 0.0 1.0 194 155 116 0.950 4 60
1.600000 3.300000 0.000000 0.0 0.0 1.0 194 155 116 0.950 4 60
1.600000 3.400000 0.000000 0.0 0.0 1.0 194 155 116 0.950 4 60
1.600000 3.500000 0.000000 0.0 0.0 1.0 194 155 116 0.950 4 60
1.700000 0.000000 0.000000 0.0 0.0 1.0 194 155 116 0.950 4 60
1.700000 0.100000 0.000000 0.0 0.0 1.0 194 155 116 0.950 4 60
1.700000 0.200000 0.000000 0.0 0.0 1.0 194 155 116 0.950 4 60
1.700000 0.300000 0.000000 0.0 0.0 1.0 194 155 116 0.950 4 60
1.700000 0.400000 0.000000 0.0 0.0 1.0 194 155 116 0.950 4 60
1.700000 0.500000 0.000000 0.0 0.0 1.0 194 155 116 0.950 4 60
1.700000 0.600000 0.000000 0.0 0.0 1.0 194 155 116 0.950 4 60
1.700000 0.700000 0.000000 0.0 0.0 1.0 194 155 116 0.950 4 60
1.700000 0.800000 0.000000 0.0 0.0 1.0 194 155 116 0.950 4 60
1.700000 0.900000 0.000000 0.0 0.0 1.0 194 155 116 0.950 4 60
1.700000 1.000000 0.000000 0.0 0.0 1.0 194 155 116 0.950 4 60
1.700000 1.100000 0.000000 0.0 0.0 1.0 194 155 116 0.950 4 60
1.700000 1.200000 0.000000 0.0 0.0 1.0 194 155 116 0.950 4 60
1.700000 1.300000 0.000000 0.0 0.0 1.0 194 155 116 0.950 4 60
1.700000 1.400000 0.000000 0.0 0.0 1.0 194 155 116 0.950 4 60
1.700000 1.500000 0.000000 0.0 0.0 1.0 194 155 116 0.950 4 60
1.700000 1.600000 0.000000 0.0 0.0 1.0 194 155 116 0.950 4 60
1.700000 1.700000 0.000000 0.0 0.0 1.0 194 155 116 0.950 4 60
1.700000 1.800000 0.000000 0.0 0.0 1.0 194 155 116 0.950 4 60
1.700000 1.900000 0.000000 0.0 0.0 1.0 194 155 116 0.950 4 60
1.700000 2.000000 0.000000 0.0 0.0 1.0 194 155 116 0.950 4 60
1.700000 2.100000 0.000000 0.0 0.0 1.0 194 155 116 0.950 4 60
1.700000 2.200000 0.000000 0.0 0.0 1.0 194 155 116 0.950 4 60
1.700000 2.300000 0.000000 0.0 0.0 1.0 194 155 116 0.950 4 60
1.700000 2.400000 0.000000 0.0 0.0 1.0 194 155 116 0.950 4 60
1.700000 2.500000 0.000000 0.0 0.0 1.0 194 155 116 0.950 4 60
1.700000 2.600000 0.000000 0.0 0.0 1.0 194 155 116 0.950 4 60
1.700000 2.700000 0.000000 0.0 0.0 1.0 194 155 116 0.950 4 60
1.700000 2.800000 0.000000 0.0 0.0 1.0 194 155 116 0.950 4 60
1.700000 2.900000 0.000000 0.0 0.0 1.0 194 155 116 0.950 4 60
1.700000 3.000000 0.000000 0.0 0.0 1.0 194 155 116 0.950 4 60
1.700000 3.100000 0.000000 0.0 0.0 1.0 194 155 116 0.950 4 60
1.700000 3.200000 0.000000 0.0 0.0 1.0 194 155 116 0.950 4 60
1.700000 3.300000 0.000000 0.0 0.0 1.0 194 155 116 0.950 4 60
1.700000 3.400000 0.000000 0.0 0.0 1.0 194 155 116 0.950 4 60
1.700000 3.500000 0.000000 0.0 0.0 1.0 194 155 116 0.950 4 60
1.800000 0.000000 0.000000 0.0 0.0 1.0 194 155 116 0.950 4 60
1.800000 0.100000 0.000000 0.0 0.0 1.0 194 155 116 0.950 4 60
1.800000 0.200000 0.000000 0.0 0.0 1.0 194 155 116 0.950 4 60
1.800000 0.300000 0.000000 0.0 0.0 1.0 194 155 116 0.950 4 60
1.800000 0.400000 0.000000 0.0 0.0 1.0 194 155 116 0.950 4 60
1.800000 0.500000 0.000000 0.0 0.0 1.0 194 155 116 0.950 4 60
1.800000 0.600000 0.000000 0.0 0.0 1.0 194 155 116 0.950 4 60
1.800000 0.700000 0.000000 0.0 0.0 1.0 194 155 116 0.950 4 60
1.800000 0.800000 0.000000 0.0 0.0 1.0 194 155 116 0.950 4 60
1.800000 0.900000 0.000000 0.0 0.0 1.0 194 155 116 0.950 4 60
1.800000 1.000000 0.000000 0.0 0.0 1.0 194 155 116 0.950 4 60
1.800000 1.100000 0.000000 0.0 0.0 1.0 194 155 116 0.950 4 60
1.800000 1.200000 0.000000 0.0 0.0 1.0 194 155 116 0.950 4 60
1.800000 1.300000 0.000000 0.0 0.0 1.0 194 155 116 0.950 4 60
1.800000 1.400000 0.000000 0.0 0.0 1.0 194 155 116 0.950 4 60
1.800000 1.500000 0.000000 0.0 0.0 1.0 194 155 116 0.950 4 60
1.800000 1.600000 0.000000 0.0 0.0 1.0 194 155 116 0.950 4 60
1.800000 1.700000 0.000000 0.0 0.0 1.0 194 155 116 0.950 4 60
1.800000 1.800000 0.000000 0.0 0.0 1.0 194 155 116 0.950 4 60
1.800000 1.900000 0.000000 0.0 0.0 1.0 194 155 116 0.950 4 60
1.800000 2.000000 0.000000 0.0 0.0 1.0 194 155 116 0.950 4 60
1.800000 2.100000 0.000000 0.0 0.0 1.0 194 155 116 0.950 4 60
1.800000 2.200000 0.000000 0.0 0.0 1.0 194 155 116 0.950 4 60
1.800000 2.300000 0.000000 0.0 0.0 1.0 194 155 116 0.950 4 60
1.800000 2.400000 0.000000 0.0 0.0 1.0 194 155 116 0.950 4 60
1.800000 2.500000 0.000000 0.0 0.0 1.0 194 155 116 0.950 4 60
1.800000 2.600000 0.000000 0.0 0.0 1.0 194 155 116 0.950 4 60
1.800000 2.700000 0.000000 0.0 0.0 1.0 194 155 116 0.950 4 60
1.800000 2.800000 0.000000 0.0 0.0 1.0 194 155 116 0.950 4 60
1.800000 2.900000 0.000000 0.0 0.0 1.0 194 155 116 0.950 4 60
1.800000 3.000000 0.000000 0.0 0.0 1.0 194 155 116 0.950 4 60
1.800000 3.100000 0.000000 0.0 0.0 1.0 194 155 116 0.950 4 60
1.800000 3.200000 0.000000 0.0 0.0 1.0 194 155 116 0.950 4 60
1.800000 3.300000 0.000000 0.0 0.0 1.0 194 155 116 0.950 4 60
1.800000 3.400000 0.000000 0.0 0.0 1.0 194 155 116 0.950 4 60
1.800000 3.500000 0.000000 0.0 0.0 1.0 194 155 116 0.950 4 60
1.900000 0.000000 0.000000 0.0 0.0 1.0 194 155 116 0.950 4 60
1.900000 0.100000 0.000000 0.0 0.0 1.0 194 155 116 0.950 4 60
1.900000 0.200000 0.000000 0.0 0.0 1.0 194 155 116 0.950 4 60
1.900000 0.300000 0.000000 0.0 0.0 1.0 194 155 116 0.950 4 60
1.900000 0.400000 0.000000 0.0 0.0 1.0 194 155 116 0.950 4 60
1.900000 0.500000 0.000000 0.0 0.0 1.0 194 155 116 0.950 4 60
1.900000 0.600000 0.000000 0.0 0.0 1.0 194 155 116 0.950 4 60
1.900000 0.700000 0.000000 0.0 0.0 1.0 194 155 116 0.950 4 60
1.900000 0.800000 0.000000 0.0 0.0 1.0 194 155 116 0.950 4 60
1.900000 0.900000 0.000000 0.0 0.0 1.0 194 155 116 0.950 4 60
1.900000 1.000000 0.000000 0.0 0.0 1.0 194 155 116 0.950 4 60
1.900000 1.100000 0.000000 0.0 0.0 1.0 194 155 116 0.950 4 60
1.900000 1.200000 0.000000 0.0 0.0 1.0 194 155 116 0.950 4 60
1.900000 1.300000 0.000000 0.0 0.0 1.0 194 155 116 0.950 4 60
1.900000 1.400000 0.000000 0.0 0.0 1.0 194 155 116 0.950 4 60
1.900000 1.500000 0.000000 0.0 0.0 1.0 194 155 116 0.950 4 60
1.900000 1.600000 0.000000 0.0 0.0 1.0 194 155 116 0.950 4 60
1.900000 1.700000 0.000000 0.0 0.0 1.0 194 155 116 0.950 4 60
1.900000 1.800000 0.000000 0.0 0.0 1.0 194 155 116 0.950 4 60
1.900000 1.900000 0.000000 0.0 0.0 1.0 194 155 116 0.950 4 60
1.900000 2.000000 0.000000 0.0 0.0 1.0 194 155 116 0.950 4 60
1.900000 2.100000 0.000000 0.0 0.0 1.0 194 155 116 0.950 4 60
1.900000 2.200000 0.000000 0.0 0.0 1.0 194 155 116 0.950 4 60
1.900000 2.300000 0.000000 0.0 0.0 1.0 194 155 116 0.950 4 60
1.900000 2.400000 0.000000 0.0 0.0 1.0 194 155 116 0.950 4 60
1.900000 2.500000 0.000000 0.0 0.0 1.0 194 155 116 0.950 4 60
1.900000 2.600000 0.000000 0.0 0.0 1.0 194 155 116 0.950 4 60
1.900000 2.700000 0.000000 0.0 0.0 1.0 194 155 116 0.950 4 60
1.900000 2.800000 0.000000 0.0 0.0 1.0 194 155 116 0.950 4 60
1.900000 2.900000 0.000000 0.0 0.0 1.0 194 155 116 0.950 4 60
1.900000 3.000000 0.000000 0.0 0.0 1.0 194 155 116 0.950 4 60
1.900000 3.100000 0.000000 0.0 0.0 1.0 194 155 116 0.950 4 60
1.900000 3.200000 0.000000 0.0 0.0 1.0 194 155 116 0.950 4 60
1.900000 3.300000 0.000000 0.0 0.0 1.0 194 155 116 0.950 4 60
1.900000 3.400000 0.000000 0.0 0.0 1.0 194 155 116 0.950 4 60
1.900000 3.500000 0.000000 0.0 0.0 1.0 194 155 116 0.950 4 60
2.000000 0.000000 0.000000 0.0 0.0 1.0 194 155 116 0.950 4 60
2.000000 0.100000 0.000000 0.0 0.0 1.0 194 155 116 0.950 4 60
2.000000 0.200000 0.000000 0.0 0.0 1.0 194 155 116 0.950 4 60
2.000000 0.300000 0.000000 0.0 0.0 1.0 194 155 116 0.950 4 60
2.000000 0.400000 0.000000 0.0 0.0 1.0 194 155 116 0.950 4 60
2.000000 0.500000 0.000000 0.0 0.0 1.0 194 155 116 0.950 4 60
2.000000 0.600000 0.000000 0.0 0.0 1.0 194 155 116 0.950 4 60
2.000000 0.700000 0.000000 0.0 0.0 1.0 194 155 116 0.950 4 60
2.000000 0.800000 0.000000 0.0 0.0 1.0 194 155 116 0.950 4 60
2.000000 0.900000 0.000000 0.0 0.0 1.0 194 155 116 0.950 4 60
2.000000 1.000000 0.000000 0.0 0.0 1.0 194 155 116 0.950 4 60
2.000000 1.100000 0.000000 0.0 0.0 1.0 194 155 116 0.950 4 60
2.000000 1.200000 0.000000 0.0 0.0 1.0 194 155 116 0.950 4 60
2.000000 1.300000 0.000000 0.0 0.0 1.0 194 155 116 0.950 4 60
2.000000 1.400000 0.000000 0.0 0.0 1.0 194 155 116 0.950 4 60
2.000000 1.500000 0.000000 0.0 0.0 1.0 194 155 116 0.950 4 60
2.000000 1.600000 0.000000 0.0 0.0 1.0 194 155 116 0.950 4 60
2.000000 1.700000 0.000000 0.0 0.0 1.0 194 155 116 0.950 4 60
2.000000 1.800000 0.000000 0.0 0.0 1.0 194 155 116 0.950 4 60
2.000000 1.900000 0.000000 0.0 0.0 1.0 194 155 116 0.950 4 60
2.000000 2.000000 0.000000 0.0 0.0 1.0 194 155 116 0.950 4 60
2.000000 2.100000 0.000000 0.0 0.0 1.0 194 155 116 0.950 4 60
2.000000 2.200000 0.000000 0.0 0.0 1.0 194 155 116 0.950 4 60
2.000000 2.300000 0.000000 0.0 0.0 1.0 194 155 116 0.950 4 60
2.000000 2.400000 0.000000 0.0 0.0 1.0 194 155 116 0.950 4 60
2.000000 2.500000 0.000000 0.0 0.0 1.0 194 155 116 0.950 4 60
2.000000 2.600000 0.000000 0.0 0.0 1.0 194 155 116 0.950 4 60
2.000000 2.700000 0.000000 0.0 0.0 1.0 194 155 116 0.950 4 60
2.000000 2.800000 0.000000 0.0 0.0 1.0 194 155 116 0.950 4 60
2.000000 2.900000 0.000000 0.0 0.0 1.0 194 155 116 0.950 4 60
2.000000 3.000000 0.000000 0.0 0.0 1.0 194 155 116 0.950 4 60
2.000000 3.100000 0.000000 0.0 0.0 1.0 194 155 116 0.950 4 60
2.000000 3.200000 0.000000 0.0 0.0 1.0 194 155 116 0.950 4 60
2.000000 3.300000 0.000000 0.0 0.0 1.0 194 155 116 0.950 4 60
2.000000 3.400000 0.000000 0.0 0.0 1.0 194 155 116 0.950 4 60
2.000000 3.500000 0.000000 0.0 0.0 1.0 194 155 116 0.950 4 60
-4.000000 0.000000 -2.000000 0.0 1.0 0.0 91 120 73 0.880 3 61
-4.000000 0.000000 -1.900000 0.0 1.0 0.0 91 120 73 0.880 3 61
-4.000000 0.000000 -1.800000 0.0 1.0 0.0 91 120 73 0.880 3 61
-4.000000 0.000000 -1.700000 0.0 1.0 0.0 91 120 73 0.880 3 61
-4.000000 0.000000 -1.600000 0.0 1.0 0.0 91 120 73 0.880 3 61
-4.000000 0.000000 -1.500000 0.0 1.0 0.0 91 120 73 0.880 3 61
-4.000000 0.000000 -1.400000 0.0 1.0 0.0 91 120 73 0.880 3 61
-4.000000 0.000000 -1.300000 0.0 1.0 0.0 91 120 73 0.880 3 61
-4.000000 0.000000 -1.200000 0.0 1.0 0.0 91 120 73 0.880 3 61
-4.000000 0.000000 -1.100000 0.0 1.0 0.0 91 120 73 0.880 3 61
-4.000000 0.000000 -1.000000 0.0 1.0 0.0 91 120 73 0.880 3 61
-4.000000 0.000000 -0.900000 0.0 1.0 0.0 91 120 73 0.880 3 61
-4.000000 0.000000 -0.800000 0.0 1.0 0.0 91 120 73 0.880 3 61
-4.000000 0.000000 -0.700000 0.0 1.0 0.0 91 120 73 0.880 3 61
-4.000000 0.000000 -0.600000 0.0 1.0 0.0 91 120 73 0.880 3 61
-4.000000 0.000000 -0.500000 0.0 1.0 0.0 91 120 73 0.880 3 61
-4.000000 0.000000 -0.400000 0.0 1.0 0.0 91 120 73 0.880 3 61
-4.000000 0.000000 -0.300000 0.0 1.0 0.0 91 120 73 0.880 3 61
-4.000000 0.000000 -0.200000 0.0 1.0 0.0 91 120 73 0.880 3 61
-4.000000 0.000000 -0.100000 0.0 1.0 0.0 91 120 73 0.880 3 61
-4.000000 0.000000 0.000000 0.0 1.0 0.0 91 120 73 0.880 3 61
-4.000000 0.000000 0.100000 0.0 1.0 0.0 91 120 73 0.880 3 61
-4.000000 0.000000 0.200000 0.0 1.0 0.0 91 120 73 0.880 3 61
-4.000000 0.000000 0.300000 0.0 1.0 0.0 91 120 73 0.880 3 61
-4.000000 0.000000 0.400000 0.0 1.0 0.0 91 120 73 0.880 3 61
-4.000000 0.000000 0.500000 0.0 1.0 0.0 91 120 73 0.880 3 61
-4.000000 0.000000 0.600000 0.0 1.0 0.0 91 120 73 0.880 3 61
-4.000000 0.000000 0.700000 0.0 1.0 0.0 91 120 73 0.880 3 61
-4.000000 0.000000 0.800000 0.0 1.0 0.0 91 120 73 0.880 3 61
-4.000000 0.000000 0.900000 0.0 1.0 0.0 91 120 73 0.880 3 61
-4.000000 0.000000 1.000000 0.0 1.0 0.0 91 120 73 0.880 3 61
-4.000000 0.000000 1.100000 0.0 1.0 0.0 91 120 73 0.880 3 61
-4.000000 0.000000 1.200000 0.0 1.0 0.0 91 120 73 0.880 3 61
-4.000000 0.000000 1.300000 0.0 1.0 0.0 91 120 73 0.880 3 61
-4.000000 0.000000 1.400000 0.0 1.0 0.0 91 120 73 0.880 3 61
-4.000000 0.000000 1.500000 0.0 1.0 0.0 91 120 73 0.880 3 61
-4.000000 0.000000 1.600000 0.0 1.0 0.0 91 120 73 0.880 3 61
-4.000000 0.000000 1.700000 0.0 1.0 0.0 91 120 73 0.880 3 61
-4.000000 0.000000 1.800000 0.0 1.0 0.0 91 120 73 0.880 3 61
-4.000000 0.000000 1.900000 0.0 1.0 0.0 91 120 73 0.880 3 61
-4.000000 0.000000 2.000000 0.0 1.0 0.0 91 120 73 0.880 3 61
-4.000000 0.000000 2.100000 0.0 1.0 0.0 91 120 73 0.880 3 61
-4.000000 0.000000 2.200000 0.0 1.0 0.0 91 120 73 0.880 3 61
-4.000000 0.000000 2.300000 0.0 1.0 0.0 91 120 73 0.880 3 61
-4.000000 0.000000 2.400000 0.0 1.0 0.0 91 120 73 0.880 3 61
-4.000000 0.000000 2.500000 0.0 1.0 0.0 91 120 73 0.880 3 61
-4.000000 0.000000 2.600000 0.0 1.0 0.0 91 120 73 0.880 3 61
-4.000000 0.000000 2.700000 0.0 1.0 0.0 91 120 73 0.880 3 61
-4.000000 0.000000 2.800000 0.0 1.0 0.0 91 120 73 0.880 3 61
-4.000000 0.000000 2.900000 0.0 1.0 0.0 91 120 73 0.880 3 61
-4.000000 0.000000 3.000000 0.0 1.0 0.0 91 120 73 0.880 3 61
-4.000000 0.000000 3.100000 0.0 1.0 0.0 91 120 73 0.880 3 61
-4.000000 0.000000 3.200000 0.0 1.0 0.0 91 120 73 0.880 3 61
-4.000000 0.000000 3.300000 0.0 1.0 0.0 91 120 73 0.880 3 61
-4.000000 0.000000 3.400000 0.0 1.0 0.0 91 120 73 0.880 3 61
-4.000000 0.000000 3.500000 0.0 1.0 0.0 91 120 73 0.880 3 61
-4.000000 0.000000 3.600000 0.0 1.0 0.0 91 120 73 0.880 3 61
-4.000000 0.000000 3.700000 0.0 1.0 0.0 91 120 73 0.880 3 61
-4.000000 0.000000 3.800000 0.0 1.0 0.0 91 120 73 0.880 3 61
-4.000000 0.000000 3.900000 0.0 1.0 0.0 91 120 73 0.880 3 61
-4.000000 0.000000 4.000000 0.0 1.0 0.0 91 120 73 0.880 3 61
-3.900000 0.000000 -2.000000 0.0 1.0 0.0 91 120 73 0.880 3 61
-3.900000 0.000000 -1.900000 0.0 1.0 0.0 91 120 73 0.880 3 61
-3.900000 0.000000 -1.800000 0.0 1.0 0.0 91 120 73 0.880 3 61
-3.900000 0.000000 -1.700000 0.0 1.0 0.0 91 120 73 0.880 3 61
-3.900000 0.000000 -1.600000 0.0 1.0 0.0 91 120 73 0.880 3 61
-3.900000 0.000000 -1.500000 0.0 1.0 0.0 91 120 73 0.880 3 61
-3.900000 0.000000 -1.400000 0.0 1.0 0.0 91 120 73 0.880 3 61
-3.900000 0.000000 -1.300000 0.0 1.0 0.0 91 120 73 0.880 3 61
-3.900000 0.000000 -1.200000 0.0 1.0 0.0 91 120 73 0.880 3 61
-3.900000 0.000000 -1.100000 0.0 1.0 0.0 91 120 73 0.880 3 61
-3.900000 0.000000 -1.000000 0.0 1.0 0.0 91 120 73 0.880 3 61
-3.900000 0.000000 -0.900000 0.0 1.0 0.0 91 120 73 0.880 3 61
-3.900000 0.000000 -0.800000 0.0 1.0 0.0 91 120 73 0.880 3 61
-3.900000 0.000000 -0.700000 0.0 1.0 0.0 91 120 73 0.880 3 61
-3.900000 0.000000 -0.600000 0.0 1.0 0.0 91 120 73 0.880 3 61
-3.900000 0.000000 -0.500000 0.0 1.0 0.0 91 120 73 0.880 3 61
-3.900000 0.000000 -0.400000 0.0 1.0 0.0 91 120 73 0.880 3 61
-3.900000 0.000000 -0.300000 0.0 1.0 0.0 91 120 73 0.880 3 61
-3.900000 0.000000 -0.200000 0.0 1.0 0.0 91 120 73 0.880 3 61
-3.900000 0.000000 -0.100000 0.0 1.0 0.0 91 120 73 0.880 3 61
-3.900000 0.000000 0.000000 0.0 1.0 0.0 91 120 73 0.880 3 61
-3.900000 0.000000 0.100000 0.0 1.0 0.0 91 120 73 0.880 3 61
-3.900000 0.000000 0.200000 0.0 1.0 0.0 91 120 73 0.880 3 61
-3.900000 0.000000 0.300000 0.0 1.0 0.0 91 120 73 0.880 3 61
-3.900000 0.000000 0.400000 0.0 1.0 0.0 91 120 73 0.880 3 61
-3.900000 0.000000 0.500000 0.0 1.0 0.0 91 120 73 0.880 3 61
-3.900000 0.000000 0.600000 0.0 1.0 0.0 91 120 73 0.880 3 61
-3.900000 0.000000 0.700000 0.0 1.0 0.0 91 120 73 0.880 3 61
-3.900000 0.000000 0.800000 0.0 1.0 0.0 91 120 73 0.880 3 61
-3.900000 0.000000 0.900000 0.0 1.0 0.0 91 120 73 0.880 3 61
-3.900000 0.000000 1.000000 0.0 1.0 0.0 91 120 73 0.880 3 61
-3.900000 0.000000 1.100000 0.0 1.0 0.0 91 120 73 0.880 3 61
-3.900000 0.000000 1.200000 0.0 1.0 0.0 91 120 73 0.880 3 61
-3.900000 0.000000 1.300000 0.0 1.0 0.0 91 120 73 0.880 3 61
-3.900000 0.000000 1.400000 0.0 1.0 0.0 91 120 73 0.880 3 61
-3.900000 0.000000 1.500000 0.0 1.0 0.0 91 120 73 0.880 3 61
-3.900000 0.000000 1.600000 0.0 1.0 0.0 91 120 73 0.880 3 61
-3.900000 0.000000 1.700000 0.0 1.0 0.0 91 120 73 0.880 3 61
-3.900000 0.000000 1.800000 0.0 1.0 0.0 91 120 73 0.880 3 61
-3.900000 0.000000 1.900000 0.0 1.0 0.0 91 120 73 0.880 3 61
-3.900000 0.000000 2.000000 0.0 1.0 0.0 91 120 73 0.880 3 61
-3.900000 0.000000 2.100000 0.0 1.0 0.0 91 120 73 0.880 3 61
-3.900000 0.000000 2.200000 0.0 1.0 0.0 91 120 73 0.880 3 61
-3.900000 0.000000 2.300000 0.0 1.0 0.0 91 120 73 0.880 3 61
-3.900000 0.000000 2.400000 0.0 1.0 0.0 91 120 73 0.880 3 61
-3.900000 0.000000 2.500000 0.0 1.0 0.0 91 120 73 0.880 3 61
-3.900000 0.000000 2.600000 0.0 1.0 0.0 91 120 73 0.880 3 61
-3.900000 0.000000 2.700000 0.0 1.0 0.0 91 120 73 0.880 3 61
-3.900000 0.000000 2.800000 0.0 1.0 0.0 91 120 73 0.880 3 61
-3.900000 0.000000 2.900000 0.0 1.0 0.0 91 120 73 0.880 3 61
-3.900000 0.000000 3.000000 0.0 1.0 0.0 91 120 73 0.880 3 61
-3.900000 0.000000 3.100000 0.0 1.0 0.0 91 120 73 0.880 3 61
-3.900000 0.000000 3.200000 0.0 1.0 0.0 91 120 73 0.880 3 61
-3.900000 0.000000 3.300000 0.0 1.0 0.0 91 120 73 0.880 3 61
-3.900000 0.000000 3.400000 0.0 1.0 0.0 91 120 73 0.880 3 61
-3.900000 0.000000 3.500000 0.0 1.0 0.0 91 120 73 0.880 3 61
-3.900000 0.000000 3.600000 0.0 1.0 0.0 91 120 73 0.880 3 61
-3.900000 0.000000 3.700000 0.0 1.0 0.0 91 120 73 0.880 3 61
-3.900000 0.000000 3.800000 0.0 1.0 0.0 91 120 73 0.880 3 61
-3.900000 0.000000 3.900000 0.0 1.0 0.0 91 120 73 0.880 3 61
-3.900000 0.000000 4.000000 0.0 1.0 0.0 91 120 73 0.880 3 61
-3.800000 0.000000 -2.000000 0.0 1.0 0.0 91 120 73 0.880 3 61
-3.800000 0.000000 -1.900000 0.0 1.0 0.0 91 120 73 0.880 3 61
-3.800000 0.000000 -1.800000 0.0 1.0 0.0 91 120 73 0.880 3 61
-3.800000 0.000000 -1.700000 0.0 1.0 0.0 91 120 73 0.880 3 61
-3.800000 0.000000 -1.600000 0.0 1.0 0.0 91 120 73 0.880 3 61
-3.800000 0.000000 -1.500000 0.0 1.0 0.0 91 120 73 0.880 3 61
-3.800000 0.000000 -1.400000 0.0 1.0 0.0 91 120 73 0.880 3 61
-3.800000 0.000000 -1.300000 0.0 1.0 0.0 91 120 73 0.880 3 61
-3.800000 0.000000 -1.200000 0.0 1.0 0.0 91 120 73 0.880 3 61
-3.800000 0.000000 -1.100000 0.0 1.0 0.0 91 120 73 0.880 3 61
-3.800000 0.000000 -1.000000 0.0 1.0 0.0 91 120 73 0.880 3 61
-3.800000 0.000000 -0.900000 0.0 1.0 0.0 91 120 73 0.880 3 61
-3.800000 0.000000 -0.800000 0.0 1.0 0.0 91 120 73 0.880 3 61
-3.800000 0.000000 -0.700000 0.0 1.0 0.0 91 120 73 0.880 3 61
-3.800000 0.000000 -0.600000 0.0 1.0 0.0 91 120 73 0.880 3 61
-3.800000 0.000000 -0.500000 0.0 1.0 0.0 91 120 73 0.880 3 61
-3.800000 0.000000 -0.400000 0.0 1.0 0.0 91 120 73 0.880 3 61
-3.800000 0.000000 -0.300000 0.0 1.0 0.0 91 120 73 0.880 3 61
-3.800000 0.000000 -0.200000 0.0 1.0 0.0 91 120 73 0.880 3 61
-3.800000 0.000000 -0.100000 0.0 1.0 0.0 91 120 73 0.880 3 61
-3.800000 0.000000 0.000000 0.0 1.0 0.0 91 120 73 0.880 3 61
-3.800000 0.000000 0.100000 0.0 1.0 0.0 91 120 73 0.880 3 61
-3.800000 0.000000 0.200000 0.0 1.0 0.0 91 120 73 0.880 3 61
-3.800000 0.000000 0.300000 0.0 1.0 0.0 91 120 73 0.880 3 61
-3.800000 0.000000 0.400000 0.0 1.0 0.0 91 120 73 0.880 3 61
-3.800000 0.000000 0.500000 0.0 1.0 0.0 91 120 73 0.880 3 61
-3.800000 0.000000 0.600000 0.0 1.0 0.0 91 120 73 0.880 3 61
-3.800000 0.000000 0.700000 0.0 1.0 0.0 91 120 73 0.880 3 61
-3.800000 0.000000 0.800000 0.0 1.0 0.0 91 120 73 0.880 3 61
-3.800000 0.000000 0.900000 0.0 1.0 0.0 91 120 73 0.880 3 61
-3.800000 0.000000 1.000000 0.0 1.0 0.0 91 120 73 0.880 3 61
-3.800000 0.000000 1.100000 0.0 1.0 0.0 91 120 73 0.880 3 61
-3.800000 0.000000 1.200000 0.0 1.0 0.0 91 120 73 0.880 3 61
-3.800000 0.000000 1.300000 0.0 1.0 0.0 91 120 73 0.880 3 61
-3.800000 0.000000 1.400000 0.0 1.0 0.0 91 120 73 0.880 3 61
-3.800000 0.000000 1.500000 0.0 1.0 0.0 91 120 73 0.880 3 61
-3.800000 0.000000 1.600000 0.0 1.0 0.0 91 120 73 0.880 3 61
-3.800000 0.000000 1.700000 0.0 1.0 0.0 91 120 73 0.880 3 61
-3.800000 0.000000 1.800000 0.0 1.0 0.0 91 120 73 0.880 3 61
-3.800000 0.000000 1.900000 0.0 1.0 0.0 91 120 73 0.880 3 61
-3.800000 0.000000 2.000000 0.0 1.0 0.0 91 120 73 0.880 3 61
-3.800000 0.000000 2.100000 0.0 1.0 0.0 91 120 73 0.880 3 61
-3.800000 0.000000 2.200000 0.0 1.0 0.0 91 120 73 0.880 3 61
-3.800000 0.000000 2.300000 0.0 1.0 0.0 91 120 73 0.880 3 61
-3.800000 0.000000 2.400000 0.0 1.0 0.0 91 120 73 0.880 3 61
-3.800000 0.000000 2.500000 0.0 1.0 0.0 91 120 73 0.880 3 61
-3.800000 0.000000 2.600000 0.0 1.0 0.0 91 120 73 0.880 3 61
-3.800000 0.000000 2.700000 0.0 1.0 0.0 91 120 73 0.880 3 61
-3.800000 0.000000 2.800000 0.0 1.0 0.0 91 120 73 0.880 3 61
-3.800000 0.000000 2.900000 0.0 1.0 0.0 91 120 73 0.880 3 61
-3.800000 0.000000 3.000000 0.0 1.0 0.0 91 120 73 0.880 3 61
-3.800000 0.000000 3.100000 0.0 1.0 0.0 91 120 73 0.880 3 61
-3.800000 0.000000 3.200000 0.0 1.0 0.0 91 120 73 0.880 3 61
-3.800000 0.000000 3.300000 0.0 1.0 0.0 91 120 73 0.880 3 61
-3.800000 0.000000 3.400000 0.0 1.0 0.0 91 120 73 0.880 3 61
-3.800000 0.000000 3.500000 0.0 1.0 0.0 91 120 73 0.880 3 61
-3.800000 0.000000 3.600000 0.0 1.0 0.0 91 120 73 0.880 3 61
-3.800000 0.000000 3.700000 0.0 1.0 0.0 91 120 73 0.880 3 61
-3.800000 0.000000 3.800000 0.0 1.0 0.0 91 120 73 0.880 3 61
-3.800000 0.000000 3.900000 0.0 1.0 0.0 91 120 73 0.880 3 61
-3.800000 0.000000 4.000000 0.0 1.0 0.0 91 120 73 0.880 3 61
-3.700000 0.000000 -2.000000 0.0 1.0 0.0 91 120 73 0.880 3 61
-3.700000 0.000000 -1.900000 0.0 1.0 0.0 91 120 73 0.880 3 61
-3.700000 0.000000 -1.800000 0.0 1.0 0.0 91 120 73 0.880 3 61
-3.700000 0.000000 -1.700000 0.0 1.0 0.0 91 120 73 0.880 3 61
-3.700000 0.000000 -1.600000 0.0 1.0 0.0 91 120 73 0.880 3 61
-3.700000 0.000000 -1.500000 0.0 1.0 0.0 91 120 73 0.880 3 61
-3.700000 0.000000 -1.400000 0.0 1.0 0.0 91 120 73 0.880 3 61
-3.700000 0.000000 -1.300000 0.0 1.0 0.0 91 120 73 0.880 3 61
-3.700000 0.000000 -1.200000 0.0 1.0 0.0 91 120 73 0.880 3 61
-3.700000 0.000000 -1.100000 0.0 1.0 0.0 91 120 73 0.880 3 61
-3.700000 0.000000 -1.000000 0.0 1.0 0.0 91 120 73 0.880 3 61
-3.700000 0.000000 -0.900000 0.0 1.0 0.0 91 120 73 0.880 3 61
-3.700000 0.000000 -0.800000 0.0 1.0 0.0 91 120 73 0.880 3 61
-3.700000 0.000000 -0.700000 0.0 1.0 0.0 91 120 73 0.880 3 61
-3.700000 0.000000 -0.600000 0.0 1.0 0.0 91 120 73 0.880 3 61
-3.700000 0.000000 -0.500000 0.0 1.0 0.0 91 120 73 0.880 3 61
-3.700000 0.000000 -0.400000 0.0 1.0 0.0 91 120 73 0.880 3 61
-3.700000 0.000000 -0.300000 0.0 1.0 0.0 91 120 73 0.880 3 61
-3.700000 0.000000 -0.200000 0.0 1.0 0.0 91 120 73 0.880 3 61
-3.700000 0.000000 -0.100000 0.0 1.0 0.0 91 120 73 0.880 3 61
-3.700000 0.000000 0.000000 0.0 1.0 0.0 91 120 73 0.880 3 61
-3.700000 0.000000 0.100000 0.0 1.0 0.0 91 120 73 0.880 3 61
-3.700000 0.000000 0.200000 0.0 1.0 0.0 91 120 73 0.880 3 61
-3.700000 0.000000 0.300000 0.0 1.0 0.0 91 120 73 0.880 3 61
-3.700000 0.000000 0.400000 0.0 1.0 0.0 91 120 73 0.880 3 61
-3.700000 0.000000 0.500000 0.0 1.0 0.0 91 120 73 0.880 3 61
-3.700000 0.000000 0.600000 0.0 1.0 0.0 91 120 73 0.880 3 61
-3.700000 0.000000 0.700000 0.0 1.0 0.0 91 120 73 0.880 3 61
-3.700000 0.000000 0.800000 0.0 1.0 0.0 91 120 73 0.880 3 61
-3.700000 0.000000 0.900000 0.0 1.0 0.0 91 120 73 0.880 3 61
-3.700000 0.000000 1.000000 0.0 1.0 0.0 91 120 73 0.880 3 61
-3.700000 0.000000 1.100000 0.0 1.0 0.0 91 120 73 0.880 3 61
-3.700000 0.000000 1.200000 0.0 1.0 0.0 91 120 73 0.880 3 61
-3.700000 0.000000 1.300000 0.0 1.0 0.0 91 120 73 0.880 3 61
-3.700000 0.000000 1.400000 0.0 1.0 0.0 91 120 73 0.880 3 61
-3.700000 0.000000 1.500000 0.0 1.0 0.0 91 120 73 0.880 3 61
-3.700000 0.000000 1.600000 0.0 1.0 0.0 91 120 73 0.880 3 61
-3.700000 0.000000 1.700000 0.0 1.0 0.0 91 120 73 0.880 3 61
-3.700000 0.000000 1.800000 0.0 1.0 0.0 91 120 73 0.880 3 61
-3.700000 0.000000 1.900000 0.0 1.0 0.0 91 120 73 0.880 3 61
-3.700000 0.000000 2.000000 0.0 1.0 0.0 91 120 73 0.880 3 61
-3.700000 0.000000 2.100000 0.0 1.0 0.0 91 120 73 0.880 3 61
-3.700000 0.000000 2.200000 0.0 1.0 0.0 91 120 73 0.880 3 61
-3.700000 0.000000 2.300000 0.0 1.0 0.0 91 120 73 0.880 3 61
-3.700000 0.000000 2.400000 0.0 1.0 0.0 91 120 73 0.880 3 61
-3.700000 0.000000 2.500000 0.0 1.0 0.0 91 120 73 0.880 3 61
-3.700000 0.000000 2.600000 0.0 1.0 0.0 91 120 73 0.880 3 61
-3.700000 0.000000 2.700000 0.0 1.0 0.0 91 120 73 0.880 3 61
-3.700000 0.000000 2.800000 0.0 1.0 0.0 91 120 73 0.880 3 61
-3.700000 0.000000 2.900000 0.0 1.0 0.0 91 120 73 0.880 3 61
-3.700000 0.000000 3.000000 0.0 1.0 0.0 91 120 73 0.880 3 61
-3.700000 0.000000 3.100000 0.0 1.0 0.0 91 120 73 0.880 3 61
-3.700000 0.000000 3.200000 0.0 1.0 0.0 91 120 73 0.880 3 61
-3.700000 0.000000 3.300000 0.0 1.0 0.0 91 120 73 0.880 3 61
-3.700000 0.000000 3.400000 0.0 1.0 0.0 91 120 73 0.880 3 61
-3.700000 0.000000 3.500000 0.0 1.0 0.0 91 120 73 0.880 3 61
-3.700000 0.000000 3.600000 0.0 1.0 0.0 91 120 73 0.880 3 61
-3.700000 0.000000 3.700000 0.0 1.0 0.0 91 120 73 0.880 3 61
-3.700000 0.000000 3.800000 0.0 1.0 0.0 91 120 73 0.880 3 61
-3.700000 0.000000 3.900000 0.0 1.0 0.0 91 120 73 0.880 3 61
-3.700000 0.000000 4.000000 0.0 1.0 0.0 91 120 73 0.880 3 61
-3.600000 0.000000 -2.000000 0.0 1.0 0.0 91 120 73 0.880 3 61
-3.600000 0.000000 -1.900000 0.0 1.0 0.0 91 120 73 0.880 3 61
-3.600000 0.000000 -1.800000 0.0 1.0 0.0 91 120 73 0.880 3 61
-3.600000 0.000000 -1.700000 0.0 1.0 0.0 91 120 73 0.880 3 61
-3.600000 0.000000 -1.600000 0.0 1.0 0.0 91 120 73 0.880 3 61
-3.600000 0.000000 -1.500000 0.0 1.0 0.0 91 120 73 0.880 3 61
-3.600000 0.000000 -1.400000 0.0 1.0 0.0 91 120 73 0.880 3 61
-3.600000 0.000000 -1.300000 0.0 1.0 0.0 91 120 73 0.880 3 61
-3.600000 0.000000 -1.200000 0.0 1.0 0.0 91 120 73 0.880 3 61
-3.600000 0.000000 -1.100000 0.0 1.0 0.0 91 120 73 0.880 3 61
-3.600000 0.000000 -1.000000 0.0 1.0 0.0 91 120 73 0.880 3 61
-3.600000 0.000000 -0.900000 0.0 1.0 0.0 91 120 73 0.880 3 61
-3.600000 0.000000 -0.800000 0.0 1.0 0.0 91 120 73 0.880 3 61
-3.600000 0.000000 -0.700000 0.0 1.0 0.0 91 120 73 0.880 3 61
-3.600000 0.000000 -0.600000 0.0 1.0 0.0 91 120 73 0.880 3 61
-3.600000 0.000000 -0.500000 0.0 1.0 0.0 91 120 73 0.880 3 61
-3.600000 0.000000 -0.400000 0.0 1.0 0.0 91 120 73 0.880 3 61
-3.600000 0.000000 -0.300000 0.0 1.0 0.0 91 120 73 0.880 3 61
-3.600000 0.000000 -0.200000 0.0 1.0 0.0 91 120 73 0.880 3 61
-3.600000 0.000000 -0.100000 0.0 1.0 0.0 91 120 73 0.880 3 61
-3.600000 0.000000 0.000000 0.0 1.0 0.0 91 120 73 0.880 3 61
-3.600000 0.000000 0.100000 0.0 1.0 0.0 91 120 73 0.880 3 61
-3.600000 0.000000 0.200000 0.0 1.0 0.0 91 120 73 0.880 3 61
-3.600000 0.000000 0.300000 0.0 1.0 0.0 91 120 73 0.880 3 61
-3.600000 0.000000 0.400000 0.0 1.0 0.0 91 120 73 0.880 3 61
-3.600000 0.000000 0.500000 0.0 1.0 0.0 91 120 73 0.880 3 61
-3.600000 0.000000 0.600000 0.0 1.0 0.0 91 120 73 0.880 3 61
-3.600000 0.000000 0.700000 0.0 1.0 0.0 91 120 73 0.880 3 61
-3.600000 0.000000 0.800000 0.0 1.0 0.0 91 120 73 0.880 3 61
-3.600000 0.000000 0.900000 0.0 1.0 0.0 91 120 73 0.880 3 61
-3.600000 0.000000 1.000000 0.0 1.0 0.0 91 120 73 0.880 3 61
-3.600000 0.000000 1.100000 0.0 1.0 0.0 91 120 73 0.880 3 61
-3.600000 0.000000 1.200000 0.0 1.0 0.0 91 120 73 0.880 3 61
-3.600000 0.000000 1.300000 0.0 1.0 0.0 91 120 73 0.880 3 61
-3.600000 0.000000 1.400000 0.0 1.0 0.0 91 120 73 0.880 3 61
-3.600000 0.000000 1.500000 0.0 1.0 0.0 91 120 73 0.880 3 61
-3.600000 0.000000 1.600000 0.0 1.0 0.0 91 120 73 0.880 3 61
-3.600000 0.000000 1.700000 0.0 1.0 0.0 91 120 73 0.880 3 61
-3.600000 0.000000 1.800000 0.0 1.0 0.0 91 120 73 0.880 3 61
-3.600000 0.000000 1.900000 0.0 1.0 0.0 91 120 73 0.880 3 61
-3.600000 0.000000 2.000000 0.0 1.0 0.0 91 120 73 0.880 3 61
-3.600000 0.000000 2.100000 0.0 1.0 0.0 91 120 73 0.880 3 61
-3.600000 0.000000 2.200000 0.0 1.0 0.0 91 120 73 0.880 3 61
-3.600000 0.000000 2.300000 0.0 1.0 0.0 91 120 73 0.880 3 61
-3.600000 0.000000 2.400000 0.0 1.0 0.0 91 120 73 0.880 3 61
-3.600000 0.000000 2.500000 0.0 1.0 0.0 91 120 73 0.880 3 61
-3.600000 0.000000 2.600000 0.0 1.0 0.0 91 120 73 0.880 3 61
-3.600000 0.000000 2.700000 0.0 1.0 0.0 91 120 73 0.880 3 61
-3.600000 0.000000 2.800000 0.0 1.0 0.0 91 120 73 0.880 3 61
-3.600000 0.000000 2.900000 0.0 1.0 0.0 91 120 73 0.880 3 61
-3.600000 0.000000 3.000000 0.0 1.0 0.0 91 120 73 0.880 3 61
-3.600000 0.000000 3.100000 0.0 1.0 0.0 91 120 73 0.880 3 61
-3.600000 0.000000 3.200000 0.0 1.0 0.0 91 120 73 0.880 3 61
-3.600000 0.000000 3.300000 0.0 1.0 0.0 91 120 73 0.880 3 61
-3.600000 0.000000 3.400000 0.0 1.0 0.0 91 120 73 0.880 3 61
-3.600000 0.000000 3.500000 0.0 1.0 0.0 91 120 73 0.880 3 61
-3.600000 0.000000 3.600000 0.0 1.0 0.0 91 120 73 0.880 3 61
-3.600000 0.000000 3.700000 0.0 1.0 0.0 91 120 73 0.880 3 61
-3.600000 0.000000 3.800000 0.0 1.0 0.0 91 120 73 0.880 3 61
-3.600000 0.000000 3.900000 0.0 1.0 0.0 91 120 73 0.880 3 61
-3.600000 0.000000 4.000000 0.0 1.0 0.0 91 120 73 0.880 3 61
-3.500000 0.000000 -2.000000 0.0 1.0 0.0 91 120 73 0.880 3 61
-3.500000 0.000000 -1.900000 0.0 1.0 0.0 91 120 73 0.880 3 61
-3.500000 0.000000 -1.800000 0.0 1.0 0.0 91 120 73 0.880 3 61
-3.500000 0.000000 -1.700000 0.0 1.0 0.0 91 120 73 0.880 3 61
-3.500000 0.000000 -1.600000 0.0 1.0 0.0 91 120 73 0.880 3 61
-3.500000 0.000000 -1.500000 0.0 1.0 0.0 91 120 73 0.880 3 61
-3.500000 0.000000 -1.400000 0.0 1.0 0.0 91 120 73 0.880 3 61
-3.500000 0.000000 -1.300000 0.0 1.0 0.0 91 120 73 0.880 3 61
-3.500000 0.000000 -1.200000 0.0 1.0 0.0 91 120 73 0.880 3 61
-3.500000 0.000000 -1.100000 0.0 1.0 0.0 91 120 73 0.880 3 61
-3.500000 0.000000 -1.000000 0.0 1.0 0.0 91 120 73 0.880 3 61
-3.500000 0.000000 -0.900000 0.0 1.0 0.0 91 120 73 0.880 3 61
-3.500000 0.000000 -0.800000 0.0 1.0 0.0 91 120 73 0.880 3 61
-3.500000 0.000000 -0.700000 0.0 1.0 0.0 91 120 73 0.880 3 61
-3.500000 0.000000 -0.600000 0.0 1.0 0.0 91 120 73 0.880 3 61
-3.500000 0.000000 -0.500000 0.0 1.0 0.0 91 120 73 0.880 3 61
-3.500000 0.000000 -0.400000 0.0 1.0 0.0 91 120 73 0.880 3 61
-3.500000 0.000000 -0.300000 0.0 1.0 0.0 91 120 73 0.880 3 61
-3.500000 0.000000 -0.200000 0.0 1.0 0.0 91 120 73 0.880 3 61
-3.500000 0.000000 -0.100000 0.0 1.0 0.0 91 120 73 0.880 3 61
-3.500000 0.000000 0.000000 0.0 1.0 0.0 91 120 73 0.880 3 61
-3.500000 0.000000 0.100000 0.0 1.0 0.0 91 120 73 0.880 3 61
-3.500000 0.000000 0.200000 0.0 1.0 0.0 91 120 73 0.880 3 61
-3.500000 0.000000 0.300000 0.0 1.0 0.0 91 120 73 0.880 3 61
-3.500000 0.000000 0.400000 0.0 1.0 0.0 91 120 73 0.880 3 61
-3.500000 0.000000 0.500000 0.0 1.0 0.0 91 120 73 0.880 3 61
-3.500000 0.000000 0.600000 0.0 1.0 0.0 91 120 73 0.880 3 61
-3.500000 0.000000 0.700000 0.0 1.0 0.0 91 120 73 0.880 3 61
-3.500000 0.000000 0.800000 0.0 1.0 0.0 91 120 73 0.880 3 61
-3.500000 0.000000 0.900000 0.0 1.0 0.0 91 120 73 0.880 3 61
-3.500000 0.000000 1.000000 0.0 1.0 0.0 91 120 73 0.880 3 61
-3.500000 0.000000 1.100000 0.0 1.0 0.0 91 120 73 0.880 3 61
-3.500000 0.000000 1.200000 0.0 1.0 0.0 91 120 73 0.880 3 61
-3.500000 0.000000 1.300000 0.0 1.0 0.0 91 120 73 0.880 3 61
-3.500000 0.000000 1.400000 0.0 1.0 0.0 91 120 73 0.880 3 61
-3.500000 0.000000 1.500000 0.0 1.0 0.0 91 120 73 0.880 3 61
-3.500000 0.000000 1.600000 0.0 1.0 0.0 91 120 73 0.880 3 61
-3.500000 0.000000 1.700000 0.0 1.0 0.0 91 120 73 0.880 3 61
-3.500000 0.000000 1.800000 0.0 1.0 0.0 91 120 73 0.880 3 61
-3.500000 0.000000 1.900000 0.0 1.0 0.0 91 120 73 0.880 3 61
-3.500000 0.000000 2.000000 0.0 1.0 0.0 91 120 73 0.880 3 61
-3.500000 0.000000 2.100000 0.0 1.0 0.0 91 120 73 0.880 3 61
-3.500000 0.000000 2.200000 0.0 1.0 0.0 91 120 73 0.880 3 61
-3.500000 0.000000 2.300000 0.0 1.0 0.0 91 120 73 0.880 3 61
-3.500000 0.000000 2.400000 0.0 1.0 0.0 91 120 73 0.880 3 61
-3.500000 0.000000 2.500000 0.0 1.0 0.0 91 120 73 0.880 3 61
-3.500000 0.000000 2.600000 0.0 1.0 0.0 91 120 73 0.880 3 61
-3.500000 0.000000 2.700000 0.0 1.0 0.0 91 120 73 0.880 3 61
-3.500000 0.000000 2.800000 0.0 1.0 0.0 91 120 73 0.880 3 61
-3.500000 0.000000 2.900000 0.0 1.0 0.0 91 120 73 0.880 3 61
-3.500000 0.000000 3.000000 0.0 1.0 0.0 91 120 73 0.880 3 61
-3.500000 0.000000 3.100000 0.0 1.0 0.0 91 120 73 0.880 3 61
-3.500000 0.000000 3.200000 0.0 1.0 0.0 91 120 73 0.880 3 61
-3.500000 0.000000 3.300000 0.0 1.0 0.0 91 120 73 0.880 3 61
-3.500000 0.000000 3.400000 0.0 1.0 0.0 91 120 73 0.880 3 61
-3.500000 0.000000 3.500000 0.0 1.0 0.0 91 120 73 0.880 3 61
-3.500000 0.000000 3.600000 0.0 1.0 0.0 91 120 73 0.880 3 61
-3.500000 0.000000 3.700000 0.0 1.0 0.0 91 120 73 0.880 3 61
-3.500000 0.000000 3.800000 0.0 1.0 0.0 91 120 73 0.880 3 61
-3.500000 0.000000 3.900000 0.0 1.0 0.0 91 120 73 0.880 3 61
-3.500000 0.000000 4.000000 0.0 1.0 0.0 91 120 73 0.880 3 61
-3.400000 0.000000 -2.000000 0.0 1.0 0.0 91 120 73 0.880 3 61
-3.400000 0.000000 -1.900000 0.0 1.0 0.0 91 120 73 0.880 3 61
-3.400000 0.000000 -1.800000 0.0 1.0 0.0 91 120 73 0.880 3 61
-3.400000 0.000000 -1.700000 0.0 1.0 0.0 91 120 73 0.880 3 61
-3.400000 0.000000 -1.600000 0.0 1.0 0.0 91 120 73 0.880 3 61
-3.400000 0.000000 -1.500000 0.0 1.0 0.0 91 120 73 0.880 3 61
-3.400000 0.000000 -1.400000 0.0 1.0 0.0 91 120 73 0.880 3 61
-3.400000 0.000000 -1.300000 0.0 1.0 0.0 91 120 73 0.880 3 61
-3.400000 0.000000 -1.200000 0.0 1.0 0.0 91 120 73 0.880 3 61
-3.400000 0.000000 -1.100000 0.0 1.0 0.0 91 120 73 0.880 3 61
-3.400000 0.000000 -1.000000 0.0 1.0 0.0 91 120 73 0.880 3 61
-3.400000 0.000000 -0.900000 0.0 1.0 0.0 91 120 73 0.880 3 61
-3.400000 0.000000 -0.800000 0.0 1.0 0.0 91 120 73 0.880 3 61
-3.400000 0.000000 -0.700000 0.0 1.0 0.0 91 120 73 0.880 3 61
-3.400000 0.000000 -0.600000 0.0 1.0 0.0 91 120 73 0.880 3 61
-3.400000 0.000000 -0.500000 0.0 1.0 0.0 91 120 73 0.880 3 61
-3.400000 0.000000 -0.400000 0.0 1.0 0.0 91 120 73 0.880 3 61
-3.400000 0.000000 -0.300000 0.0 1.0 0.0 91 120 73 0.880 3 61
-3.400000 0.000000 -0.200000 0.0 1.0 0.0 91 120 73 0.880 3 61
-3.400000 0.000000 -0.100000 0.0 1.0 0.0 91 120 73 0.880 3 61
-3.400000 0.000000 0.000000 0.0 1.0 0.0 91 120 73 0.880 3 61
-3.400000 0.000000 0.100000 0.0 1.0 0.0 91 120 73 0.880 3 61
-3.400000 0.000000 0.200000 0.0 1.0 0.0 91 120 73 0.880 3 61
-3.400000 0.000000 0.300000 0.0 1.0 0.0 91 120 73 0.880 3 61
-3.400000 0.000000 0.400000 0.0 1.0 0.0 91 120 73 0.880 3 61
-3.400000 0.000000 0.500000 0.0 1.0 0.0 91 120 73 0.880 3 61
-3.400000 0.000000 0.600000 0.0 1.0 0.0 91 120 73 0.880 3 61
-3.400000 0.000000 0.700000 0.0 1.0 0.0 91 120 73 0.880 3 61
-3.400000 0.000000 0.800000 0.0 1.0 0.0 91 120 73 0.880 3 61
-3.400000 0.000000 0.900000 0.0 1.0 0.0 91 120 73 0.880 3 61
-3.400000 0.000000 1.000000 0.0 1.0 0.0 91 120 73 0.880 3 61
-3.400000 0.000000 1.100000 0.0 1.0 0.0 91 120 73 0.880 3 61
-3.400000 0.000000 1.200000 0.0 1.0 0.0 91 120 73 0.880 3 61
-3.400000 0.000000 1.300000 0.0 1.0 0.0 91 120 73 0.880 3 61
-3.400000 0.000000 1.400000 0.0 1.0 0.0 91 120 73 0.880 3 61
-3.400000 0.000000 1.500000 0.0 1.0 0.0 91 120 73 0.880 3 61
-3.400000 0.000000 1.600000 0.0 1.0 0.0 91 120 73 0.880 3 61
-3.400000 0.000000 1.700000 0.0 1.0 0.0 91 120 73 0.880 3 61
-3.400000 0.000000 1.800000 0.0 1.0 0.0 91 120 73 0.880 3 61
-3.400000 0.000000 1.900000 0.0 1.0 0.0 91 120 73 0.880 3 61
-3.400000 0.000000 2.000000 0.0 1.0 0.0 91 120 73 0.880 3 61
-3.400000 0.000000 2.100000 0.0 1.0 0.0 91 120 73 0.880 3 61
-3.400000 0.000000 2.200000 0.0 1.0 0.0 91 120 73 0.880 3 61
-3.400000 0.000000 2.300000 0.0 1.0 0.0 91 120 73 0.880 3 61
-3.400000 0.000000 2.400000 0.0 1.0 0.0 91 120 73 0.880 3 61
-3.400000 0.000000 2.500000 0.0 1.0 0.0 91 120 73 0.880 3 61
-3.400000 0.000000 2.600000 0.0 1.0 0.0 91 120 73 0.880 3 61
-3.400000 0.000000 2.700000 0.0 1.0 0.0 91 120 73 0.880 3 61
-3.400000 0.000000 2.800000 0.0 1.0 0.0 91 120 73 0.880 3 61
-3.400000 0.000000 2.900000 0.0 1.0 0.0 91 120 73 0.880 3 61
-3.400000 0.000000 3.000000 0.0 1.0 0.0 91 120 73 0.880 3 61
-3.400000 0.000000 3.100000 0.0 1.0 0.0 91 120 73 0.880 3 61
-3.400000 0.000000 3.200000 0.0 1.0 0.0 91 120 73 0.880 3 61
-3.400000 0.000000 3.300000 0.0 1.0 0.0 91 120 73 0.880 3 61
-3.400000 0.000000 3.400000 0.0 1.0 0.0 91 120 73 0.880 3 61
-3.400000 0.000000 3.500000 0.0 1.0 0.0 91 120 73 0.880 3 61
-3.400000 0.000000 3.600000 0.0 1.0 0.0 91 120 73 0.880 3 61
-3.400000 0.000000 3.700000 0.0 1.0 0.0 91 120 73 0.880 3 61
-3.400000 0.000000 3.800000 0.0 1.0 0.0 91 120 73 0.880 3 61
-3.400000 0.000000 3.900000 0.0 1.0 0.0 91 120 73 0.880 3 61
-3.400000 0.000000 4.000000 0.0 1.0 0.0 91 120 73 0.880 3 61
-3.300000 0.000000 -2.000000 0.0 1.0 0.0 91 120 73 0.880 3 61
-3.300000 0.000000 -1.900000 0.0 1.0 0.0 91 120 73 0.880 3 61
-3.300000 0.000000 -1.800000 0.0 1.0 0.0 91 120 73 0.880 3 61
-3.300000 0.000000 -1.700000 0.0 1.0 0.0 91 120 73 0.880 3 61
-3.300000 0.000000 -1.600000 0.0 1.0 0.0 91 120 73 0.880 3 61
-3.300000 0.000000 -1.500000 0.0 1.0 0.0 91 120 73 0.880 3 61
-3.300000 0.000000 -1.400000 0.0 1.0 0.0 91 120 73 0.880 3 61
-3.300000 0.000000 -1.300000 0.0 1.0 0.0 91 120 73 0.880 3 61
-3.300000 0.000000 -1.200000 0.0 1.0 0.0 91 120 73 0.880 3 61
-3.300000 0.000000 -1.100000 0.0 1.0 0.0 91 120 73 0.880 3 61
-3.300000 0.000000 -1.000000 0.0 1.0 0.0 91 120 73 0.880 3 61
-3.300000 0.000000 -0.900000 0.0 1.0 0.0 91 120 73 0.880 3 61
-3.300000 0.000000 -0.800000 0.0 1.0 0.0 91 120 73 0.880 3 61
-3.300000 0.000000 -0.700000 0.0 1.0 0.0 91 120 73 0.880 3 61
-3.300000 0.000000 -0.600000 0.0 1.0 0.0 91 120 73 0.880 3 61
-3.300000 0.000000 -0.500000 0.0 1.0 0.0 91 120 73 0.880 3 61
-3.300000 0.000000 -0.400000 0.0 1.0 0.0 91 120 73 0.880 3 61
-3.300000 0.000000 -0.300000 0.0 1.0 0.0 91 120 73 0.880 3 61
-3.300000 0.000000 -0.200000 0.0 1.0 0.0 91 120 73 0.880 3 61
-3.300000 0.000000 -0.100000 0.0 1.0 0.0 91 120 73 0.880 3 61
-3.300000 0.000000 0.000000 0.0 1.0 0.0 91 120 73 0.880 3 61
-3.300000 0.000000 0.100000 0.0 1.0 0.0 91 120 73 0.880 3 61
-3.300000 0.000000 0.200000 0.0 1.0 0.0 91 120 73 0.880 3 61
-3.300000 0.000000 0.300000 0.0 1.0 0.0 91 120 73 0.880 3 61
-3.300000 0.000000 0.400000 0.0 1.0 0.0 91 120 73 0.880 3 61
-3.300000 0.000000 0.500000 0.0 1.0 0.0 91 120 73 0.880 3 61
-3.300000 0.000000 0.600000 0.0 1.0 0.0 91 120 73 0.880 3 61
-3.300000 0.000000 0.700000 0.0 1.0 0.0 91 120 73 0.880 3 61
-3.300000 0.000000 0.800000 0.0 1.0 0.0 91 120 73 0.880 3 61
-3.300000 0.000000 0.900000 0.0 1.0 0.0 91 120 73 0.880 3 61
-3.300000 0.000000 1.000000 0.0 1.0 0.0 91 120 73 0.880 3 61
-3.300000 0.000000 1.100000 0.0 1.0 0.0 91 120 73 0.880 3 61
-3.300000 0.000000 1.200000 0.0 1.0 0.0 91 120 73 0.880 3 61
-3.300000 0.000000 1.300000 0.0 1.0 0.0 91 120 73 0.880 3 61
-3.300000 0.000000 1.400000 0.0 1.0 0.0 91 120 73 0.880 3 61
-3.300000 0.000000 1.500000 0.0 1.0 0.0 91 120 73 0.880 3 61
-3.300000 0.000000 1.600000 0.0 1.0 0.0 91 120 73 0.880 3 61
-3.300000 0.000000 1.700000 0.0 1.0 0.0 91 120 73 0.880 3 61
-3.300000 0.000000 1.800000 0.0 1.0 0.0 91 120 73 0.880 3 61
-3.300000 0.000000 1.900000 0.0 1.0 0.0 91 120 73 0.880 3 61
-3.300000 0.000000 2.000000 0.0 1.0 0.0 91 120 73 0.880 3 61
-3.300000 0.000000 2.100000 0.0 1.0 0.0 91 120 73 0.880 3 61
-3.300000 0.000000 2.200000 0.0 1.0 0.0 91 120 73 0.880 3 61
-3.300000 0.000000 2.300000 0.0 1.0 0.0 91 120 73 0.880 3 61
-3.300000 0.000000 2.400000 0.0 1.0 0.0 91 120 73 0.880 3 61
-3.300000 0.000000 2.500000 0.0 1.0 0.0 91 120 73 0.880 3 61
-3.300000 0.000000 2.600000 0.0 1.0 0.0 91 120 73 0.880 3 61
-3.300000 0.000000 2.700000 0.0 1.0 0.0 91 120 73 0.880 3 61
-3.300000 0.000000 2.800000 0.0 1.0 0.0 91 120 73 0.880 3 61
-3.300000 0.000000 2.900000 0.0 1.0 0.0 91 120 73 0.880 3 61
-3.300000 0.000000 3.000000 0.0 1.0 0.0 91 120 73 0.880 3 61
-3.300000 0.000000 3.100000 0.0 1.0 0.0 91 120 73 0.880 3 61
-3.300000 0.000000 3.200000 0.0 1.0 0.0 91 120 73 0.880 3 61
-3.300000 0.000000 3.300000 0.0 1.0 0.0 91 120 73 0.880 3 61
-3.300000 0.000000 3.400000 0.0 1.0 0.0 91 120 73 0.880 3 61
-3.300000 0.000000 3.500000 0.0 1.0 0.0 91 120 73 0.880 3 61
-3.300000 0.000000 3.600000 0.0 1.0 0.0 91 120 73 0.880 3 61
-3.300000 0.000000 3.700000 0.0 1.0 0.0 91 120 73 0.880 3 61
-3.300000 0.000000 3.800000 0.0 1.0 0.0 91 120 73 0.880 3 61
-3.300000 0.000000 3.900000 0.0 1.0 0.0 91 120 73 0.880 3 61
-3.300000 0.000000 4.000000 0.0 1.0 0.0 91 120 73 0.880 3 61
-3.200000 0.000000 -2.000000 0.0 1.0 0.0 91 120 73 0.880 3 61
-3.200000 0.000000 -1.900000 0.0 1.0 0.0 91 120 73 0.880 3 61
-3.200000 0.000000 -1.800000 0.0 1.0 0.0 91 120 73 0.880 3 61
-3.200000 0.000000 -1.700000 0.0 1.0 0.0 91 120 73 0.880 3 61
-3.200000 0.000000 -1.600000 0.0 1.0 0.0 91 120 73 0.880 3 61
-3.200000 0.000000 -1.500000 0.0 1.0 0.0 91 120 73 0.880 3 61
-3.200000 0.000000 -1.400000 0.0 1.0 0.0 91 120 73 0.880 3 61
-3.200000 0.000000 -1.300000 0.0 1.0 0.0 91 120 73 0.880 3 61
-3.200000 0.000000 -1.200000 0.0 1.0 0.0 91 120 73 0.880 3 61
-3.200000 0.000000 -1.100000 0.0 1.0 0.0 91 120 73 0.880 3 61
-3.200000 0.000000 -1.000000 0.0 1.0 0.0 91 120 73 0.880 3 61
-3.200000 0.000000 -0.900000 0.0 1.0 0.0 91 120 73 0.880 3 61
-3.200000 0.000000 -0.800000 0.0 1.0 0.0 91 120 73 0.880 3 61
-3.200000 0.000000 -0.700000 0.0 1.0 0.0 91 120 73 0.880 3 61
-3.200000 0.000000 -0.600000 0.0 1.0 0.0 91 120 73 0.880 3 61
-3.200000 0.000000 -0.500000 0.0 1.0 0.0 91 120 73 0.880 3 61
-3.200000 0.000000 -0.400000 0.0 1.0 0.0 91 120 73 0.880 3 61
-3.200000 0.000000 -0.300000 0.0 1.0 0.0 91 120 73 0.880 3 61
-3.200000 0.000000 -0.200000 0.0 1.0 0.0 91 120 73 0.880 3 61
-3.200000 0.000000 -0.100000 0.0 1.0 0.0 91 120 73 0.880 3 61
-3.200000 0.000000 0.000000 0.0 1.0 0.0 91 120 73 0.880 3 61
-3.200000 0.000000 0.100000 0.0 1.0 0.0 91 120 73 0.880 3 61
-3.200000 0.000000 0.200000 0.0 1.0 0.0 91 120 73 0.880 3 61
-3.200000 0.000000 0.300000 0.0 1.0 0.0 91 120 73 0.880 3 61
-3.200000 0.000000 0.400000 0.0 1.0 0.0 91 120 73 0.880 3 61
-3.200000 0.000000 0.500000 0.0 1.0 0.0 91 120 73 0.880 3 61
-3.200000 0.000000 0.600000 0.0 1.0 0.0 91 120 73 0.880 3 61
-3.200000 0.000000 0.700000 0.0 1.0 0.0 91 120 73 0.880 3 61
-3.200000 0.000000 0.800000 0.0 1.0 0.0 91 120 73 0.880 3 61
-3.200000 0.000000 0.900000 0.0 1.0 0.0 91 120 73 0.880 3 61
-3.200000 0.000000 1.000000 0.0 1.0 0.0 91 120 73 0.880 3 61
-3.200000 0.000000 1.100000 0.0 1.0 0.0 91 120 73 0.880 3 61
-3.200000 0.000000 1.200000 0.0 1.0 0.0 91 120 73 0.880 3 61
-3.200000 0.000000 1.300000 0.0 1.0 0.0 91 120 73 0.880 3 61
-3.200000 0.000000 1.400000 0.0 1.0 0.0 91 120 73 0.880 3 61
-3.200000 0.000000 1.500000 0.0 1.0 0.0 91 120 73 0.880 3 61
-3.200000 0.000000 1.600000 0.0 1.0 0.0 91 120 73 0.880 3 61
-3.200000 0.000000 1.700000 0.0 1.0 0.0 91 120 73 0.880 3 61
-3.200000 0.000000 1.800000 0.0 1.0 0.0 91 120 73 0.880 3 61
-3.200000 0.000000 1.900000 0.0 1.0 0.0 91 120 73 0.880 3 61
-3.200000 0.000000 2.000000 0.0 1.0 0.0 91 120 73 0.880 3 61
-3.200000 0.000000 2.100000 0.0 1.0 0.0 91 120 73 0.880 3 61
-3.200000 0.000000 2.200000 0.0 1.0 0.0 91 120 73 0.880 3 61
-3.200000 0.000000 2.300000 0.0 1.0 0.0 91 120 73 0.880 3 61
-3.200000 0.000000 2.400000 0.0 1.0 0.0 91 120 73 0.880 3 61
-3.200000 0.000000 2.500000 0.0 1.0 0.0 91 120 73 0.880 3 61
-3.200000 0.000000 2.600000 0.0 1.0 0.0 91 120 73 0.880 3 61
-3.200000 0.000000 2.700000 0.0 1.0 0.0 91 120 73 0.880 3 61
-3.200000 0.000000 2.800000 0.0 1.0 0.0 91 120 73 0.880 3 61
-3.200000 0.000000 2.900000 0.0 1.0 0.0 91 120 73 0.880 3 61
-3.200000 0.000000 3.000000 0.0 1.0 0.0 91 120 73 0.880 3 61
-3.200000 0.000000 3.100000 0.0 1.0 0.0 91 120 73 0.880 3 61
-3.200000 0.000000 3.200000 0.0 1.0 0.0 91 120 73 0.880 3 61
-3.200000 0.000000 3.300000 0.0 1.0 0.0 91 120 73 0.880 3 61
-3.200000 0.000000 3.400000 0.0 1.0 0.0 91 120 73 0.880 3 61
-3.200000 0.000000 3.500000 0.0 1.0 0.0 91 120 73 0.880 3 61
-3.200000 0.000000 3.600000 0.0 1.0 0.0 91 120 73 0.880 3 61
-3.200000 0.000000 3.700000 0.0 1.0 0.0 91 120 73 0.880 3 61
-3.200000 0.000000 3.800000 0.0 1.0 0.0 91 120 73 0.880 3 61
-3.200000 0.000000 3.900000 0.0 1.0 0.0 91 120 73 0.880 3 61
-3.200000 0.000000 4.000000 0.0 1.0 0.0 91 120 73 0.880 3 61
-3.100000 0.000000 -2.000000 0.0 1.0 0.0 91 120 73 0.880 3 61
-3.100000 0.000000 -1.900000 0.0 1.0 0.0 91 120 73 0.880 3 61
-3.100000 0.000000 -1.800000 0.0 1.0 0.0 91 120 73 0.880 3 61
-3.100000 0.000000 -1.700000 0.0 1.0 0.0 91 120 73 0.880 3 61
-3.100000 0.000000 -1.600000 0.0 1.0 0.0 91 120 73 0.880 3 61
-3.100000 0.000000 -1.500000 0.0 1.0 0.0 91 120 73 0.880 3 61
-3.100000 0.000000 -1.400000 0.0 1.0 0.0 91 120 73 0.880 3 61
-3.100000 0.000000 -1.300000 0.0 1.0 0.0 91 120 73 0.880 3 61
-3.100000 0.000000 -1.200000 0.0 1.0 0.0 91 120 73 0.880 3 61
-3.100000 0.000000 -1.100000 0.0 1.0 0.0 91 120 73 0.880 3 61
-3.100000 0.000000 -1.000000 0.0 1.0 0.0 91 120 73 0.880 3 61
-3.100000 0.000000 -0.900000 0.0 1.0 0.0 91 120 73 0.880 3 61
-3.100000 0.000000 -0.800000 0.0 1.0 0.0 91 120 73 0.880 3 61
-3.100000 0.000000 -0.700000 0.0 1.0 0.0 91 120 73 0.880 3 61
-3.100000 0.000000 -0.600000 0.0 1.0 0.0 91 120 73 0.880 3 61
-3.100000 0.000000 -0.500000 0.0 1.0 0.0 91 120 73 0.880 3 61
-3.100000 0.000000 -0.400000 0.0 1.0 0.0 91 120 73 0.880 3 61
-3.100000 0.000000 -0.300000 0.0 1.0 0.0 91 120 73 0.880 3 61
-3.100000 0.000000 -0.200000 0.0 1.0 0.0 91 120 73 0.880 3 61
-3.100000 0.000000 -0.100000 0.0 1.0 0.0 91 120 73 0.880 3 61
-3.100000 0.000000 0.000000 0.0 1.0 0.0 91 120 73 0.880 3 61
-3.100000 0.000000 0.100000 0.0 1.0 0.0 91 120 73 0.880 3 61
-3.100000 0.000000 0.200000 0.0 1.0 0.0 91 120 73 0.880 3 61
-3.100000 0.000000 0.300000 0.0 1.0 0.0 91 120 73 0.880 3 61
-3.100000 0.000000 0.400000 0.0 1.0 0.0 91 120 73 0.880 3 61
-3.100000 0.000000 0.500000 0.0 1.0 0.0 91 120 73 0.880 3 61
-3.100000 0.000000 0.600000 0.0 1.0 0.0 91 120 73 0.880 3 61
-3.100000 0.000000 0.700000 0.0 1.0 0.0 91 120 73 0.880 3 61
-3.100000 0.000000 0.800000 0.0 1.0 0.0 91 120 73 0.880 3 61
-3.100000 0.000000 0.900000 0.0 1.0 0.0 91 120 73 0.880 3 61
-3.100000 0.000000 1.000000 0.0 1.0 0.0 91 120 73 0.880 3 61
-3.100000 0.000000 1.100000 0.0 1.0 0.0 91 120 73 0.880 3 61
-3.100000 0.000000 1.200000 0.0 1.0 0.0 91 120 73 0.880 3 61
-3.100000 0.000000 1.300000 0.0 1.0 0.0 91 120 73 0.880 3 61
-3.100000 0.000000 1.400000 0.0 1.0 0.0 91 120 73 0.880 3 61
-3.100000 0.000000 1.500000 0.0 1.0 0.0 91 120 73 0.880 3 61
-3.100000 0.000000 1.600000 0.0 1.0 0.0 91 120 73 0.880 3 61
-3.100000 0.000000 1.700000 0.0 1.0 0.0 91 120 73 0.880 3 61
-3.100000 0.000000 1.800000 0.0 1.0 0.0 91 120 73 0.880 3 61
-3.100000 0.000000 1.900000 0.0 1.0 0.0 91 120 73 0.880 3 61
-3.100000 0.000000 2.000000 0.0 1.0 0.0 91 120 73 0.880 3 61
-3.100000 0.000000 2.100000 0.0 1.0 0.0 91 120 73 0.880 3 61
-3.100000 0.000000 2.200000 0.0 1.0 0.0 91 120 73 0.880 3 61
-3.100000 0.000000 2.300000 0.0 1.0 0.0 91 120 73 0.880 3 61
-3.100000 0.000000 2.400000 0.0 1.0 0.0 91 120 73 0.880 3 61
-3.100000 0.000000 2.500000 0.0 1.0 0.0 91 120 73 0.880 3 61
-3.100000 0.000000 2.600000 0.0 1.0 0.0 91 120 73 0.880 3 61
-3.100000 0.000000 2.700000 0.0 1.0 0.0 91 120 73 0.880 3 61
-3.100000 0.000000 2.800000 0.0 1.0 0.0 91 120 73 0.880 3 61
-3.100000 0.000000 2.900000 0.0 1.0 0.0 91 120 73 0.880 3 61
-3.100000 0.000000 3.000000 0.0 1.0 0.0 91 120 73 0.880 3 61
-3.100000 0.000000 3.100000 0.0 1.0 0.0 91 120 73 0.880 3 61
-3.100000 0.000000 3.200000 0.0 1.0 0.0 91 120 73 0.880 3 61
-3.100000 0.000000 3.300000 0.0 1.0 0.0 91 120 73 0.880 3 61
-3.100000 0.000000 3.400000 0.0 1.0 0.0 91 120 73 0.880 3 61
-3.100000 0.000000 3.500000 0.0 1.0 0.0 91 120 73 0.880 3 61
-3.100000 0.000000 3.600000 0.0 1.0 0.0 91 120 73 0.880 3 61
-3.100000 0.000000 3.700000 0.0 1.0 0.0 91 120 73 0.880 3 61
-3.100000 0.000000 3.800000 0.0 1.0 0.0 91 120 73 0.880 3 61
-3.100000 0.000000 3.900000 0.0 1.0 0.0 91 120 73 0.880 3 61
-3.100000 0.000000 4.000000 0.0 1.0 0.0 91 120 73 0.880 3 61
-3.000000 0.000000 -2.000000 0.0 1.0 0.0 91 120 73 0.880 3 61
-3.000000 0.000000 -1.900000 0.0 1.0 0.0 91 120 73 0.880 3 61
-3.000000 0.000000 -1.800000 0.0 1.0 0.0 91 120 73 0.880 3 61
-3.000000 0.000000 -1.700000 0.0 1.0 0.0 91 120 73 0.880 3 61
-3.000000 0.000000 -1.600000 0.0 1.0 0.0 91 120 73 0.880 3 61
-3.000000 0.000000 -1.500000 0.0 1.0 0.0 91 120 73 0.880 3 61
-3.000000 0.000000 -1.400000 0.0 1.0 0.0 91 120 73 0.880 3 61
-3.000000 0.000000 -1.300000 0.0 1.0 0.0 91 120 73 0.880 3 61
-3.000000 0.000000 -1.200000 0.0 1.0 0.0 91 120 73 0.880 3 61
-3.000000 0.000000 -1.100000 0.0 1.0 0.0 91 120 73 0.880 3 61
-3.000000 0.000000 -1.000000 0.0 1.0 0.0 91 120 73 0.880 3 61
-3.000000 0.000000 -0.900000 0.0 1.0 0.0 91 120 73 0.880 3 61
-3.000000 0.000000 -0.800000 0.0 1.0 0.0 91 120 73 0.880 3 61
-3.000000 0.000000 -0.700000 0.0 1.0 0.0 91 120 73 0.880 3 61
-3.000000 0.000000 -0.600000 0.0 1.0 0.0 91 120 73 0.880 3 61
-3.000000 0.000000 -0.500000 0.0 1.0 0.0 91 120 73 0.880 3 61
-3.000000 0.000000 -0.400000 0.0 1.0 0.0 91 120 73 0.880 3 61
-3.000000 0.000000 -0.300000 0.0 1.0 0.0 91 120 73 0.880 3 61
-3.000000 0.000000 -0.200000 0.0 1.0 0.0 91 120 73 0.880 3 61
-3.000000 0.000000 -0.100000 0.0 1.0 0.0 91 120 73 0.880 3 61
-3.000000 0.000000 0.000000 0.0 1.0 0.0 91 120 73 0.880 3 61
-3.000000 0.000000 0.100000 0.0 1.0 0.0 91 120 73 0.880 3 61
-3.000000 0.000000 0.200000 0.0 1.0 0.0 91 120 73 0.880 3 61
-3.000000 0.000000 0.300000 0.0 1.0 0.0 91 120 73 0.880 3 61
-3.000000 0.000000 0.400000 0.0 1.0 0.0 91 120 73 0.880 3 61
-3.000000 0.000000 0.500000 0.0 1.0 0.0 91 120 73 0.880 3 61
-3.000000 0.000000 0.600000 0.0 1.0 0.0 91 120 73 0.880 3 61
-3.000000 0.000000 0.700000 0.0 1.0 0.0 91 120 73 0.880 3 61
-3.000000 0.000000 0.800000 0.0 1.0 0.0 91 120 73 0.880 3 61
-3.000000 0.000000 0.900000 0.0 1.0 0.0 91 120 73 0.880 3 61
-3.000000 0.000000 1.000000 0.0 1.0 0.0 91 120 73 0.880 3 61
-3.000000 0.000000 1.100000 0.0 1.0 0.0 91 120 73 0.880 3 61
-3.000000 0.000000 1.200000 0.0 1.0 0.0 91 120 73 0.880 3 61
-3.000000 0.000000 1.300000 0.0 1.0 0.0 91 120 73 0.880 3 61
-3.000000 0.000000 1.400000 0.0 1.0 0.0 91 120 73 0.880 3 61
-3.000000 0.000000 1.500000 0.0 1.0 0.0 91 120 73 0.880 3 61
-3.000000 0.000000 1.600000 0.0 1.0 0.0 91 120 73 0.880 3 61
-3.000000 0.000000 1.700000 0.0 1.0 0.0 91 120 73 0.880 3 61
-3.000000 0.000000 1.800000 0.0 1.0 0.0 91 120 73 0.880 3 61
-3.000000 0.000000 1.900000 0.0 1.0 0.0 91 120 73 0.880 3 61
-3.000000 0.000000 2.000000 0.0 1.0 0.0 91 120 73 0.880 3 61
-3.000000 0.000000 2.100000 0.0 1.0 0.0 91 120 73 0.880 3 61
-3.000000 0.000000 2.200000 0.0 1.0 0.0 91 120 73 0.880 3 61
-3.000000 0.000000 2.300000 0.0 1.0 0.0 91 120 73 0.880 3 61
-3.000000 0.000000 2.400000 0.0 1.0 0.0 91 120 73 0.880 3 61
-3.000000 0.000000 2.500000 0.0 1.0 0.0 91 120 73 0.880 3 61
-3.000000 0.000000 2.600000 0.0 1.0 0.0 91 120 73 0.880 3 61
-3.000000 0.000000 2.700000 0.0 1.0 0.0 91 120 73 0.880 3 61
-3.000000 0.000000 2.800000 0.0 1.0 0.0 91 120 73 0.880 3 61
-3.000000 0.000000 2.900000 0.0 1.0 0.0 91 120 73 0.880 3 61
-3.000000 0.000000 3.000000 0.0 1.0 0.0 91 120 73 0.880 3 61
-3.000000 0.000000 3.100000 0.0 1.0 0.0 91 120 73 0.880 3 61
-3.000000 0.000000 3.200000 0.0 1.0 0.0 91 120 73 0.880 3 61
-3.000000 0.000000 3.300000 0.0 1.0 0.0 91 120 73 0.880 3 61
-3.000000 0.000000 3.400000 0.0 1.0 0.0 91 120 73 0.880 3 61
-3.000000 0.000000 3.500000 0.0 1.0 0.0 91 120 73 0.880 3 61
-3.000000 0.000000 3.600000 0.0 1.0 0.0 91 120 73 0.880 3 61
-3.000000 0.000000 3.700000 0.0 1.0 0.0 91 120 73 0.880 3 61
-3.000000 0.000000 3.800000 0.0 1.0 0.0 91 120 73 0.880 3 61
-3.000000 0.000000 3.900000 0.0 1.0 0.0 91 120 73 0.880 3 61
-3.000000 0.000000 4.000000 0.0 1.0 0.0 91 120 73 0.880 3 61
-2.900000 0.000000 -2.000000 0.0 1.0 0.0 91 120 73 0.880 3 61
-2.900000 0.000000 -1.900000 0.0 1.0 0.0 91 120 73 0.880 3 61
-2.900000 0.000000 -1.800000 0.0 1.0 0.0 91 120 73 0.880 3 61
-2.900000 0.000000 -1.700000 0.0 1.0 0.0 91 120 73 0.880 3 61
-2.900000 0.000000 -1.600000 0.0 1.0 0.0 91 120 73 0.880 3 61
-2.900000 0.000000 -1.500000 0.0 1.0 0.0 91 120 73 0.880 3 61
-2.900000 0.000000 -1.400000 0.0 1.0 0.0 91 120 73 0.880 3 61
-2.900000 0.000000 -1.300000 0.0 1.0 0.0 91 120 73 0.880 3 61
-2.900000 0.000000 -1.200000 0.0 1.0 0.0 91 120 73 0.880 3 61
-2.900000 0.000000 -1.100000 0.0 1.0 0.0 91 120 73 0.880 3 61
-2.900000 0.000000 -1.000000 0.0 1.0 0.0 91 120 73 0.880 3 61
-2.900000 0.000000 -0.900000 0.0 1.0 0.0 91 120 73 0.880 3 61
-2.900000 0.000000 -0.800000 0.0 1.0 0.0 91 120 73 0.880 3 61
-2.900000 0.000000 -0.700000 0.0 1.0 0.0 91 120 73 0.880 3 61
-2.900000 0.000000 -0.600000 0.0 1.0 0.0 91 120 73 0.880 3 61
-2.900000 0.000000 -0.500000 0.0 1.0 0.0 91 120 73 0.880 3 61
-2.900000 0.000000 -0.400000 0.0 1.0 0.0 91 120 73 0.880 3 61
-2.900000 0.000000 -0.300000 0.0 1.0 0.0 91 120 73 0.880 3 61
-2.900000 0.000000 -0.200000 0.0 1.0 0.0 91 120 73 0.880 3 61
-2.900000 0.000000 -0.100000 0.0 1.0 0.0 91 120 73 0.880 3 61
-2.900000 0.000000 0.000000 0.0 1.0 0.0 91 120 73 0.880 3 61
-2.900000 0.000000 0.100000 0.0 1.0 0.0 91 120 73 0.880 3 61
-2.900000 0.000000 0.200000 0.0 1.0 0.0 91 120 73 0.880 3 61
-2.900000 0.000000 0.300000 0.0 1.0 0.0 91 120 73 0.880 3 61
-2.900000 0.000000 0.400000 0.0 1.0 0.0 91 120 73 0.880 3 61
-2.900000 0.000000 0.500000 0.0 1.0 0.0 91 120 73 0.880 3 61
-2.900000 0.000000 0.600000 0.0 1.0 0.0 91 120 73 0.880 3 61
-2.900000 0.000000 0.700000 0.0 1.0 0.0 91 120 73 0.880 3 61
-2.900000 0.000000 0.800000 0.0 1.0 0.0 91 120 73 0.880 3 61
-2.900000 0.000000 0.900000 0.0 1.0 0.0 91 120 73 0.880 3 61
-2.900000 0.000000 1.000000 0.0 1.0 0.0 91 120 73 0.880 3 61
-2.900000 0.000000 1.100000 0.0 1.0 0.0 91 120 73 0.880 3 61
-2.900000 0.000000 1.200000 0.0 1.0 0.0 91 120 73 0.880 3 61
-2.900000 0.000000 1.300000 0.0 1.0 0.0 91 120 73 0.880 3 61
-2.900000 0.000000 1.400000 0.0 1.0 0.0 91 120 73 0.880 3 61
-2.900000 0.000000 1.500000 0.0 1.0 0.0 91 120 73 0.880 3 61
-2.900000 0.000000 1.600000 0.0 1.0 0.0 91 120 73 0.880 3 61
-2.900000 0.000000 1.700000 0.0 1.0 0.0 91 120 73 0.880 3 61
-2.900000 0.000000 1.800000 0.0 1.0 0.0 91 120 73 0.880 3 61
-2.900000 0.000000 1.900000 0.0 1.0 0.0 91 120 73 0.880 3 61
-2.900000 0.000000 2.000000 0.0 1.0 0.0 91 120 73 0.880 3 61
-2.900000 0.000000 2.100000 0.0 1.0 0.0 91 120 73 0.880 3 61
-2.900000 0.000000 2.200000 0.0 1.0 0.0 91 120 73 0.880 3 61
-2.900000 0.000000 2.300000 0.0 1.0 0.0 91 120 73 0.880 3 61
-2.900000 0.000000 2.400000 0.0 1.0 0.0 91 120 73 0.880 3 61
-2.900000 0.000000 2.500000 0.0 1.0 0.0 91 120 73 0.880 3 61
-2.900000 0.000000 2.600000 0.0 1.0 0.0 91 120 73 0.880 3 61
-2.900000 0.000000 2.700000 0.0 1.0 0.0 91 120 73 0.880 3 61
-2.900000 0.000000 2.800000 0.0 1.0 0.0 91 120 73 0.880 3 61
-2.900000 0.000000 2.900000 0.0 1.0 0.0 91 120 73 0.880 3 61
-2.900000 0.000000 3.000000 0.0 1.0 0.0 91 120 73 0.880 3 61
-2.900000 0.000000 3.100000 0.0 1.0 0.0 91 120 73 0.880 3 61
-2.900000 0.000000 3.200000 0.0 1.0 0.0 91 120 73 0.880 3 61
-2.900000 0.000000 3.300000 0.0 1.0 0.0 91 120 73 0.880 3 61
-2.900000 0.000000 3.400000 0.0 1.0 0.0 91 120 73 0.880 3 61
-2.900000 0.000000 3.500000 0.0 1.0 0.0 91 120 73 0.880 3 61
-2.900000 0.000000 3.600000 0.0 1.0 0.0 91 120 73 0.880 3 61
-2.900000 0.000000 3.700000 0.0 1.0 0.0 91 120 73 0.880 3 61
-2.900000 0.000000 3.800000 0.0 1.0 0.0 91 120 73 0.880 3 61
-2.900000 0.000000 3.900000 0.0 1.0 0.0 91 120 73 0.880 3 61
-2.900000 0.000000 4.000000 0.0 1.0 0.0 91 120 73 0.880 3 61
-2.800000 0.000000 -2.000000 0.0 1.0 0.0 91 120 73 0.880 3 61
-2.800000 0.000000 -1.900000 0.0 1.0 0.0 91 120 73 0.880 3 61
-2.800000 0.000000 -1.800000 0.0 1.0 0.0 91 120 73 0.880 3 61
-2.800000 0.000000 -1.700000 0.0 1.0 0.0 91 120 73 0.880 3 61
-2.800000 0.000000 -1.600000 0.0 1.0 0.0 91 120 73 0.880 3 61
-2.800000 0.000000 -1.500000 0.0 1.0 0.0 91 120 73 0.880 3 61
-2.800000 0.000000 -1.400000 0.0 1.0 0.0 91 120 73 0.880 3 61
-2.800000 0.000000 -1.300000 0.0 1.0 0.0 91 120 73 0.880 3 61
-2.800000 0.000000 -1.200000 0.0 1.0 0.0 91 120 73 0.880 3 61
-2.800000 0.000000 -1.100000 0.0 1.0 0.0 91 120 73 0.880 3 61
-2.800000 0.000000 -1.000000 0.0 1.0 0.0 91 120 73 0.880 3 61
-2.800000 0.000000 -0.900000 0.0 1.0 0.0 91 120 73 0.880 3 61
-2.800000 0.000000 -0.800000 0.0 1.0 0.0 91 120 73 0.880 3 61
-2.800000 0.000000 -0.700000 0.0 1.0 0.0 91 120 73 0.880 3 61
-2.800000 0.000000 -0.600000 0.0 1.0 0.0 91 120 73 0.880 3 61
-2.800000 0.000000 -0.500000 0.0 1.0 0.0 91 120 73 0.880 3 61
-2.800000 0.000000 -0.400000 0.0 1.0 0.0 91 120 73 0.880 3 61
-2.800000 0.000000 -0.300000 0.0 1.0 0.0 91 120 73 0.880 3 61
-2.800000 0.000000 -0.200000 0.0 1.0 0.0 91 120 73 0.880 3 61
-2.800000 0.000000 -0.100000 0.0 1.0 0.0 91 120 73 0.880 3 61
-2.800000 0.000000 0.000000 0.0 1.0 0.0 91 120 73 0.880 3 61
-2.800000 0.000000 0.100000 0.0 1.0 0.0 91 120 73 0.880 3 61
-2.800000 0.000000 0.200000 0.0 1.0 0.0 91 120 73 0.880 3 61
-2.800000 0.000000 0.300000 0.0 1.0 0.0 91 120 73 0.880 3 61
-2.800000 0.000000 0.400000 0.0 1.0 0.0 91 120 73 0.880 3 61
-2.800000 0.000000 0.500000 0.0 1.0 0.0 91 120 73 0.880 3 61
-2.800000 0.000000 0.600000 0.0 1.0 0.0 91 120 73 0.880 3 61
-2.800000 0.000000 0.700000 0.0 1.0 0.0 91 120 73 0.880 3 61
-2.800000 0.000000 0.800000 0.0 1.0 0.0 91 120 73 0.880 3 61
-2.800000 0.000000 0.900000 0.0 1.0 0.0 91 120 73 0.880 3 61
-2.800000 0.000000 1.000000 0.0 1.0 0.0 91 120 73 0.880 3 61
-2.800000 0.000000 1.100000 0.0 1.0 0.0 91 120 73 0.880 3 61
-2.800000 0.000000 1.200000 0.0 1.0 0.0 91 120 73 0.880 3 61
-2.800000 0.000000 1.300000 0.0 1.0 0.0 91 120 73 0.880 3 61
-2.800000 0.000000 1.400000 0.0 1.0 0.0 91 120 73 0.880 3 61
-2.800000 0.000000 1.500000 0.0 1.0 0.0 91 120 73 0.880 3 61
-2.800000 0.000000 1.600000 0.0 1.0 0.0 91 120 73 0.880 3 61
-2.800000 0.000000 1.700000 0.0 1.0 0.0 91 120 73 0.880 3 61
-2.800000 0.000000 1.800000 0.0 1.0 0.0 91 120 73 0.880 3 61
-2.800000 0.000000 1.900000 0.0 1.0 0.0 91 120 73 0.880 3 61
-2.800000 0.000000 2.000000 0.0 1.0 0.0 91 120 73 0.880 3 61
-2.800000 0.000000 2.100000 0.0 1.0 0.0 91 120 73 0.880 3 61
-2.800000 0.000000 2.200000 0.0 1.0 0.0 91 120 73 0.880 3 61
-2.800000 0.000000 2.300000 0.0 1.0 0.0 91 120 73 0.880 3 61
-2.800000 0.000000 2.400000 0.0 1.0 0.0 91 120 73 0.880 3 61
-2.800000 0.000000 2.500000 0.0 1.0 0.0 91 120 73 0.880 3 61
-2.800000 0.000000 2.600000 0.0 1.0 0.0 91 120 73 0.880 3 61
-2.800000 0.000000 2.700000 0.0 1.0 0.0 91 120 73 0.880 3 61
-2.800000 0.000000 2.800000 0.0 1.0 0.0 91 120 73 0.880 3 61
-2.800000 0.000000 2.900000 0.0 1.0 0.0 91 120 73 0.880 3 61
-2.800000 0.000000 3.000000 0.0 1.0 0.0 91 120 73 0.880 3 61
-2.800000 0.000000 3.100000 0.0 1.0 0.0 91 120 73 0.880 3 61
-2.800000 0.000000 3.200000 0.0 1.0 0.0 91 120 73 0.880 3 61
-2.800000 0.000000 3.300000 0.0 1.0 0.0 91 120 73 0.880 3 61
-2.800000 0.000000 3.400000 0.0 1.0 0.0 91 120 73 0.880 3 61
-2.800000 0.000000 3.500000 0.0 1.0 0.0 91 120 73 0.880 3 61
-2.800000 0.000000 3.600000 0.0 1.0 0.0 91 120 73 0.880 3 61
-2.800000 0.000000 3.700000 0.0 1.0 0.0 91 120 73 0.880 3 61
-2.800000 0.000000 3.800000 0.0 1.0 0.0 91 120 73 0.880 3 61
-2.800000 0.000000 3.900000 0.0 1.0 0.0 91 120 73 0.880 3 61
-2.800000 0.000000 4.000000 0.0 1.0 0.0 91 120 73 0.880 3 61
-2.700000 0.000000 -2.000000 0.0 1.0 0.0 91 120 73 0.880 3 61
-2.700000 0.000000 -1.900000 0.0 1.0 0.0 91 120 73 0.880 3 61
-2.700000 0.000000 -1.800000 0.0 1.0 0.0 91 120 73 0.880 3 61
-2.700000 0.000000 -1.700000 0.0 1.0 0.0 91 120 73 0.880 3 61
-2.700000 0.000000 -1.600000 0.0 1.0 0.0 91 120 73 0.880 3 61
-2.700000 0.000000 -1.500000 0.0 1.0 0.0 91 120 73 0.880 3 61
-2.700000 0.000000 -1.400000 0.0 1.0 0.0 91 120 73 0.880 3 61
-2.700000 0.000000 -1.300000 0.0 1.0 0.0 91 120 73 0.880 3 61
-2.700000 0.000000 -1.200000 0.0 1.0 0.0 91 120 73 0.880 3 61
-2.700000 0.000000 -1.100000 0.0 1.0 0.0 91 120 73 0.880 3 61
-2.700000 0.000000 -1.000000 0.0 1.0 0.0 91 120 73 0.880 3 61
-2.700000 0.000000 -0.900000 0.0 1.0 0.0 91 120 73 0.880 3 61
-2.700000 0.000000 -0.800000 0.0 1.0 0.0 91 120 73 0.880 3 61
-2.700000 0.000000 -0.700000 0.0 1.0 0.0 91 120 73 0.880 3 61
-2.700000 0.000000 -0.600000 0.0 1.0 0.0 91 120 73 0.880 3 61
-2.700000 0.000000 -0.500000 0.0 1.0 0.0 91 120 73 0.880 3 61
-2.700000 0.000000 -0.400000 0.0 1.0 0.0 91 120 73 0.880 3 61
-2.700000 0.000000 -0.300000 0.0 1.0 0.0 91 120 73 0.880 3 61
-2.700000 0.000000 -0.200000 0.0 1.0 0.0 91 120 73 0.880 3 61
-2.700000 0.000000 -0.100000 0.0 1.0 0.0 91 120 73 0.880 3 61
-2.700000 0.000000 0.000000 0.0 1.0 0.0 91 120 73 0.880 3 61
-2.700000 0.000000 0.100000 0.0 1.0 0.0 91 120 73 0.880 3 61
-2.700000 0.000000 0.200000 0.0 1.0 0.0 91 120 73 0.880 3 61
-2.700000 0.000000 0.300000 0.0 1.0 0.0 91 120 73 0.880 3 61
-2.700000 0.000000 0.400000 0.0 1.0 0.0 91 120 73 0.880 3 61
-2.700000 0.000000 0.500000 0.0 1.0 0.0 91 120 73 0.880 3 61
-2.700000 0.000000 0.600000 0.0 1.0 0.0 91 120 73 0.880 3 61
-2.700000 0.000000 0.700000 0.0 1.0 0.0 91 120 73 0.880 3 61
-2.700000 0.000000 0.800000 0.0 1.0 0.0 91 120 73 0.880 3 61
-2.700000 0.000000 0.900000 0.0 1.0 0.0 91 120 73 0.880 3 61
-2.700000 0.000000 1.000000 0.0 1.0 0.0 91 120 73 0.880 3 61
-2.700000 0.000000 1.100000 0.0 1.0 0.0 91 120 73 0.880 3 61
-2.700000 0.000000 1.200000 0.0 1.0 0.0 91 120 73 0.880 3 61
-2.700000 0.000000 1.300000 0.0 1.0 0.0 91 120 73 0.880 3 61
-2.700000 0.000000 1.400000 0.0 1.0 0.0 91 120 73 0.880 3 61
-2.700000 0.000000 1.500000 0.0 1.0 0.0 91 120 73 0.880 3 61
-2.700000 0.000000 1.600000 0.0 1.0 0.0 91 120 73 0.880 3 61
-2.700000 0.000000 1.700000 0.0 1.0 0.0 91 120 73 0.880 3 61
-2.700000 0.000000 1.800000 0.0 1.0 0.0 91 120 73 0.880 3 61
-2.700000 0.000000 1.900000 0.0 1.0 0.0 91 120 73 0.880 3 61
-2.700000 0.000000 2.000000 0.0 1.0 0.0 91 120 73 0.880 3 61
-2.700000 0.000000 2.100000 0.0 1.0 0.0 91 120 73 0.880 3 61
-2.700000 0.000000 2.200000 0.0 1.0 0.0 91 120 73 0.880 3 61
-2.700000 0.000000 2.300000 0.0 1.0 0.0 91 120 73 0.880 3 61
-2.700000 0.000000 2.400000 0.0 1.0 0.0 91 120 73 0.880 3 61
-2.700000 0.000000 2.500000 0.0 1.0 0.0 91 120 73 0.880 3 61
-2.700000 0.000000 2.600000 0.0 1.0 0.0 91 120 73 0.880 3 61
-2.700000 0.000000 2.700000 0.0 1.0 0.0 91 120 73 0.880 3 61
-2.700000 0.000000 2.800000 0.0 1.0 0.0 91 120 73 0.880 3 61
-2.700000 0.000000 2.900000 0.0 1.0 0.0 91 120 73 0.880 3 61
-2.700000 0.000000 3.000000 0.0 1.0 0.0 91 120 73 0.880 3 61
-2.700000 0.000000 3.100000 0.0 1.0 0.0 91 120 73 0.880 3 61
-2.700000 0.000000 3.200000 0.0 1.0 0.0 91 120 73 0.880 3 61
-2.700000 0.000000 3.300000 0.0 1.0 0.0 91 120 73 0.880 3 61
-2.700000 0.000000 3.400000 0.0 1.0 0.0 91 120 73 0.880 3 61
-2.700000 0.000000 3.500000 0.0 1.0 0.0 91 120 73 0.880 3 61
-2.700000 0.000000 3.600000 0.0 1.0 0.0 91 120 73 0.880 3 61
-2.700000 0.000000 3.700000 0.0 1.0 0.0 91 120 73 0.880 3 61
-2.700000 0.000000 3.800000 0.0 1.0 0.0 91 120 73 0.880 3 61
-2.700000 0.000000 3.900000 0.0 1.0 0.0 91 120 73 0.880 3 61
-2.700000 0.000000 4.000000 0.0 1.0 0.0 91 120 73 0.880 3 61
-2.600000 0.000000 -2.000000 0.0 1.0 0.0 91 120 73 0.880 3 61
-2.600000 0.000000 -1.900000 0.0 1.0 0.0 91 120 73 0.880 3 61
-2.600000 0.000000 -1.800000 0.0 1.0 0.0 91 120 73 0.880 3 61
-2.600000 0.000000 -1.700000 0.0 1.0 0.0 91 120 73 0.880 3 61
-2.600000 0.000000 -1.600000 0.0 1.0 0.0 91 120 73 0.880 3 61
-2.600000 0.000000 -1.500000 0.0 1.0 0.0 91 120 73 0.880 3 61
-2.600000 0.000000 -1.400000 0.0 1.0 0.0 91 120 73 0.880 3 61
-2.600000 0.000000 -1.300000 0.0 1.0 0.0 91 120 73 0.880 3 61
-2.600000 0.000000 -1.200000 0.0 1.0 0.0 91 120 73 0.880 3 61
-2.600000 0.000000 -1.100000 0.0 1.0 0.0 91 120 73 0.880 3 61
-2.600000 0.000000 -1.000000 0.0 1.0 0.0 91 120 73 0.880 3 61
-2.600000 0.000000 -0.900000 0.0 1.0 0.0 91 120 73 0.880 3 61
-2.600000 0.000000 -0.800000 0.0 1.0 0.0 91 120 73 0.880 3 61
-2.600000 0.000000 -0.700000 0.0 1.0 0.0 91 120 73 0.880 3 61
-2.600000 0.000000 -0.600000 0.0 1.0 0.0 91 120 73 0.880 3 61
-2.600000 0.000000 -0.500000 0.0 1.0 0.0 91 120 73 0.880 3 61
-2.600000 0.000000 -0.400000 0.0 1.0 0.0 91 120 73 0.880 3 61
-2.600000 0.000000 -0.300000 0.0 1.0 0.0 91 120 73 0.880 3 61
-2.600000 0.000000 -0.200000 0.0 1.0 0.0 91 120 73 0.880 3 61
-2.600000 0.000000 -0.100000 0.0 1.0 0.0 91 120 73 0.880 3 61
-2.600000 0.000000 0.000000 0.0 1.0 0.0 91 120 73 0.880 3 61
-2.600000 0.000000 0.100000 0.0 1.0 0.0 91 120 73 0.880 3 61
-2.600000 0.000000 0.200000 0.0 1.0 0.0 91 120 73 0.880 3 61
-2.600000 0.000000 0.300000 0.0 1.0 0.0 91 120 73 0.880 3 61
-2.600000 0.000000 0.400000 0.0 1.0 0.0 91 120 73 0.880 3 61
-2.600000 0.000000 0.500000 0.0 1.0 0.0 91 120 73 0.880 3 61
-2.600000 0.000000 0.600000 0.0 1.0 0.0 91 120 73 0.880 3 61
-2.600000 0.000000 0.700000 0.0 1.0 0.0 91 120 73 0.880 3 61
-2.600000 0.000000 0.800000 0.0 1.0 0.0 91 120 73 0.880 3 61
-2.600000 0.000000 0.900000 0.0 1.0 0.0 91 120 73 0.880 3 61
-2.600000 0.000000 1.000000 0.0 1.0 0.0 91 120 73 0.880 3 61
-2.600000 0.000000 1.100000 0.0 1.0 0.0 91 120 73 0.880 3 61
-2.600000 0.000000 1.200000 0.0 1.0 0.0 91 120 73 0.880 3 61
-2.600000 0.000000 1.300000 0.0 1.0 0.0 91 120 73 0.880 3 61
-2.600000 0.000000 1.400000 0.0 1.0 0.0 91 120 73 0.880 3 61
-2.600000 0.000000 1.500000 0.0 1.0 0.0 91 120 73 0.880 3 61
-2.600000 0.000000 1.600000 0.0 1.0 0.0 91 120 73 0.880 3 61
-2.600000 0.000000 1.700000 0.0 1.0 0.0 91 120 73 0.880 3 61
-2.600000 0.000000 1.800000 0.0 1.0 0.0 91 120 73 0.880 3 61
-2.600000 0.000000 1.900000 0.0 1.0 0.0 91 120 73 0.880 3 61
-2.600000 0.000000 2.000000 0.0 1.0 0.0 91 120 73 0.880 3 61
-2.600000 0.000000 2.100000 0.0 1.0 0.0 91 120 73 0.880 3 61
-2.600000 0.000000 2.200000 0.0 1.0 0.0 91 120 73 0.880 3 61
-2.600000 0.000000 2.300000 0.0 1.0 0.0 91 120 73 0.880 3 61
-2.600000 0.000000 2.400000 0.0 1.0 0.0 91 120 73 0.880 3 61
-2.600000 0.000000 2.500000 0.0 1.0 0.0 91 120 73 0.880 3 61
-2.600000 0.000000 2.600000 0.0 1.0 0.0 91 120 73 0.880 3 61
-2.600000 0.000000 2.700000 0.0 1.0 0.0 91 120 73 0.880 3 61
-2.600000 0.000000 2.800000 0.0 1.0 0.0 91 120 73 0.880 3 61
-2.600000 0.000000 2.900000 0.0 1.0 0.0 91 120 73 0.880 3 61
-2.600000 0.000000 3.000000 0.0 1.0 0.0 91 120 73 0.880 3 61
-2.600000 0.000000 3.100000 0.0 1.0 0.0 91 120 73 0.880 3 61
-2.600000 0.000000 3.200000 0.0 1.0 0.0 91 120 73 0.880 3 61
-2.600000 0.000000 3.300000 0.0 1.0 0.0 91 120 73 0.880 3 61
-2.600000 0.000000 3.400000 0.0 1.0 0.0 91 120 73 0.880 3 61
-2.600000 0.000000 3.500000 0.0 1.0 0.0 91 120 73 0.880 3 61
-2.600000 0.000000 3.600000 0.0 1.0 0.0 91 120 73 0.880 3 61
-2.600000 0.000000 3.700000 0.0 1.0 0.0 91 120 73 0.880 3 61
-2.600000 0.000000 3.800000 0.0 1.0 0.0 91 120 73 0.880 3 61
-2.600000 0.000000 3.900000 0.0 1.0 0.0 91 120 73 0.880 3 61
-2.600000 0.000000 4.000000 0.0 1.0 0.0 91 120 73 0.880 3 61
-2.500000 0.000000 -2.000000 0.0 1.0 0.0 91 120 73 0.880 3 61
-2.500000 0.000000 -1.900000 0.0 1.0 0.0 91 120 73 0.880 3 61
-2.500000 0.000000 -1.800000 0.0 1.0 0.0 91 120 73 0.880 3 61
-2.500000 0.000000 -1.700000 0.0 1.0 0.0 91 120 73 0.880 3 61
-2.500000 0.000000 -1.600000 0.0 1.0 0.0 91 120 73 0.880 3 61
-2.500000 0.000000 -1.500000 0.0 1.0 0.0 91 120 73 0.880 3 61
-2.500000 0.000000 -1.400000 0.0 1.0 0.0 91 120 73 0.880 3 61
-2.500000 0.000000 -1.300000 0.0 1.0 0.0 91 120 73 0.880 3 61
-2.500000 0.000000 -1.200000 0.0 1.0 0.0 91 120 73 0.880 3 61
-2.500000 0.000000 -1.100000 0.0 1.0 0.0 91 120 73 0.880 3 61
-2.500000 0.000000 -1.000000 0.0 1.0 0.0 91 120 73 0.880 3 61
-2.500000 0.000000 -0.900000 0.0 1.0 0.0 91 120 73 0.880 3 61
-2.500000 0.000000 -0.800000 0.0 1.0 0.0 91 120 73 0.880 3 61
-2.500000 0.000000 -0.700000 0.0 1.0 0.0 91 120 73 0.880 3 61
-2.500000 0.000000 -0.600000 0.0 1.0 0.0 91 120 73 0.880 3 61
-2.500000 0.000000 -0.500000 0.0 1.0 0.0 91 120 73 0.880 3 61
-2.500000 0.000000 -0.400000 0.0 1.0 0.0 91 120 73 0.880 3 61
-2.500000 0.000000 -0.300000 0.0 1.0 0.0 91 120 73 0.880 3 61
-2.500000 0.000000 -0.200000 0.0 1.0 0.0 91 120 73 0.880 3 61
-2.500000 0.000000 -0.100000 0.0 1.0 0.0 91 120 73 0.880 3 61
-2.500000 0.000000 0.000000 0.0 1.0 0.0 91 120 73 0.880 3 61
-2.500000 0.000000 0.100000 0.0 1.0 0.0 91 120 73 0.880 3 61
-2.500000 0.000000 0.200000 0.0 1.0 0.0 91 120 73 0.880 3 61
-2.500000 0.000000 0.300000 0.0 1.0 0.0 91 120 73 0.880 3 61
-2.500000 0.000000 0.400000 0.0 1.0 0.0 91 120 73 0.880 3 61
-2.500000 0.000000 0.500000 0.0 1.0 0.0 91 120 73 0.880 3 61
-2.500000 0.000000 0.600000 0.0 1.0 0.0 91 120 73 0.880 3 61
-2.500000 0.000000 0.700000 0.0 1.0 0.0 91 120 73 0.880 3 61
-2.500000 0.000000 0.800000 0.0 1.0 0.0 91 120 73 0.880 3 61
-2.500000 0.000000 0.900000 0.0 1.0 0.0 91 120 73 0.880 3 61
-2.500000 0.000000 1.000000 0.0 1.0 0.0 91 120 73 0.880 3 61
-2.500000 0.000000 1.100000 0.0 1.0 0.0 91 120 73 0.880 3 61
-2.500000 0.000000 1.200000 0.0 1.0 0.0 91 120 73 0.880 3 61
-2.500000 0.000000 1.300000 0.0 1.0 0.0 91 120 73 0.880 3 61
-2.500000 0.000000 1.400000 0.0 1.0 0.0 91 120 73 0.880 3 61
-2.500000 0.000000 1.500000 0.0 1.0 0.0 91 120 73 0.880 3 61
-2.500000 0.000000 1.600000 0.0 1.0 0.0 91 120 73 0.880 3 61
-2.500000 0.000000 1.700000 0.0 1.0 0.0 91 120 73 0.880 3 61
-2.500000 0.000000 1.800000 0.0 1.0 0.0 91 120 73 0.880 3 61
-2.500000 0.000000 1.900000 0.0 1.0 0.0 91 120 73 0.880 3 61
-2.500000 0.000000 2.000000 0.0 1.0 0.0 91 120 73 0.880 3 61
-2.500000 0.000000 2.100000 0.0 1.0 0.0 91 120 73 0.880 3 61
-2.500000 0.000000 2.200000 0.0 1.0 0.0 91 120 73 0.880 3 61
-2.500000 0.000000 2.300000 0.0 1.0 0.0 91 120 73 0.880 3 61
-2.500000 0.000000 2.400000 0.0 1.0 0.0 91 120 73 0.880 3 61
-2.500000 0.000000 2.500000 0.0 1.0 0.0 91 120 73 0.880 3 61
-2.500000 0.000000 2.600000 0.0 1.0 0.0 91 120 73 0.880 3 61
-2.500000 0.000000 2.700000 0.0 1.0 0.0 91 120 73 0.880 3 61
-2.500000 0.000000 2.800000 0.0 1.0 0.0 91 120 73 0.880 3 61
-2.500000 0.000000 2.900000 0.0 1.0 0.0 91 120 73 0.880 3 61
-2.500000 0.000000 3.000000 0.0 1.0 0.0 91 120 73 0.880 3 61
-2.500000 0.000000 3.100000 0.0 1.0 0.0 91 120 73 0.880 3 61
-2.500000 0.000000 3.200000 0.0 1.0 0.0 91 120 73 0.880 3 61
-2.500000 0.000000 3.300000 0.0 1.0 0.0 91 120 73 0.880 3 61
-2.500000 0.000000 3.400000 0.0 1.0 0.0 91 120 73 0.880 3 61
-2.500000 0.000000 3.500000 0.0 1.0 0.0 91 120 73 0.880 3 61
-2.500000 0.000000 3.600000 0.0 1.0 0.0 91 120 73 0.880 3 61
-2.500000 0.000000 3.700000 0.0 1.0 0.0 91 120 73 0.880 3 61
-2.500000 0.000000 3.800000 0.0 1.0 0.0 91 120 73 0.880 3 61
-2.500000 0.000000 3.900000 0.0 1.0 0.0 91 120 73 0.880 3 61
-2.500000 0.000000 4.000000 0.0 1.0 0.0 91 120 73 0.880 3 61
-2.400000 0.000000 -2.000000 0.0 1.0 0.0 91 120 73 0.880 3 61
-2.400000 0.000000 -1.900000 0.0 1.0 0.0 91 120 73 0.880 3 61
-2.400000 0.000000 -1.800000 0.0 1.0 0.0 91 120 73 0.880 3 61
-2.400000 0.000000 -1.700000 0.0 1.0 0.0 91 120 73 0.880 3 61
-2.400000 0.000000 -1.600000 0.0 1.0 0.0 91 120 73 0.880 3 61
-2.400000 0.000000 -1.500000 0.0 1.0 0.0 91 120 73 0.880 3 61
-2.400000 0.000000 -1.400000 0.0 1.0 0.0 91 120 73 0.880 3 61
-2.400000 0.000000 -1.300000 0.0 1.0 0.0 91 120 73 0.880 3 61
-2.400000 0.000000 -1.200000 0.0 1.0 0.0 91 120 73 0.880 3 61
-2.400000 0.000000 -1.100000 0.0 1.0 0.0 91 120 73 0.880 3 61
-2.400000 0.000000 -1.000000 0.0 1.0 0.0 91 120 73 0.880 3 61
-2.400000 0.000000 -0.900000 0.0 1.0 0.0 91 120 73 0.880 3 61
-2.400000 0.000000 -0.800000 0.0 1.0 0.0 91 120 73 0.880 3 61
-2.400000 0.000000 -0.700000 0.0 1.0 0.0 91 120 73 0.880 3 61
-2.400000 0.000000 -0.600000 0.0 1.0 0.0 91 120 73 0.880 3 61
-2.400000 0.000000 -0.500000 0.0 1.0 0.0 91 120 73 0.880 3 61
-2.400000 0.000000 -0.400000 0.0 1.0 0.0 91 120 73 0.880 3 61
-2.400000 0.000000 -0.300000 0.0 1.0 0.0 91 120 73 0.880 3 61
-2.400000 0.000000 -0.200000 0.0 1.0 0.0 91 120 73 0.880 3 61
-2.400000 0.000000 -0.100000 0.0 1.0 0.0 91 120 73 0.880 3 61
-2.400000 0.000000 0.000000 0.0 1.0 0.0 91 120 73 0.880 3 61
-2.400000 0.000000 0.100000 0.0 1.0 0.0 91 120 73 0.880 3 61
-2.400000 0.000000 0.200000 0.0 1.0 0.0 91 120 73 0.880 3 61
-2.400000 0.000000 0.300000 0.0 1.0 0.0 91 120 73 0.880 3 61
-2.400000 0.000000 0.400000 0.0 1.0 0.0 91 120 73 0.880 3 61
-2.400000 0.000000 0.500000 0.0 1.0 0.0 91 120 73 0.880 3 61
-2.400000 0.000000 0.600000 0.0 1.0 0.0 91 120 73 0.880 3 61
-2.400000 0.000000 0.700000 0.0 1.0 0.0 91 120 73 0.880 3 61
-2.400000 0.000000 0.800000 0.0 1.0 0.0 91 120 73 0.880 3 61
-2.400000 0.000000 0.900000 0.0 1.0 0.0 91 120 73 0.880 3 61
-2.400000 0.000000 1.000000 0.0 1.0 0.0 91 120 73 0.880 3 61
-2.400000 0.000000 1.100000 0.0 1.0 0.0 91 120 73 0.880 3 61
-2.400000 0.000000 1.200000 0.0 1.0 0.0 91 120 73 0.880 3 61
-2.400000 0.000000 1.300000 0.0 1.0 0.0 91 120 73 0.880 3 61
-2.400000 0.000000 1.400000 0.0 1.0 0.0 91 120 73 0.880 3 61
-2.400000 0.000000 1.500000 0.0 1.0 0.0 91 120 73 0.880 3 61
-2.400000 0.000000 1.600000 0.0 1.0 0.0 91 120 73 0.880 3 61
-2.400000 0.000000 1.700000 0.0 1.0 0.0 91 120 73 0.880 3 61
-2.400000 0.000000 1.800000 0.0 1.0 0.0 91 120 73 0.880 3 61
-2.400000 0.000000 1.900000 0.0 1.0 0.0 91 120 73 0.880 3 61
-2.400000 0.000000 2.000000 0.0 1.0 0.0 91 120 73 0.880 3 61
-2.400000 0.000000 2.100000 0.0 1.0 0.0 91 120 73 0.880 3 61
-2.400000 0.000000 2.200000 0.0 1.0 0.0 91 120 73 0.880 3 61
-2.400000 0.000000 2.300000 0.0 1.0 0.0 91 120 73 0.880 3 61
-2.400000 0.000000 2.400000 0.0 1.0 0.0 91 120 73 0.880 3 61
-2.400000 0.000000 2.500000 0.0 1.0 0.0 91 120 73 0.880 3 61
-2.400000 0.000000 2.600000 0.0 1.0 0.0 91 120 73 0.880 3 61
-2.400000 0.000000 2.700000 0.0 1.0 0.0 91 120 73 0.880 3 61
-2.400000 0.000000 2.800000 0.0 1.0 0.0 91 120 73 0.880 3 61
-2.400000 0.000000 2.900000 0.0 1.0 0.0 91 120 73 0.880 3 61
-2.400000 0.000000 3.000000 0.0 1.0 0.0 91 120 73 0.880 3 61
-2.400000 0.000000 3.100000 0.0 1.0 0.0 91 120 73 0.880 3 61
-2.400000 0.000000 3.200000 0.0 1.0 0.0 91 120 73 0.880 3 61
-2.400000 0.000000 3.300000 0.0 1.0 0.0 91 120 73 0.880 3 61
-2.400000 0.000000 3.400000 0.0 1.0 0.0 91 120 73 0.880 3 61
-2.400000 0.000000 3.500000 0.0 1.0 0.0 91 120 73 0.880 3 61
-2.400000 0.000000 3.600000 0.0 1.0 0.0 91 120 73 0.880 3 61
-2.400000 0.000000 3.700000 0.0 1.0 0.0 91 120 73 0.880 3 61
-2.400000 0.000000 3.800000 0.0 1.0 0.0 91 120 73 0.880 3 61
-2.400000 0.000000 3.900000 0.0 1.0 0.0 91 120 73 0.880 3 61
-2.400000 0.000000 4.000000 0.0 1.0 0.0 91 120 73 0.880 3 61
-2.300000 0.000000 -2.000000 0.0 1.0 0.0 91 120 73 0.880 3 61
-2.300000 0.000000 -1.900000 0.0 1.0 0.0 91 120 73 0.880 3 61
-2.300000 0.000000 -1.800000 0.0 1.0 0.0 91 120 73 0.880 3 61
-2.300000 0.000000 -1.700000 0.0 1.0 0.0 91 120 73 0.880 3 61
-2.300000 0.000000 -1.600000 0.0 1.0 0.0 91 120 73 0.880 3 61
-2.300000 0.000000 -1.500000 0.0 1.0 0.0 91 120 73 0.880 3 61
-2.300000 0.000000 -1.400000 0.0 1.0 0.0 91 120 73 0.880 3 61
-2.300000 0.000000 -1.300000 0.0 1.0 0.0 91 120 73 0.880 3 61
-2.300000 0.000000 -1.200000 0.0 1.0 0.0 91 120 73 0.880 3 61
-2.300000 0.000000 -1.100000 0.0 1.0 0.0 91 120 73 0.880 3 61
-2.300000 0.000000 -1.000000 0.0 1.0 0.0 91 120 73 0.880 3 61
-2.300000 0.000000 -0.900000 0.0 1.0 0.0 91 120 73 0.880 3 61
-2.300000 0.000000 -0.800000 0.0 1.0 0.0 91 120 73 0.880 3 61
-2.300000 0.000000 -0.700000 0.0 1.0 0.0 91 120 73 0.880 3 61
-2.300000 0.000000 -0.600000 0.0 1.0 0.0 91 120 73 0.880 3 61
-2.300000 0.000000 -0.500000 0.0 1.0 0.0 91 120 73 0.880 3 61
-2.300000 0.000000 -0.400000 0.0 1.0 0.0 91 120 73 0.880 3 61
-2.300000 0.000000 -0.300000 0.0 1.0 0.0 91 120 73 0.880 3 61
-2.300000 0.000000 -0.200000 0.0 1.0 0.0 91 120 73 0.880 3 61
-2.300000 0.000000 -0.100000 0.0 1.0 0.0 91 120 73 0.880 3 61
-2.300000 0.000000 0.000000 0.0 1.0 0.0 91 120 73 0.880 3 61
-2.300000 0.000000 0.100000 0.0 1.0 0.0 91 120 73 0.880 3 61
-2.300000 0.000000 0.200000 0.0 1.0 0.0 91 120 73 0.880 3 61
-2.300000 0.000000 0.300000 0.0 1.0 0.0 91 120 73 0.880 3 61
-2.300000 0.000000 0.400000 0.0 1.0 0.0 91 120 73 0.880 3 61
-2.300000 0.000000 0.500000 0.0 1.0 0.0 91 120 73 0.880 3 61
-2.300000 0.000000 0.600000 0.0 1.0 0.0 91 120 73 0.880 3 61
-2.300000 0.000000 0.700000 0.0 1.0 0.0 91 120 73 0.880 3 61
-2.300000 0.000000 0.800000 0.0 1.0 0.0 91 120 73 0.880 3 61
-2.300000 0.000000 0.900000 0.0 1.0 0.0 91 120 73 0.880 3 61
-2.300000 0.000000 1.000000 0.0 1.0 0.0 91 120 73 0.880 3 61
-2.300000 0.000000 1.100000 0.0 1.0 0.0 91 120 73 0.880 3 61
-2.300000 0.000000 1.200000 0.0 1.0 0.0 91 120 73 0.880 3 61
-2.300000 0.000000 1.300000 0.0 1.0 0.0 91 120 73 0.880 3 61
-2.300000 0.000000 1.400000 0.0 1.0 0.0 91 120 73 0.880 3 61
-2.300000 0.000000 1.500000 0.0 1.0 0.0 91 120 73 0.880 3 61
-2.300000 0.000000 1.600000 0.0 1.0 0.0 91 120 73 0.880 3 61
-2.300000 0.000000 1.700000 0.0 1.0 0.0 91 120 73 0.880 3 61
-2.300000 0.000000 1.800000 0.0 1.0 0.0 91 120 73 0.880 3 61
-2.300000 0.000000 1.900000 0.0 1.0 0.0 91 120 73 0.880 3 61
-2.300000 0.000000 2.000000 0.0 1.0 0.0 91 120 73 0.880 3 61
-2.300000 0.000000 2.100000 0.0 1.0 0.0 91 120 73 0.880 3 61
-2.300000 0.000000 2.200000 0.0 1.0 0.0 91 120 73 0.880 3 61
-2.300000 0.000000 2.300000 0.0 1.0 0.0 91 120 73 0.880 3 61
-2.300000 0.000000 2.400000 0.0 1.0 0.0 91 120 73 0.880 3 61
-2.300000 0.000000 2.500000 0.0 1.0 0.0 91 120 73 0.880 3 61
-2.300000 0.000000 2.600000 0.0 1.0 0.0 91 120 73 0.880 3 61
-2.300000 0.000000 2.700000 0.0 1.0 0.0 91 120 73 0.880 3 61
-2.300000 0.000000 2.800000 0.0 1.0 0.0 91 120 73 0.880 3 61
-2.300000 0.000000 2.900000 0.0 1.0 0.0 91 120 73 0.880 3 61
-2.300000 0.000000 3.000000 0.0 1.0 0.0 91 120 73 0.880 3 61
-2.300000 0.000000 3.100000 0.0 1.0 0.0 91 120 73 0.880 3 61
-2.300000 0.000000 3.200000 0.0 1.0 0.0 91 120 73 0.880 3 61
-2.300000 0.000000 3.300000 0.0 1.0 0.0 91 120 73 0.880 3 61
-2.300000 0.000000 3.400000 0.0 1.0 0.0 91 120 73 0.880 3 61
-2.300000 0.000000 3.500000 0.0 1.0 0.0 91 120 73 0.880 3 61
-2.300000 0.000000 3.600000 0.0 1.0 0.0 91 120 73 0.880 3 61
-2.300000 0.000000 3.700000 0.0 1.0 0.0 91 120 73 0.880 3 61
-2.300000 0.000000 3.800000 0.0 1.0 0.0 91 120 73 0.880 3 61
-2.300000 0.000000 3.900000 0.0 1.0 0.0 91 120 73 0.880 3 61
-2.300000 0.000000 4.000000 0.0 1.0 0.0 91 120 73 0.880 3 61
-2.200000 0.000000 -2.000000 0.0 1.0 0.0 91 120 73 0.880 3 61
-2.200000 0.000000 -1.900000 0.0 1.0 0.0 91 120 73 0.880 3 61
-2.200000 0.000000 -1.800000 0.0 1.0 0.0 91 120 73 0.880 3 61
-2.200000 0.000000 -1.700000 0.0 1.0 0.0 91 120 73 0.880 3 61
-2.200000 0.000000 -1.600000 0.0 1.0 0.0 91 120 73 0.880 3 61
-2.200000 0.000000 -1.500000 0.0 1.0 0.0 91 120 73 0.880 3 61
-2.200000 0.000000 -1.400000 0.0 1.0 0.0 91 120 73 0.880 3 61
-2.200000 0.000000 -1.300000 0.0 1.0 0.0 91 120 73 0.880 3 61
-2.200000 0.000000 -1.200000 0.0 1.0 0.0 91 120 73 0.880 3 61
-2.200000 0.000000 -1.100000 0.0 1.0 0.0 91 120 73 0.880 3 61
-2.200000 0.000000 -1.000000 0.0 1.0 0.0 91 120 73 0.880 3 61
-2.200000 0.000000 -0.900000 0.0 1.0 0.0 91 120 73 0.880 3 61
-2.200000 0.000000 -0.800000 0.0 1.0 0.0 91 120 73 0.880 3 61
-2.200000 0.000000 -0.700000 0.0 1.0 0.0 91 120 73 0.880 3 61
-2.200000 0.000000 -0.600000 0.0 1.0 0.0 91 120 73 0.880 3 61
-2.200000 0.000000 -0.500000 0.0 1.0 0.0 91 120 73 0.880 3 61
-2.200000 0.000000 -0.400000 0.0 1.0 0.0 91 120 73 0.880 3 61
-2.200000 0.000000 -0.300000 0.0 1.0 0.0 91 120 73 0.880 3 61
-2.200000 0.000000 -0.200000 0.0 1.0 0.0 91 120 73 0.880 3 61
-2.200000 0.000000 -0.100000 0.0 1.0 0.0 91 120 73 0.880 3 61
-2.200000 0.000000 0.000000 0.0 1.0 0.0 91 120 73 0.880 3 61
-2.200000 0.000000 0.100000 0.0 1.0 0.0 91 120 73 0.880 3 61
-2.200000 0.000000 0.200000 0.0 1.0 0.0 91 120 73 0.880 3 61
-2.200000 0.000000 0.300000 0.0 1.0 0.0 91 120 73 0.880 3 61
-2.200000 0.000000 0.400000 0.0 1.0 0.0 91 120 73 0.880 3 61
-2.200000 0.000000 0.500000 0.0 1.0 0.0 91 120 73 0.880 3 61
-2.200000 0.000000 0.600000 0.0 1.0 0.0 91 120 73 0.880 3 61
-2.200000 0.000000 0.700000 0.0 1.0 0.0 91 120 73 0.880 3 61
-2.200000 0.000000 0.800000 0.0 1.0 0.0 91 120 73 0.880 3 61
-2.200000 0.000000 0.900000 0.0 1.0 0.0 91 120 73 0.880 3 61
-2.200000 0.000000 1.000000 0.0 1.0 0.0 91 120 73 0.880 3 61
-2.200000 0.000000 1.100000 0.0 1.0 0.0 91 120 73 0.880 3 61
-2.200000 0.000000 1.200000 0.0 1.0 0.0 91 120 73 0.880 3 61
-2.200000 0.000000 1.300000 0.0 1.0 0.0 91 120 73 0.880 3 61
-2.200000 0.000000 1.400000 0.0 1.0 0.0 91 120 73 0.880 3 61
-2.200000 0.000000 1.500000 0.0 1.0 0.0 91 120 73 0.880 3 61
-2.200000 0.000000 1.600000 0.0 1.0 0.0 91 120 73 0.880 3 61
-2.200000 0.000000 1.700000 0.0 1.0 0.0 91 120 73 0.880 3 61
-2.200000 0.000000 1.800000 0.0 1.0 0.0 91 120 73 0.880 3 61
-2.200000 0.000000 1.900000 0.0 1.0 0.0 91 120 73 0.880 3 61
-2.200000 0.000000 2.000000 0.0 1.0 0.0 91 120 73 0.880 3 61
-2.200000 0.000000 2.100000 0.0 1.0 0.0 91 120 73 0.880 3 61
-2.200000 0.000000 2.200000 0.0 1.0 0.0 91 120 73 0.880 3 61
-2.200000 0.000000 2.300000 0.0 1.0 0.0 91 120 73 0.880 3 61
-2.200000 0.000000 2.400000 0.0 1.0 0.0 91 120 73 0.880 3 61
-2.200000 0.000000 2.500000 0.0 1.0 0.0 91 120 73 0.880 3 61
-2.200000 0.000000 2.600000 0.0 1.0 0.0 91 120 73 0.880 3 61
-2.200000 0.000000 2.700000 0.0 1.0 0.0 91 120 73 0.880 3 61
-2.200000 0.000000 2.800000 0.0 1.0 0.0 91 120 73 0.880 3 61
-2.200000 0.000000 2.900000 0.0 1.0 0.0 91 120 73 0.880 3 61
-2.200000 0.000000 3.000000 0.0 1.0 0.0 91 120 73 0.880 3 61
-2.200000 0.000000 3.100000 0.0 1.0 0.0 91 120 73 0.880 3 61
-2.200000 0.000000 3.200000 0.0 1.0 0.0 91 120 73 0.880 3 61
-2.200000 0.000000 3.300000 0.0 1.0 0.0 91 120 73 0.880 3 61
-2.200000 0.000000 3.400000 0.0 1.0 0.0 91 120 73 0.880 3 61
-2.200000 0.000000 3.500000 0.0 1.0 0.0 91 120 73 0.880 3 61
-2.200000 0.000000 3.600000 0.0 1.0 0.0 91 120 73 0.880 3 61
-2.200000 0.000000 3.700000 0.0 1.0 0.0 91 120 73 0.880 3 61
-2.200000 0.000000 3.800000 0.0 1.0 0.0 91 120 73 0.880 3 61
-2.200000 0.000000 3.900000 0.0 1.0 0.0 91 120 73 0.880 3 61
-2.200000 0.000000 4.000000 0.0 1.0 0.0 91 120 73 0.880 3 61
-2.100000 0.000000 -2.000000 0.0 1.0 0.0 91 120 73 0.880 3 61
-2.100000 0.000000 -1.900000 0.0 1.0 0.0 91 120 73 0.880 3 61
-2.100000 0.000000 -1.800000 0.0 1.0 0.0 91 120 73 0.880 3 61
-2.100000 0.000000 -1.700000 0.0 1.0 0.0 91 120 73 0.880 3 61
-2.100000 0.000000 -1.600000 0.0 1.0 0.0 91 120 73 0.880 3 61
-2.100000 0.000000 -1.500000 0.0 1.0 0.0 91 120 73 0.880 3 61
-2.100000 0.000000 -1.400000 0.0 1.0 0.0 91 120 73 0.880 3 61
-2.100000 0.000000 -1.300000 0.0 1.0 0.0 91 120 73 0.880 3 61
-2.100000 0.000000 -1.200000 0.0 1.0 0.0 91 120 73 0.880 3 61
-2.100000 0.000000 -1.100000 0.0 1.0 0.0 91 120 73 0.880 3 61
-2.100000 0.000000 -1.000000 0.0 1.0 0.0 91 120 73 0.880 3 61
-2.100000 0.000000 -0.900000 0.0 1.0 0.0 91 120 73 0.880 3 61
-2.100000 0.000000 -0.800000 0.0 1.0 0.0 91 120 73 0.880 3 61
-2.100000 0.000000 -0.700000 0.0 1.0 0.0 91 120 73 0.880 3 61
-2.100000 0.000000 -0.600000 0.0 1.0 0.0 91 120 73 0.880 3 61
-2.100000 0.000000 -0.500000 0.0 1.0 0.0 91 120 73 0.880 3 61
-2.100000 0.000000 -0.400000 0.0 1.0 0.0 91 120 73 0.880 3 61
-2.100000 0.000000 -0.300000 0.0 1.0 0.0 91 120 73 0.880 3 61
-2.100000 0.000000 -0.200000 0.0 1.0 0.0 91 120 73 0.880 3 61
-2.100000 0.000000 -0.100000 0.0 1.0 0.0 91 120 73 0.880 3 61
-2.100000 0.000000 0.000000 0.0 1.0 0.0 91 120 73 0.880 3 61
-2.100000 0.000000 0.100000 0.0 1.0 0.0 91 120 73 0.880 3 61
-2.100000 0.000000 0.200000 0.0 1.0 0.0 91 120 73 0.880 3 61
-2.100000 0.000000 0.300000 0.0 1.0 0.0 91 120 73 0.880 3 61
-2.100000 0.000000 0.400000 0.0 1.0 0.0 91 120 73 0.880 3 61
-2.100000 0.000000 0.500000 0.0 1.0 0.0 91 120 73 0.880 3 61
-2.100000 0.000000 0.600000 0.0 1.0 0.0 91 120 73 0.880 3 61
-2.100000 0.000000 0.700000 0.0 1.0 0.0 91 120 73 0.880 3 61
-2.100000 0.000000 0.800000 0.0 1.0 0.0 91 120 73 0.880 3 61
-2.100000 0.000000 0.900000 0.0 1.0 0.0 91 120 73 0.880 3 61
-2.100000 0.000000 1.000000 0.0 1.0 0.0 91 120 73 0.880 3 61
-2.100000 0.000000 1.100000 0.0 1.0 0.0 91 120 73 0.880 3 61
-2.100000 0.000000 1.200000 0.0 1.0 0.0 91 120 73 0.880 3 61
-2.100000 0.000000 1.300000 0.0 1.0 0.0 91 120 73 0.880 3 61
-2.100000 0.000000 1.400000 0.0 1.0 0.0 91 120 73 0.880 3 61
-2.100000 0.000000 1.500000 0.0 1.0 0.0 91 120 73 0.880 3 61
-2.100000 0.000000 1.600000 0.0 1.0 0.0 91 120 73 0.880 3 61
-2.100000 0.000000 1.700000 0.0 1.0 0.0 91 120 73 0.880 3 61
-2.100000 0.000000 1.800000 0.0 1.0 0.0 91 120 73 0.880 3 61
-2.100000 0.000000 1.900000 0.0 1.0 0.0 91 120 73 0.880 3 61
-2.100000 0.000000 2.000000 0.0 1.0 0.0 91 120 73 0.880 3 61
-2.100000 0.000000 2.100000 0.0 1.0 0.0 91 120 73 0.880 3 61
-2.100000 0.000000 2.200000 0.0 1.0 0.0 91 120 73 0.880 3 61
-2.100000 0.000000 2.300000 0.0 1.0 0.0 91 120 73 0.880 3 61
-2.100000 0.000000 2.400000 0.0 1.0 0.0 91 120 73 0.880 3 61
-2.100000 0.000000 2.500000 0.0 1.0 0.0 91 120 73 0.880 3 61
-2.100000 0.000000 2.600000 0.0 1.0 0.0 91 120 73 0.880 3 61
-2.100000 0.000000 2.700000 0.0 1.0 0.0 91 120 73 0.880 3 61
-2.100000 0.000000 2.800000 0.0 1.0 0.0 91 120 73 0.880 3 61
-2.100000 0.000000 2.900000 0.0 1.0 0.0 91 120 73 0.880 3 61
-2.100000 0.000000 3.000000 0.0 1.0 0.0 91 120 73 0.880 3 61
-2.100000 0.000000 3.100000 0.0 1.0 0.0 91 120 73 0.880 3 61
-2.100000 0.000000 3.200000 0.0 1.0 0.0 91 120 73 0.880 3 61
-2.100000 0.000000 3.300000 0.0 1.0 0.0 91 120 73 0.880 3 61
-2.100000 0.000000 3.400000 0.0 1.0 0.0 91 120 73 0.880 3 61
-2.100000 0.000000 3.500000 0.0 1.0 0.0 91 120 73 0.880 3 61
-2.100000 0.000000 3.600000 0.0 1.0 0.0 91 120 73 0.880 3 61
-2.100000 0.000000 3.700000 0.0 1.0 0.0 91 120 73 0.880 3 61
-2.100000 0.000000 3.800000 0.0 1.0 0.0 91 120 73 0.880 3 61
-2.100000 0.000000 3.900000 0.0 1.0 0.0 91 120 73 0.880 3 61
-2.100000 0.000000 4.000000 0.0 1.0 0.0 91 120 73 0.880 3 61
-2.000000 0.000000 -2.000000 0.0 1.0 0.0 91 120 73 0.880 3 61
-2.000000 0.000000 -1.900000 0.0 1.0 0.0 91 120 73 0.880 3 61
-2.000000 0.000000 -1.800000 0.0 1.0 0.0 91 120 73 0.880 3 61
-2.000000 0.000000 -1.700000 0.0 1.0 0.0 91 120 73 0.880 3 61
-2.000000 0.000000 -1.600000 0.0 1.0 0.0 91 120 73 0.880 3 61
-2.000000 0.000000 -1.500000 0.0 1.0 0.0 91 120 73 0.880 3 61
-2.000000 0.000000 -1.400000 0.0 1.0 0.0 91 120 73 0.880 3 61
-2.000000 0.000000 -1.300000 0.0 1.0 0.0 91 120 73 0.880 3 61
-2.000000 0.000000 -1.200000 0.0 1.0 0.0 91 120 73 0.880 3 61
-2.000000 0.000000 -1.100000 0.0 1.0 0.0 91 120 73 0.880 3 61
-2.000000 0.000000 -1.000000 0.0 1.0 0.0 91 120 73 0.880 3 61
-2.000000 0.000000 -0.900000 0.0 1.0 0.0 91 120 73 0.880 3 61
-2.000000 0.000000 -0.800000 0.0 1.0 0.0 91 120 73 0.880 3 61
-2.000000 0.000000 -0.700000 0.0 1.0 0.0 91 120 73 0.880 3 61
-2.000000 0.000000 -0.600000 0.0 1.0 0.0 91 120 73 0.880 3 61
-2.000000 0.000000 -0.500000 0.0 1.0 0.0 91 120 73 0.880 3 61
-2.000000 0.000000 -0.400000 0.0 1.0 0.0 91 120 73 0.880 3 61
-2.000000 0.000000 -0.300000 0.0 1.0 0.0 91 120 73 0.880 3 61
-2.000000 0.000000 -0.200000 0.0 1.0 0.0 91 120 73 0.880 3 61
-2.000000 0.000000 -0.100000 0.0 1.0 0.0 91 120 73 0.880 3 61
-2.000000 0.000000 0.000000 0.0 1.0 0.0 91 120 73 0.880 3 61
-2.000000 0.000000 0.100000 0.0 1.0 0.0 91 120 73 0.880 3 61
-2.000000 0.000000 0.200000 0.0 1.0 0.0 91 120 73 0.880 3 61
-2.000000 0.000000 0.300000 0.0 1.0 0.0 91 120 73 0.880 3 61
-2.000000 0.000000 0.400000 0.0 1.0 0.0 91 120 73 0.880 3 61
-2.000000 0.000000 0.500000 0.0 1.0 0.0 91 120 73 0.880 3 61
-2.000000 0.000000 0.600000 0.0 1.0 0.0 91 120 73 0.880 3 61
-2.000000 0.000000 0.700000 0.0 1.0 0.0 91 120 73 0.880 3 61
-2.000000 0.000000 0.800000 0.0 1.0 0.0 91 120 73 0.880 3 61
-2.000000 0.000000 0.900000 0.0 1.0 0.0 91 120 73 0.880 3 61
-2.000000 0.000000 1.000000 0.0 1.0 0.0 91 120 73 0.880 3 61
-2.000000 0.000000 1.100000 0.0 1.0 0.0 91 120 73 0.880 3 61
-2.000000 0.000000 1.200000 0.0 1.0 0.0 91 120 73 0.880 3 61
-2.000000 0.000000 1.300000 0.0 1.0 0.0 91 120 73 0.880 3 61
-2.000000 0.000000 1.400000 0.0 1.0 0.0 91 120 73 0.880 3 61
-2.000000 0.000000 1.500000 0.0 1.0 0.0 91 120 73 0.880 3 61
-2.000000 0.000000 1.600000 0.0 1.0 0.0 91 120 73 0.880 3 61
-2.000000 0.000000 1.700000 0.0 1.0 0.0 91 120 73 0.880 3 61
-2.000000 0.000000 1.800000 0.0 1.0 0.0 91 120 73 0.880 3 61
-2.000000 0.000000 1.900000 0.0 1.0 0.0 91 120 73 0.880 3 61
-2.000000 0.000000 2.000000 0.0 1.0 0.0 91 120 73 0.880 3 61
-2.000000 0.000000 2.100000 0.0 1.0 0.0 91 120 73 0.880 3 61
-2.000000 0.000000 2.200000 0.0 1.0 0.0 91 120 73 0.880 3 61
-2.000000 0.000000 2.300000 0.0 1.0 0.0 91 120 73 0.880 3 61
-2.000000 0.000000 2.400000 0.0 1.0 0.0 91 120 73 0.880 3 61
-2.000000 0.000000 2.500000 0.0 1.0 0.0 91 120 73 0.880 3 61
-2.000000 0.000000 2.600000 0.0 1.0 0.0 91 120 73 0.880 3 61
-2.000000 0.000000 2.700000 0.0 1.0 0.0 91 120 73 0.880 3 61
-2.000000 0.000000 2.800000 0.0 1.0 0.0 91 120 73 0.880 3 61
-2.000000 0.000000 2.900000 0.0 1.0 0.0 91 120 73 0.880 3 61
-2.000000 0.000000 3.000000 0.0 1.0 0.0 91 120 73 0.880 3 61
-2.000000 0.000000 3.100000 0.0 1.0 0.0 91 120 73 0.880 3 61
-2.000000 0.000000 3.200000 0.0 1.0 0.0 91 120 73 0.880 3 61
-2.000000 0.000000 3.300000 0.0 1.0 0.0 91 120 73 0.880 3 61
-2.000000 0.000000 3.400000 0.0 1.0 0.0 91 120 73 0.880 3 61
-2.000000 0.000000 3.500000 0.0 1.0 0.0 91 120 73 0.880 3 61
-2.000000 0.000000 3.600000 0.0 1.0 0.0 91 120 73 0.880 3 61
-2.000000 0.000000 3.700000 0.0 1.0 0.0 91 120 73 0.880 3 61
-2.000000 0.000000 3.800000 0.0 1.0 0.0 91 120 73 0.880 3 61
-2.000000 0.000000 3.900000 0.0 1.0 0.0 91 120 73 0.880 3 61
-2.000000 0.000000 4.000000 0.0 1.0 0.0 91 120 73 0.880 3 61
-1.900000 0.000000 -2.000000 0.0 1.0 0.0 91 120 73 0.880 3 61
-1.900000 0.000000 -1.900000 0.0 1.0 0.0 91 120 73 0.880 3 61
-1.900000 0.000000 -1.800000 0.0 1.0 0.0 91 120 73 0.880 3 61
-1.900000 0.000000 -1.700000 0.0 1.0 0.0 91 120 73 0.880 3 61
-1.900000 0.000000 -1.600000 0.0 1.0 0.0 91 120 73 0.880 3 61
-1.900000 0.000000 -1.500000 0.0 1.0 0.0 91 120 73 0.880 3 61
-1.900000 0.000000 -1.400000 0.0 1.0 0.0 91 120 73 0.880 3 61
-1.900000 0.000000 -1.300000 0.0 1.0 0.0 91 120 73 0.880 3 61
-1.900000 0.000000 -1.200000 0.0 1.0 0.0 91 120 73 0.880 3 61
-1.900000 0.000000 -1.100000 0.0 1.0 0.0 91 120 73 0.880 3 61
-1.900000 0.000000 -1.000000 0.0 1.0 0.0 91 120 73 0.880 3 61
-1.900000 0.000000 -0.900000 0.0 1.0 0.0 91 120 73 0.880 3 61
-1.900000 0.000000 -0.800000 0.0 1.0 0.0 91 120 73 0.880 3 61
-1.900000 0.000000 -0.700000 0.0 1.0 0.0 91 120 73 0.880 3 61
-1.900000 0.000000 -0.600000 0.0 1.0 0.0 91 120 73 0.880 3 61
-1.900000 0.000000 -0.500000 0.0 1.0 0.0 91 120 73 0.880 3 61
-1.900000 0.000000 -0.400000 0.0 1.0 0.0 91 120 73 0.880 3 61
-1.900000 0.000000 -0.300000 0.0 1.0 0.0 91 120 73 0.880 3 61
-1.900000 0.000000 -0.200000 0.0 1.0 0.0 91 120 73 0.880 3 61
-1.900000 0.000000 -0.100000 0.0 1.0 0.0 91 120 73 0.880 3 61
-1.900000 0.000000 0.000000 0.0 1.0 0.0 91 120 73 0.880 3 61
-1.900000 0.000000 0.100000 0.0 1.0 0.0 91 120 73 0.880 3 61
-1.900000 0.000000 0.200000 0.0 1.0 0.0 91 120 73 0.880 3 61
-1.900000 0.000000 0.300000 0.0 1.0 0.0 91 120 73 0.880 3 61
-1.900000 0.000000 0.400000 0.0 1.0 0.0 91 120 73 0.880 3 61
-1.900000 0.000000 0.500000 0.0 1.0 0.0 91 120 73 0.880 3 61
-1.900000 0.000000 0.600000 0.0 1.0 0.0 91 120 73 0.880 3 61
-1.900000 0.000000 0.700000 0.0 1.0 0.0 91 120 73 0.880 3 61
-1.900000 0.000000 0.800000 0.0 1.0 0.0 91 120 73 0.880 3 61
-1.900000 0.000000 0.900000 0.0 1.0 0.0 91 120 73 0.880 3 61
-1.900000 0.000000 1.000000 0.0 1.0 0.0 91 120 73 0.880 3 61
-1.900000 0.000000 1.100000 0.0 1.0 0.0 91 120 73 0.880 3 61
-1.900000 0.000000 1.200000 0.0 1.0 0.0 91 120 73 0.880 3 61
-1.900000 0.000000 1.300000 0.0 1.0 0.0 91 120 73 0.880 3 61
-1.900000 0.000000 1.400000 0.0 1.0 0.0 91 120 73 0.880 3 61
-1.900000 0.000000 1.500000 0.0 1.0 0.0 91 120 73 0.880 3 61
-1.900000 0.000000 1.600000 0.0 1.0 0.0 91 120 73 0.880 3 61
-1.900000 0.000000 1.700000 0.0 1.0 0.0 91 120 73 0.880 3 61
-1.900000 0.000000 1.800000 0.0 1.0 0.0 91 120 73 0.880 3 61
-1.900000 0.000000 1.900000 0.0 1.0 0.0 91 120 73 0.880 3 61
-1.900000 0.000000 2.000000 0.0 1.0 0.0 91 120 73 0.880 3 61
-1.900000 0.000000 2.100000 0.0 1.0 0.0 91 120 73 0.880 3 61
-1.900000 0.000000 2.200000 0.0 1.0 0.0 91 120 73 0.880 3 61
-1.900000 0.000000 2.300000 0.0 1.0 0.0 91 120 73 0.880 3 61
-1.900000 0.000000 2.400000 0.0 1.0 0.0 91 120 73 0.880 3 61
-1.900000 0.000000 2.500000 0.0 1.0 0.0 91 120 73 0.880 3 61
-1.900000 0.000000 2.600000 0.0 1.0 0.0 91 120 73 0.880 3 61
-1.900000 0.000000 2.700000 0.0 1.0 0.0 91 120 73 0.880 3 61
-1.900000 0.000000 2.800000 0.0 1.0 0.0 91 120 73 0.880 3 61
-1.900000 0.000000 2.900000 0.0 1.0 0.0 91 120 73 0.880 3 61
-1.900000 0.000000 3.000000 0.0 1.0 0.0 91 120 73 0.880 3 61
-1.900000 0.000000 3.100000 0.0 1.0 0.0 91 120 73 0.880 3 61
-1.900000 0.000000 3.200000 0.0 1.0 0.0 91 120 73 0.880 3 61
-1.900000 0.000000 3.300000 0.0 1.0 0.0 91 120 73 0.880 3 61
-1.900000 0.000000 3.400000 0.0 1.0 0.0 91 120 73 0.880 3 61
-1.900000 0.000000 3.500000 0.0 1.0 0.0 91 120 73 0.880 3 61
-1.900000 0.000000 3.600000 0.0 1.0 0.0 91 120 73 0.880 3 61
-1.900000 0.000000 3.700000 0.0 1.0 0.0 91 120 73 0.880 3 61
-1.900000 0.000000 3.800000 0.0 1.0 0.0 91 120 73 0.880 3 61
-1.900000 0.000000 3.900000 0.0 1.0 0.0 91 120 73 0.880 3 61
-1.900000 0.000000 4.000000 0.0 1.0 0.0 91 120 73 0.880 3 61
-1.800000 0.000000 -2.000000 0.0 1.0 0.0 91 120 73 0.880 3 61
-1.800000 0.000000 -1.900000 0.0 1.0 0.0 91 120 73 0.880 3 61
-1.800000 0.000000 -1.800000 0.0 1.0 0.0 91 120 73 0.880 3 61
-1.800000 0.000000 -1.700000 0.0 1.0 0.0 91 120 73 0.880 3 61
-1.800000 0.000000 -1.600000 0.0 1.0 0.0 91 120 73 0.880 3 61
-1.800000 0.000000 -1.500000 0.0 1.0 0.0 91 120 73 0.880 3 61
-1.800000 0.000000 -1.400000 0.0 1.0 0.0 91 120 73 0.880 3 61
-1.800000 0.000000 -1.300000 0.0 1.0 0.0 91 120 73 0.880 3 61
-1.800000 0.000000 -1.200000 0.0 1.0 0.0 91 120 73 0.880 3 61
-1.800000 0.000000 -1.100000 0.0 1.0 0.0 91 120 73 0.880 3 61
-1.800000 0.000000 -1.000000 0.0 1.0 0.0 91 120 73 0.880 3 61
-1.800000 0.000000 -0.900000 0.0 1.0 0.0 91 120 73 0.880 3 61
-1.800000 0.000000 -0.800000 0.0 1.0 0.0 91 120 73 0.880 3 61
-1.800000 0.000000 -0.700000 0.0 1.0 0.0 91 120 73 0.880 3 61
-1.800000 0.000000 -0.600000 0.0 1.0 0.0 91 120 73 0.880 3 61
-1.800000 0.000000 -0.500000 0.0 1.0 0.0 91 120 73 0.880 3 61
-1.800000 0.000000 -0.400000 0.0 1.0 0.0 91 120 73 0.880 3 61
-1.800000 0.000000 -0.300000 0.0 1.0 0.0 91 120 73 0.880 3 61
-1.800000 0.000000 -0.200000 0.0 1.0 0.0 91 120 73 0.880 3 61
-1.800000 0.000000 -0.100000 0.0 1.0 0.0 91 120 73 0.880 3 61
-1.800000 0.000000 0.000000 0.0 1.0 0.0 91 120 73 0.880 3 61
-1.800000 0.000000 0.100000 0.0 1.0 0.0 91 120 73 0.880 3 61
-1.800000 0.000000 0.200000 0.0 1.0 0.0 91 120 73 0.880 3 61
-1.800000 0.000000 0.300000 0.0 1.0 0.0 91 120 73 0.880 3 61
-1.800000 0.000000 0.400000 0.0 1.0 0.0 91 120 73 0.880 3 61
-1.800000 0.000000 0.500000 0.0 1.0 0.0 91 120 73 0.880 3 61
-1.800000 0.000000 0.600000 0.0 1.0 0.0 91 120 73 0.880 3 61
-1.800000 0.000000 0.700000 0.0 1.0 0.0 91 120 73 0.880 3 61
-1.800000 0.000000 0.800000 0.0 1.0 0.0 91 120 73 0.880 3 61
-1.800000 0.000000 0.900000 0.0 1.0 0.0 91 120 73 0.880 3 61
-1.800000 0.000000 1.000000 0.0 1.0 0.0 91 120 73 0.880 3 61
-1.800000 0.000000 1.100000 0.0 1.0 0.0 91 120 73 0.880 3 61
-1.800000 0.000000 1.200000 0.0 1.0 0.0 91 120 73 0.880 3 61
-1.800000 0.000000 1.300000 0.0 1.0 0.0 91 120 73 0.880 3 61
-1.800000 0.000000 1.400000 0.0 1.0 0.0 91 120 73 0.880 3 61
-1.800000 0.000000 1.500000 0.0 1.0 0.0 91 120 73 0.880 3 61
-1.800000 0.000000 1.600000 0.0 1.0 0.0 91 120 73 0.880 3 61
-1.800000 0.000000 1.700000 0.0 1.0 0.0 91 120 73 0.880 3 61
-1.800000 0.000000 1.800000 0.0 1.0 0.0 91 120 73 0.880 3 61
-1.800000 0.000000 1.900000 0.0 1.0 0.0 91 120 73 0.880 3 61
-1.800000 0.000000 2.000000 0.0 1.0 0.0 91 120 73 0.880 3 61
-1.800000 0.000000 2.100000 0.0 1.0 0.0 91 120 73 0.880 3 61
-1.800000 0.000000 2.200000 0.0 1.0 0.0 91 120 73 0.880 3 61
-1.800000 0.000000 2.300000 0.0 1.0 0.0 91 120 73 0.880 3 61
-1.800000 0.000000 2.400000 0.0 1.0 0.0 91 120 73 0.880 3 61
-1.800000 0.000000 2.500000 0.0 1.0 0.0 91 120 73 0.880 3 61
-1.800000 0.000000 2.600000 0.0 1.0 0.0 91 120 73 0.880 3 61
-1.800000 0.000000 2.700000 0.0 1.0 0.0 91 120 73 0.880 3 61
-1.800000 0.000000 2.800000 0.0 1.0 0.0 91 120 73 0.880 3 61
-1.800000 0.000000 2.900000 0.0 1.0 0.0 91 120 73 0.880 3 61
-1.800000 0.000000 3.000000 0.0 1.0 0.0 91 120 73 0.880 3 61
-1.800000 0.000000 3.100000 0.0 1.0 0.0 91 120 73 0.880 3 61
-1.800000 0.000000 3.200000 0.0 1.0 0.0 91 120 73 0.880 3 61
-1.800000 0.000000 3.300000 0.0 1.0 0.0 91 120 73 0.880 3 61
-1.800000 0.000000 3.400000 0.0 1.0 0.0 91 120 73 0.880 3 61
-1.800000 0.000000 3.500000 0.0 1.0 0.0 91 120 73 0.880 3 61
-1.800000 0.000000 3.600000 0.0 1.0 0.0 91 120 73 0.880 3 61
-1.800000 0.000000 3.700000 0.0 1.0 0.0 91 120 73 0.880 3 61
-1.800000 0.000000 3.800000 0.0 1.0 0.0 91 120 73 0.880 3 61
-1.800000 0.000000 3.900000 0.0 1.0 0.0 91 120 73 0.880 3 61
-1.800000 0.000000 4.000000 0.0 1.0 0.0 91 120 73 0.880 3 61
-1.700000 0.000000 -2.000000 0.0 1.0 0.0 91 120 73 0.880 3 61
-1.700000 0.000000 -1.900000 0.0 1.0 0.0 91 120 73 0.880 3 61
-1.700000 0.000000 -1.800000 0.0 1.0 0.0 91 120 73 0.880 3 61
-1.700000 0.000000 -1.700000 0.0 1.0 0.0 91 120 73 0.880 3 61
-1.700000 0.000000 -1.600000 0.0 1.0 0.0 91 120 73 0.880 3 61
-1.700000 0.000000 -1.500000 0.0 1.0 0.0 91 120 73 0.880 3 61
-1.700000 0.000000 -1.400000 0.0 1.0 0.0 91 120 73 0.880 3 61
-1.700000 0.000000 -1.300000 0.0 1.0 0.0 91 120 73 0.880 3 61
-1.700000 0.000000 -1.200000 0.0 1.0 0.0 91 120 73 0.880 3 61
-1.700000 0.000000 -1.100000 0.0 1.0 0.0 91 120 73 0.880 3 61
-1.700000 0.000000 -1.000000 0.0 1.0 0.0 91 120 73 0.880 3 61
-1.700000 0.000000 -0.900000 0.0 1.0 0.0 91 120 73 0.880 3 61
-1.700000 0.000000 -0.800000 0.0 1.0 0.0 91 120 73 0.880 3 61
-1.700000 0.000000 -0.700000 0.0 1.0 0.0 91 120 73 0.880 3 61
-1.700000 0.000000 -0.600000 0.0 1.0 0.0 91 120 73 0.880 3 61
-1.700000 0.000000 -0.500000 0.0 1.0 0.0 91 120 73 0.880 3 61
-1.700000 0.000000 -0.400000 0.0 1.0 0.0 91 120 73 0.880 3 61
-1.700000 0.000000 -0.300000 0.0 1.0 0.0 91 120 73 0.880 3 61
-1.700000 0.000000 -0.200000 0.0 1.0 0.0 91 120 73 0.880 3 61
-1.700000 0.000000 -0.100000 0.0 1.0 0.0 91 120 73 0.880 3 61
-1.700000 0.000000 0.000000 0.0 1.0 0.0 91 120 73 0.880 3 61
-1.700000 0.000000 0.100000 0.0 1.0 0.0 91 120 73 0.880 3 61
-1.700000 0.000000 0.200000 0.0 1.0 0.0 91 120 73 0.880 3 61
-1.700000 0.000000 0.300000 0.0 1.0 0.0 91 120 73 0.880 3 61
-1.700000 0.000000 0.400000 0.0 1.0 0.0 91 120 73 0.880 3 61
-1.700000 0.000000 0.500000 0.0 1.0 0.0 91 120 73 0.880 3 61
-1.700000 0.000000 0.600000 0.0 1.0 0.0 91 120 73 0.880 3 61
-1.700000 0.000000 0.700000 0.0 1.0 0.0 91 120 73 0.880 3 61
-1.700000 0.000000 0.800000 0.0 1.0 0.0 91 120 73 0.880 3 61
-1.700000 0.000000 0.900000 0.0 1.0 0.0 91 120 73 0.880 3 61
-1.700000 0.000000 1.000000 0.0 1.0 0.0 91 120 73 0.880 3 61
-1.700000 0.000000 1.100000 0.0 1.0 0.0 91 120 73 0.880 3 61
-1.700000 0.000000 1.200000 0.0 1.0 0.0 91 120 73 0.880 3 61
-1.700000 0.000000 1.300000 0.0 1.0 0.0 91 120 73 0.880 3 61
-1.700000 0.000000 1.400000 0.0 1.0 0.0 91 120 73 0.880 3 61
-1.700000 0.000000 1.500000 0.0 1.0 0.0 91 120 73 0.880 3 61
-1.700000 0.000000 1.600000 0.0 1.0 0.0 91 120 73 0.880 3 61
-1.700000 0.000000 1.700000 0.0 1.0 0.0 91 120 73 0.880 3 61
-1.700000 0.000000 1.800000 0.0 1.0 0.0 91 120 73 0.880 3 61
-1.700000 0.000000 1.900000 0.0 1.0 0.0 91 120 73 0.880 3 61
-1.700000 0.000000 2.000000 0.0 1.0 0.0 91 120 73 0.880 3 61
-1.700000 0.000000 2.100000 0.0 1.0 0.0 91 120 73 0.880 3 61
-1.700000 0.000000 2.200000 0.0 1.0 0.0 91 120 73 0.880 3 61
-1.700000 0.000000 2.300000 0.0 1.0 0.0 91 120 73 0.880 3 61
-1.700000 0.000000 2.400000 0.0 1.0 0.0 91 120 73 0.880 3 61
-1.700000 0.000000 2.500000 0.0 1.0 0.0 91 120 73 0.880 3 61
-1.700000 0.000000 2.600000 0.0 1.0 0.0 91 120 73 0.880 3 61
-1.700000 0.000000 2.700000 0.0 1.0 0.0 91 120 73 0.880 3 61
-1.700000 0.000000 2.800000 0.0 1.0 0.0 91 120 73 0.880 3 61
-1.700000 0.000000 2.900000 0.0 1.0 0.0 91 120 73 0.880 3 61
-1.700000 0.000000 3.000000 0.0 1.0 0.0 91 120 73 0.880 3 61
-1.700000 0.000000 3.100000 0.0 1.0 0.0 91 120 73 0.880 3 61
-1.700000 0.000000 3.200000 0.0 1.0 0.0 91 120 73 0.880 3 61
-1.700000 0.000000 3.300000 0.0 1.0 0.0 91 120 73 0.880 3 61
-1.700000 0.000000 3.400000 0.0 1.0 0.0 91 120 73 0.880 3 61
-1.700000 0.000000 3.500000 0.0 1.0 0.0 91 120 73 0.880 3 61
-1.700000 0.000000 3.600000 0.0 1.0 0.0 91 120 73 0.880 3 61
-1.700000 0.000000 3.700000 0.0 1.0 0.0 91 120 73 0.880 3 61
-1.700000 0.000000 3.800000 0.0 1.0 0.0 91 120 73 0.880 3 61
-1.700000 0.000000 3.900000 0.0 1.0 0.0 91 120 73 0.880 3 61
-1.700000 0.000000 4.000000 0.0 1.0 0.0 91 120 73 0.880 3 61
-1.600000 0.000000 -2.000000 0.0 1.0 0.0 91 120 73 0.880 3 61
-1.600000 0.000000 -1.900000 0.0 1.0 0.0 91 120 73 0.880 3 61
-1.600000 0.000000 -1.800000 0.0 1.0 0.0 91 120 73 0.880 3 61
-1.600000 0.000000 -1.700000 0.0 1.0 0.0 91 120 73 0.880 3 61
-1.600000 0.000000 -1.600000 0.0 1.0 0.0 91 120 73 0.880 3 61
-1.600000 0.000000 -1.500000 0.0 1.0 0.0 91 120 73 0.880 3 61
-1.600000 0.000000 -1.400000 0.0 1.0 0.0 91 120 73 0.880 3 61
-1.600000 0.000000 -1.300000 0.0 1.0 0.0 91 120 73 0.880 3 61
-1.600000 0.000000 -1.200000 0.0 1.0 0.0 91 120 73 0.880 3 61
-1.600000 0.000000 -1.100000 0.0 1.0 0.0 91 120 73 0.880 3 61
-1.600000 0.000000 -1.000000 0.0 1.0 0.0 91 120 73 0.880 3 61
-1.600000 0.000000 -0.900000 0.0 1.0 0.0 91 120 73 0.880 3 61
-1.600000 0.000000 -0.800000 0.0 1.0 0.0 91 120 73 0.880 3 61
-1.600000 0.000000 -0.700000 0.0 1.0 0.0 91 120 73 0.880 3 61
-1.600000 0.000000 -0.600000 0.0 1.0 0.0 91 120 73 0.880 3 61
-1.600000 0.000000 -0.500000 0.0 1.0 0.0 91 120 73 0.880 3 61
-1.600000 0.000000 -0.400000 0.0 1.0 0.0 91 120 73 0.880 3 61
-1.600000 0.000000 -0.300000 0.0 1.0 0.0 91 120 73 0.880 3 61
-1.600000 0.000000 -0.200000 0.0 1.0 0.0 91 120 73 0.880 3 61
-1.600000 0.000000 -0.100000 0.0 1.0 0.0 91 120 73 0.880 3 61
-1.600000 0.000000 0.000000 0.0 1.0 0.0 91 120 73 0.880 3 61
-1.600000 0.000000 0.100000 0.0 1.0 0.0 91 120 73 0.880 3 61
-1.600000 0.000000 0.200000 0.0 1.0 0.0 91 120 73 0.880 3 61
-1.600000 0.000000 0.300000 0.0 1.0 0.0 91 120 73 0.880 3 61
-1.600000 0.000000 0.400000 0.0 1.0 0.0 91 120 73 0.880 3 61
-1.600000 0.000000 0.500000 0.0 1.0 0.0 91 120 73 0.880 3 61
-1.600000 0.000000 0.600000 0.0 1.0 0.0 91 120 73 0.880 3 61
-1.600000 0.000000 0.700000 0.0 1.0 0.0 91 120 73 0.880 3 61
-1.600000 0.000000 0.800000 0.0 1.0 0.0 91 120 73 0.880 3 61
-1.600000 0.000000 0.900000 0.0 1.0 0.0 91 120 73 0.880 3 61
-1.600000 0.000000 1.000000 0.0 1.0 0.0 91 120 73 0.880 3 61
-1.600000 0.000000 1.100000 0.0 1.0 0.0 91 120 73 0.880 3 61
-1.600000 0.000000 1.200000 0.0 1.0 0.0 91 120 73 0.880 3 61
-1.600000 0.000000 1.300000 0.0 1.0 0.0 91 120 73 0.880 3 61
-1.600000 0.000000 1.400000 0.0 1.0 0.0 91 120 73 0.880 3 61
-1.600000 0.000000 1.500000 0.0 1.0 0.0 91 120 73 0.880 3 61
-1.600000 0.000000 1.600000 0.0 1.0 0.0 91 120 73 0.880 3 61
-1.600000 0.000000 1.700000 0.0 1.0 0.0 91 120 73 0.880 3 61
-1.600000 0.000000 1.800000 0.0 1.0 0.0 91 120 73 0.880 3 61
-1.600000 0.000000 1.900000 0.0 1.0 0.0 91 120 73 0.880 3 61
-1.600000 0.000000 2.000000 0.0 1.0 0.0 91 120 73 0.880 3 61
-1.600000 0.000000 2.100000 0.0 1.0 0.0 91 120 73 0.880 3 61
-1.600000 0.000000 2.200000 0.0 1.0 0.0 91 120 73 0.880 3 61
-1.600000 0.000000 2.300000 0.0 1.0 0.0 91 120 73 0.880 3 61
-1.600000 0.000000 2.400000 0.0 1.0 0.0 91 120 73 0.880 3 61
-1.600000 0.000000 2.500000 0.0 1.0 0.0 91 120 73 0.880 3 61
-1.600000 0.000000 2.600000 0.0 1.0 0.0 91 120 73 0.880 3 61
-1.600000 0.000000 2.700000 0.0 1.0 0.0 91 120 73 0.880 3 61
-1.600000 0.000000 2.800000 0.0 1.0 0.0 91 120 73 0.880 3 61
-1.600000 0.000000 2.900000 0.0 1.0 0.0 91 120 73 0.880 3 61
-1.600000 0.000000 3.000000 0.0 1.0 0.0 91 120 73 0.880 3 61
-1.600000 0.000000 3.100000 0.0 1.0 0.0 91 120 73 0.880 3 61
-1.600000 0.000000 3.200000 0.0 1.0 0.0 91 120 73 0.880 3 61
-1.600000 0.000000 3.300000 0.0 1.0 0.0 91 120 73 0.880 3 61
-1.600000 0.000000 3.400000 0.0 1.0 0.0 91 120 73 0.880 3 61
-1.600000 0.000000 3.500000 0.0 1.0 0.0 91 120 73 0.880 3 61
-1.600000 0.000000 3.600000 0.0 1.0 0.0 91 120 73 0.880 3 61
-1.600000 0.000000 3.700000 0.0 1.0 0.0 91 120 73 0.880 3 61
-1.600000 0.000000 3.800000 0.0 1.0 0.0 91 120 73 0.880 3 61
-1.600000 0.000000 3.900000 0.0 1.0 0.0 91 120 73 0.880 3 61
-1.600000 0.000000 4.000000 0.0 1.0 0.0 91 120 73 0.880 3 61
-1.500000 0.000000 -2.000000 0.0 1.0 0.0 91 120 73 0.880 3 61
-1.500000 0.000000 -1.900000 0.0 1.0 0.0 91 120 73 0.880 3 61
-1.500000 0.000000 -1.800000 0.0 1.0 0.0 91 120 73 0.880 3 61
-1.500000 0.000000 -1.700000 0.0 1.0 0.0 91 120 73 0.880 3 61
-1.500000 0.000000 -1.600000 0.0 1.0 0.0 91 120 73 0.880 3 61
-1.500000 0.000000 -1.500000 0.0 1.0 0.0 91 120 73 0.880 3 61
-1.500000 0.000000 -1.400000 0.0 1.0 0.0 91 120 73 0.880 3 61
-1.500000 0.000000 -1.300000 0.0 1.0 0.0 91 120 73 0.880 3 61
-1.500000 0.000000 -1.200000 0.0 1.0 0.0 91 120 73 0.880 3 61
-1.500000 0.000000 -1.100000 0.0 1.0 0.0 91 120 73 0.880 3 61
-1.500000 0.000000 -1.000000 0.0 1.0 0.0 91 120 73 0.880 3 61
-1.500000 0.000000 -0.900000 0.0 1.0 0.0 91 120 73 0.880 3 61
-1.500000 0.000000 -0.800000 0.0 1.0 0.0 91 120 73 0.880 3 61
-1.500000 0.000000 -0.700000 0.0 1.0 0.0 91 120 73 0.880 3 61
-1.500000 0.000000 -0.600000 0.0 1.0 0.0 91 120 73 0.880 3 61
-1.500000 0.000000 -0.500000 0.0 1.0 0.0 91 120 73 0.880 3 61
-1.500000 0.000000 -0.400000 0.0 1.0 0.0 91 120 73 0.880 3 61
-1.500000 0.000000 -0.300000 0.0 1.0 0.0 91 120 73 0.880 3 61
-1.500000 0.000000 -0.200000 0.0 1.0 0.0 91 120 73 0.880 3 61
-1.500000 0.000000 -0.100000 0.0 1.0 0.0 91 120 73 0.880 3 61
-1.500000 0.000000 0.000000 0.0 1.0 0.0 91 120 73 0.880 3 61
-1.500000 0.000000 0.100000 0.0 1.0 0.0 91 120 73 0.880 3 61
-1.500000 0.000000 0.200000 0.0 1.0 0.0 91 120 73 0.880 3 61
-1.500000 0.000000 0.300000 0.0 1.0 0.0 91 120 73 0.880 3 61
-1.500000 0.000000 0.400000 0.0 1.0 0.0 91 120 73 0.880 3 61
-1.500000 0.000000 0.500000 0.0 1.0 0.0 91 120 73 0.880 3 61
-1.500000 0.000000 0.600000 0.0 1.0 0.0 91 120 73 0.880 3 61
-1.500000 0.000000 0.700000 0.0 1.0 0.0 91 120 73 0.880 3 61
-1.500000 0.000000 0.800000 0.0 1.0 0.0 91 120 73 0.880 3 61
-1.500000 0.000000 0.900000 0.0 1.0 0.0 91 120 73 0.880 3 61
-1.500000 0.000000 1.000000 0.0 1.0 0.0 91 120 73 0.880 3 61
-1.500000 0.000000 1.100000 0.0 1.0 0.0 91 120 73 0.880 3 61
-1.500000 0.000000 1.200000 0.0 1.0 0.0 91 120 73 0.880 3 61
-1.500000 0.000000 1.300000 0.0 1.0 0.0 91 120 73 0.880 3 61
-1.500000 0.000000 1.400000 0.0 1.0 0.0 91 120 73 0.880 3 61
-1.500000 0.000000 1.500000 0.0 1.0 0.0 91 120 73 0.880 3 61
-1.500000 0.000000 1.600000 0.0 1.0 0.0 91 120 73 0.880 3 61
-1.500000 0.000000 1.700000 0.0 1.0 0.0 91 120 73 0.880 3 61
-1.500000 0.000000 1.800000 0.0 1.0 0.0 91 120 73 0.880 3 61
-1.500000 0.000000 1.900000 0.0 1.0 0.0 91 120 73 0.880 3 61
-1.500000 0.000000 2.000000 0.0 1.0 0.0 91 120 73 0.880 3 61
-1.500000 0.000000 2.100000 0.0 1.0 0.0 91 120 73 0.880 3 61
-1.500000 0.000000 2.200000 0.0 1.0 0.0 91 120 73 0.880 3 61
-1.500000 0.000000 2.300000 0.0 1.0 0.0 91 120 73 0.880 3 61
-1.500000 0.000000 2.400000 0.0 1.0 0.0 91 120 73 0.880 3 61
-1.500000 0.000000 2.500000 0.0 1.0 0.0 91 120 73 0.880 3 61
-1.500000 0.000000 2.600000 0.0 1.0 0.0 91 120 73 0.880 3 61
-1.500000 0.000000 2.700000 0.0 1.0 0.0 91 120 73 0.880 3 61
-1.500000 0.000000 2.800000 0.0 1.0 0.0 91 120 73 0.880 3 61
-1.500000 0.000000 2.900000 0.0 1.0 0.0 91 120 73 0.880 3 61
-1.500000 0.000000 3.000000 0.0 1.0 0.0 91 120 73 0.880 3 61
-1.500000 0.000000 3.100000 0.0 1.0 0.0 91 120 73 0.880 3 61
-1.500000 0.000000 3.200000 0.0 1.0 0.0 91 120 73 0.880 3 61
-1.500000 0.000000 3.300000 0.0 1.0 0.0 91 120 73 0.880 3 61
-1.500000 0.000000 3.400000 0.0 1.0 0.0 91 120 73 0.880 3 61
-1.500000 0.000000 3.500000 0.0 1.0 0.0 91 120 73 0.880 3 61
-1.500000 0.000000 3.600000 0.0 1.0 0.0 91 120 73 0.880 3 61
-1.500000 0.000000 3.700000 0.0 1.0 0.0 91 120 73 0.880 3 61
-1.500000 0.000000 3.800000 0.0 1.0 0.0 91 120 73 0.880 3 61
-1.500000 0.000000 3.900000 0.0 1.0 0.0 91 120 73 0.880 3 61
-1.500000 0.000000 4.000000 0.0 1.0 0.0 91 120 73 0.880 3 61
-1.400000 0.000000 -2.000000 0.0 1.0 0.0 91 120 73 0.880 3 61
-1.400000 0.000000 -1.900000 0.0 1.0 0.0 91 120 73 0.880 3 61
-1.400000 0.000000 -1.800000 0.0 1.0 0.0 91 120 73 0.880 3 61
-1.400000 0.000000 -1.700000 0.0 1.0 0.0 91 120 73 0.880 3 61
-1.400000 0.000000 -1.600000 0.0 1.0 0.0 91 120 73 0.880 3 61
-1.400000 0.000000 -1.500000 0.0 1.0 0.0 91 120 73 0.880 3 61
-1.400000 0.000000 -1.400000 0.0 1.0 0.0 91 120 73 0.880 3 61
-1.400000 0.000000 -1.300000 0.0 1.0 0.0 91 120 73 0.880 3 61
-1.400000 0.000000 -1.200000 0.0 1.0 0.0 91 120 73 0.880 3 61
-1.400000 0.000000 -1.100000 0.0 1.0 0.0 91 120 73 0.880 3 61
-1.400000 0.000000 -1.000000 0.0 1.0 0.0 91 120 73 0.880 3 61
-1.400000 0.000000 -0.900000 0.0 1.0 0.0 91 120 73 0.880 3 61
-1.400000 0.000000 -0.800000 0.0 1.0 0.0 91 120 73 0.880 3 61
-1.400000 0.000000 -0.700000 0.0 1.0 0.0 91 120 73 0.880 3 61
-1.400000 0.000000 -0.600000 0.0 1.0 0.0 91 120 73 0.880 3 61
-1.400000 0.000000 -0.500000 0.0 1.0 0.0 91 120 73 0.880 3 61
-1.400000 0.000000 -0.400000 0.0 1.0 0.0 91 120 73 0.880 3 61
-1.400000 0.000000 -0.300000 0.0 1.0 0.0 91 120 73 0.880 3 61
-1.400000 0.000000 -0.200000 0.0 1.0 0.0 91 120 73 0.880 3 61
-1.400000 0.000000 -0.100000 0.0 1.0 0.0 91 120 73 0.880 3 61
-1.400000 0.000000 0.000000 0.0 1.0 0.0 91 120 73 0.880 3 61
-1.400000 0.000000 0.100000 0.0 1.0 0.0 91 120 73 0.880 3 61
-1.400000 0.000000 0.200000 0.0 1.0 0.0 91 120 73 0.880 3 61
-1.400000 0.000000 0.300000 0.0 1.0 0.0 91 120 73 0.880 3 61
-1.400000 0.000000 0.400000 0.0 1.0 0.0 91 120 73 0.880 3 61
-1.400000 0.000000 0.500000 0.0 1.0 0.0 91 120 73 0.880 3 61
-1.400000 0.000000 0.600000 0.0 1.0 0.0 91 120 73 0.880 3 61
-1.400000 0.000000 0.700000 0.0 1.0 0.0 91 120 73 0.880 3 61
-1.400000 0.000000 0.800000 0.0 1.0 0.0 91 120 73 0.880 3 61
-1.400000 0.000000 0.900000 0.0 1.0 0.0 91 120 73 0.880 3 61
-1.400000 0.000000 1.000000 0.0 1.0 0.0 91 120 73 0.880 3 61
-1.400000 0.000000 1.100000 0.0 1.0 0.0 91 120 73 0.880 3 61
-1.400000 0.000000 1.200000 0.0 1.0 0.0 91 120 73 0.880 3 61
-1.400000 0.000000 1.300000 0.0 1.0 0.0 91 120 73 0.880 3 61
-1.400000 0.000000 1.400000 0.0 1.0 0.0 91 120 73 0.880 3 61
-1.400000 0.000000 1.500000 0.0 1.0 0.0 91 120 73 0.880 3 61
-1.400000 0.000000 1.600000 0.0 1.0 0.0 91 120 73 0.880 3 61
-1.400000 0.000000 1.700000 0.0 1.0 0.0 91 120 73 0.880 3 61
-1.400000 0.000000 1.800000 0.0 1.0 0.0 91 120 73 0.880 3 61
-1.400000 0.000000 1.900000 0.0 1.0 0.0 91 120 73 0.880 3 61
-1.400000 0.000000 2.000000 0.0 1.0 0.0 91 120 73 0.880 3 61
-1.400000 0.000000 2.100000 0.0 1.0 0.0 91 120 73 0.880 3 61
-1.400000 0.000000 2.200000 0.0 1.0 0.0 91 120 73 0.880 3 61
-1.400000 0.000000 2.300000 0.0 1.0 0.0 91 120 73 0.880 3 61
-1.400000 0.000000 2.400000 0.0 1.0 0.0 91 120 73 0.880 3 61
-1.400000 0.000000 2.500000 0.0 1.0 0.0 91 120 73 0.880 3 61
-1.400000 0.000000 2.600000 0.0 1.0 0.0 91 120 73 0.880 3 61
-1.400000 0.000000 2.700000 0.0 1.0 0.0 91 120 73 0.880 3 61
-1.400000 0.000000 2.800000 0.0 1.0 0.0 91 120 73 0.880 3 61
-1.400000 0.000000 2.900000 0.0 1.0 0.0 91 120 73 0.880 3 61
-1.400000 0.000000 3.000000 0.0 1.0 0.0 91 120 73 0.880 3 61
-1.400000 0.000000 3.100000 0.0 1.0 0.0 91 120 73 0.880 3 61
-1.400000 0.000000 3.200000 0.0 1.0 0.0 91 120 73 0.880 3 61
-1.400000 0.000000 3.300000 0.0 1.0 0.0 91 120 73 0.880 3 61
-1.400000 0.000000 3.400000 0.0 1.0 0.0 91 120 73 0.880 3 61
-1.400000 0.000000 3.500000 0.0 1.0 0.0 91 120 73 0.880 3 61
-1.400000 0.000000 3.600000 0.0 1.0 0.0 91 120 73 0.880 3 61
-1.400000 0.000000 3.700000 0.0 1.0 0.0 91 120 73 0.880 3 61
-1.400000 0.000000 3.800000 0.0 1.0 0.0 91 120 73 0.880 3 61
-1.400000 0.000000 3.900000 0.0 1.0 0.0 91 120 73 0.880 3 61
-1.400000 0.000000 4.000000 0.0 1.0 0.0 91 120 73 0.880 3 61
-1.300000 0.000000 -2.000000 0.0 1.0 0.0 91 120 73 0.880 3 61
-1.300000 0.000000 -1.900000 0.0 1.0 0.0 91 120 73 0.880 3 61
-1.300000 0.000000 -1.800000 0.0 1.0 0.0 91 120 73 0.880 3 61
-1.300000 0.000000 -1.700000 0.0 1.0 0.0 91 120 73 0.880 3 61
-1.300000 0.000000 -1.600000 0.0 1.0 0.0 91 120 73 0.880 3 61
-1.300000 0.000000 -1.500000 0.0 1.0 0.0 91 120 73 0.880 3 61
-1.300000 0.000000 -1.400000 0.0 1.0 0.0 91 120 73 0.880 3 61
-1.300000 0.000000 -1.300000 0.0 1.0 0.0 91 120 73 0.880 3 61
-1.300000 0.000000 -1.200000 0.0 1.0 0.0 91 120 73 0.880 3 61
-1.300000 0.000000 -1.100000 0.0 1.0 0.0 91 120 73 0.880 3 61
-1.300000 0.000000 -1.000000 0.0 1.0 0.0 91 120 73 0.880 3 61
-1.300000 0.000000 -0.900000 0.0 1.0 0.0 91 120 73 0.880 3 61
-1.300000 0.000000 -0.800000 0.0 1.0 0.0 91 120 73 0.880 3 61
-1.300000 0.000000 -0.700000 0.0 1.0 0.0 91 120 73 0.880 3 61
-1.300000 0.000000 -0.600000 0.0 1.0 0.0 91 120 73 0.880 3 61
-1.300000 0.000000 -0.500000 0.0 1.0 0.0 91 120 73 0.880 3 61
-1.300000 0.000000 -0.400000 0.0 1.0 0.0 91 120 73 0.880 3 61
-1.300000 0.000000 -0.300000 0.0 1.0 0.0 91 120 73 0.880 3 61
-1.300000 0.000000 -0.200000 0.0 1.0 0.0 91 120 73 0.880 3 61
-1.300000 0.000000 -0.100000 0.0 1.0 0.0 91 120 73 0.880 3 61
-1.300000 0.000000 0.000000 0.0 1.0 0.0 91 120 73 0.880 3 61
-1.300000 0.000000 0.100000 0.0 1.0 0.0 91 120 73 0.880 3 61
-1.300000 0.000000 0.200000 0.0 1.0 0.0 91 120 73 0.880 3 61
-1.300000 0.000000 0.300000 0.0 1.0 0.0 91 120 73 0.880 3 61
-1.300000 0.000000 0.400000 0.0 1.0 0.0 91 120 73 0.880 3 61
-1.300000 0.000000 0.500000 0.0 1.0 0.0 91 120 73 0.880 3 61
-1.300000 0.000000 0.600000 0.0 1.0 0.0 91 120 73 0.880 3 61
-1.300000 0.000000 0.700000 0.0 1.0 0.0 91 120 73 0.880 3 61
-1.300000 0.000000 0.800000 0.0 1.0 0.0 91 120 73 0.880 3 61
-1.300000 0.000000 0.900000 0.0 1.0 0.0 91 120 73 0.880 3 61
-1.300000 0.000000 1.000000 0.0 1.0 0.0 91 120 73 0.880 3 61
-1.300000 0.000000 1.100000 0.0 1.0 0.0 91 120 73 0.880 3 61
-1.300000 0.000000 1.200000 0.0 1.0 0.0 91 120 73 0.880 3 61
-1.300000 0.000000 1.300000 0.0 1.0 0.0 91 120 73 0.880 3 61
-1.300000 0.000000 1.400000 0.0 1.0 0.0 91 120 73 0.880 3 61
-1.300000 0.000000 1.500000 0.0 1.0 0.0 91 120 73 0.880 3 61
-1.300000 0.000000 1.600000 0.0 1.0 0.0 91 120 73 0.880 3 61
-1.300000 0.000000 1.700000 0.0 1.0 0.0 91 120 73 0.880 3 61
-1.300000 0.000000 1.800000 0.0 1.0 0.0 91 120 73 0.880 3 61
-1.300000 0.000000 1.900000 0.0 1.0 0.0 91 120 73 0.880 3 61
-1.300000 0.000000 2.000000 0.0 1.0 0.0 91 120 73 0.880 3 61
-1.300000 0.000000 2.100000 0.0 1.0 0.0 91 120 73 0.880 3 61
-1.300000 0.000000 2.200000 0.0 1.0 0.0 91 120 73 0.880 3 61
-1.300000 0.000000 2.300000 0.0 1.0 0.0 91 120 73 0.880 3 61
-1.300000 0.000000 2.400000 0.0 1.0 0.0 91 120 73 0.880 3 61
-1.300000 0.000000 2.500000 0.0 1.0 0.0 91 120 73 0.880 3 61
-1.300000 0.000000 2.600000 0.0 1.0 0.0 91 120 73 0.880 3 61
-1.300000 0.000000 2.700000 0.0 1.0 0.0 91 120 73 0.880 3 61
-1.300000 0.000000 2.800000 0.0 1.0 0.0 91 120 73 0.880 3 61
-1.300000 0.000000 2.900000 0.0 1.0 0.0 91 120 73 0.880 3 61
-1.300000 0.000000 3.000000 0.0 1.0 0.0 91 120 73 0.880 3 61
-1.300000 0.000000 3.100000 0.0 1.0 0.0 91 120 73 0.880 3 61
-1.300000 0.000000 3.200000 0.0 1.0 0.0 91 120 73 0.880 3 61
-1.300000 0.000000 3.300000 0.0 1.0 0.0 91 120 73 0.880 3 61
-1.300000 0.000000 3.400000 0.0 1.0 0.0 91 120 73 0.880 3 61
-1.300000 0.000000 3.500000 0.0 1.0 0.0 91 120 73 0.880 3 61
-1.300000 0.000000 3.600000 0.0 1.0 0.0 91 120 73 0.880 3 61
-1.300000 0.000000 3.700000 0.0 1.0 0.0 91 120 73 0.880 3 61
-1.300000 0.000000 3.800000 0.0 1.0 0.0 91 120 73 0.880 3 61
-1.300000 0.000000 3.900000 0.0 1.0 0.0 91 120 73 0.880 3 61
-1.300000 0.000000 4.000000 0.0 1.0 0.0 91 120 73 0.880 3 61
-1.200000 0.000000 -2.000000 0.0 1.0 0.0 91 120 73 0.880 3 61
-1.200000 0.000000 -1.900000 0.0 1.0 0.0 91 120 73 0.880 3 61
-1.200000 0.000000 -1.800000 0.0 1.0 0.0 91 120 73 0.880 3 61
-1.200000 0.000000 -1.700000 0.0 1.0 0.0 91 120 73 0.880 3 61
-1.200000 0.000000 -1.600000 0.0 1.0 0.0 91 120 73 0.880 3 61
-1.200000 0.000000 -1.500000 0.0 1.0 0.0 91 120 73 0.880 3 61
-1.200000 0.000000 -1.400000 0.0 1.0 0.0 91 120 73 0.880 3 61
-1.200000 0.000000 -1.300000 0.0 1.0 0.0 91 120 73 0.880 3 61
-1.200000 0.000000 -1.200000 0.0 1.0 0.0 91 120 73 0.880 3 61
-1.200000 0.000000 -1.100000 0.0 1.0 0.0 91 120 73 0.880 3 61
-1.200000 0.000000 -1.000000 0.0 1.0 0.0 91 120 73 0.880 3 61
-1.200000 0.000000 -0.900000 0.0 1.0 0.0 91 120 73 0.880 3 61
-1.200000 0.000000 -0.800000 0.0 1.0 0.0 91 120 73 0.880 3 61
-1.200000 0.000000 -0.700000 0.0 1.0 0.0 91 120 73 0.880 3 61
-1.200000 0.000000 -0.600000 0.0 1.0 0.0 91 120 73 0.880 3 61
-1.200000 0.000000 -0.500000 0.0 1.0 0.0 91 120 73 0.880 3 61
-1.200000 0.000000 -0.400000 0.0 1.0 0.0 91 120 73 0.880 3 61
-1.200000 0.000000 -0.300000 0.0 1.0 0.0 91 120 73 0.880 3 61
-1.200000 0.000000 -0.200000 0.0 1.0 0.0 91 120 73 0.880 3 61
-1.200000 0.000000 -0.100000 0.0 1.0 0.0 91 120 73 0.880 3 61
-1.200000 0.000000 0.000000 0.0 1.0 0.0 91 120 73 0.880 3 61
-1.200000 0.000000 0.100000 0.0 1.0 0.0 91 120 73 0.880 3 61
-1.200000 0.000000 0.200000 0.0 1.0 0.0 91 120 73 0.880 3 61
-1.200000 0.000000 0.300000 0.0 1.0 0.0 91 120 73 0.880 3 61
-1.200000 0.000000 0.400000 0.0 1.0 0.0 91 120 73 0.880 3 61
-1.200000 0.000000 0.500000 0.0 1.0 0.0 91 120 73 0.880 3 61
-1.200000 0.000000 0.600000 0.0 1.0 0.0 91 120 73 0.880 3 61
-1.200000 0.000000 0.700000 0.0 1.0 0.0 91 120 73 0.880 3 61
-1.200000 0.000000 0.800000 0.0 1.0 0.0 91 120 73 0.880 3 61
-1.200000 0.000000 0.900000 0.0 1.0 0.0 91 120 73 0.880 3 61
-1.200000 0.000000 1.000000 0.0 1.0 0.0 91 120 73 0.880 3 61
-1.200000 0.000000 1.100000 0.0 1.0 0.0 91 120 73 0.880 3 61
-1.200000 0.000000 1.200000 0.0 1.0 0.0 91 120 73 0.880 3 61
-1.200000 0.000000 1.300000 0.0 1.0 0.0 91 120 73 0.880 3 61
-1.200000 0.000000 1.400000 0.0 1.0 0.0 91 120 73 0.880 3 61
-1.200000 0.000000 1.500000 0.0 1.0 0.0 91 120 73 0.880 3 61
-1.200000 0.000000 1.600000 0.0 1.0 0.0 91 120 73 0.880 3 61
-1.200000 0.000000 1.700000 0.0 1.0 0.0 91 120 73 0.880 3 61
-1.200000 0.000000 1.800000 0.0 1.0 0.0 91 120 73 0.880 3 61
-1.200000 0.000000 1.900000 0.0 1.0 0.0 91 120 73 0.880 3 61
-1.200000 0.000000 2.000000 0.0 1.0 0.0 91 120 73 0.880 3 61
-1.200000 0.000000 2.100000 0.0 1.0 0.0 91 120 73 0.880 3 61
-1.200000 0.000000 2.200000 0.0 1.0 0.0 91 120 73 0.880 3 61
-1.200000 0.000000 2.300000 0.0 1.0 0.0 91 120 73 0.880 3 61
-1.200000 0.000000 2.400000 0.0 1.0 0.0 91 120 73 0.880 3 61
-1.200000 0.000000 2.500000 0.0 1.0 0.0 91 120 73 0.880 3 61
-1.200000 0.000000 2.600000 0.0 1.0 0.0 91 120 73 0.880 3 61
-1.200000 0.000000 2.700000 0.0 1.0 0.0 91 120 73 0.880 3 61
-1.200000 0.000000 2.800000 0.0 1.0 0.0 91 120 73 0.880 3 61
-1.200000 0.000000 2.900000 0.0 1.0 0.0 91 120 73 0.880 3 61
-1.200000 0.000000 3.000000 0.0 1.0 0.0 91 120 73 0.880 3 61
-1.200000 0.000000 3.100000 0.0 1.0 0.0 91 120 73 0.880 3 61
-1.200000 0.000000 3.200000 0.0 1.0 0.0 91 120 73 0.880 3 61
-1.200000 0.000000 3.300000 0.0 1.0 0.0 91 120 73 0.880 3 61
-1.200000 0.000000 3.400000 0.0 1.0 0.0 91 120 73 0.880 3 61
-1.200000 0.000000 3.500000 0.0 1.0 0.0 91 120 73 0.880 3 61
-1.200000 0.000000 3.600000 0.0 1.0 0.0 91 120 73 0.880 3 61
-1.200000 0.000000 3.700000 0.0 1.0 0.0 91 120 73 0.880 3 61
-1.200000 0.000000 3.800000 0.0 1.0 0.0 91 120 73 0.880 3 61
-1.200000 0.000000 3.900000 0.0 1.0 0.0 91 120 73 0.880 3 61
-1.200000 0.000000 4.000000 0.0 1.0 0.0 91 120 73 0.880 3 61
-1.100000 0.000000 -2.000000 0.0 1.0 0.0 91 120 73 0.880 3 61
-1.100000 0.000000 -1.900000 0.0 1.0 0.0 91 120 73 0.880 3 61
-1.100000 0.000000 -1.800000 0.0 1.0 0.0 91 120 73 0.880 3 61
-1.100000 0.000000 -1.700000 0.0 1.0 0.0 91 120 73 0.880 3 61
-1.100000 0.000000 -1.600000 0.0 1.0 0.0 91 120 73 0.880 3 61
-1.100000 0.000000 -1.500000 0.0 1.0 0.0 91 120 73 0.880 3 61
-1.100000 0.000000 -1.400000 0.0 1.0 0.0 91 120 73 0.880 3 61
-1.100000 0.000000 -1.300000 0.0 1.0 0.0 91 120 73 0.880 3 61
-1.100000 0.000000 -1.200000 0.0 1.0 0.0 91 120 73 0.880 3 61
-1.100000 0.000000 -1.100000 0.0 1.0 0.0 91 120 73 0.880 3 61
-1.100000 0.000000 -1.000000 0.0 1.0 0.0 91 120 73 0.880 3 61
-1.100000 0.000000 -0.900000 0.0 1.0 0.0 91 120 73 0.880 3 61
-1.100000 0.000000 -0.800000 0.0 1.0 0.0 91 120 73 0.880 3 61
-1.100000 0.000000 -0.700000 0.0 1.0 0.0 91 120 73 0.880 3 61
-1.100000 0.000000 -0.600000 0.0 1.0 0.0 91 120 73 0.880 3 61
-1.100000 0.000000 -0.500000 0.0 1.0 0.0 91 120 73 0.880 3 61
-1.100000 0.000000 -0.400000 0.0 1.0 0.0 91 120 73 0.880 3 61
-1.100000 0.000000 -0.300000 0.0 1.0 0.0 91 120 73 0.880 3 61
-1.100000 0.000000 -0.200000 0.0 1.0 0.0 91 120 73 0.880 3 61
-1.100000 0.000000 -0.100000 0.0 1.0 0.0 91 120 73 0.880 3 61
-1.100000 0.000000 0.000000 0.0 1.0 0.0 91 120 73 0.880 3 61
-1.100000 0.000000 0.100000 0.0 1.0 0.0 91 120 73 0.880 3 61
-1.100000 0.000000 0.200000 0.0 1.0 0.0 91 120 73 0.880 3 61
-1.100000 0.000000 0.300000 0.0 1.0 0.0 91 120 73 0.880 3 61
-1.100000 0.000000 0.400000 0.0 1.0 0.0 91 120 73 0.880 3 61
-1.100000 0.000000 0.500000 0.0 1.0 0.0 91 120 73 0.880 3 61
-1.100000 0.000000 0.600000 0.0 1.0 0.0 91 120 73 0.880 3 61
-1.100000 0.000000 0.700000 0.0 1.0 0.0 91 120 73 0.880 3 61
-1.100000 0.000000 0.800000 0.0 1.0 0.0 91 120 73 0.880 3 61
-1.100000 0.000000 0.900000 0.0 1.0 0.0 91 120 73 0.880 3 61
-1.100000 0.000000 1.000000 0.0 1.0 0.0 91 120 73 0.880 3 61
-1.100000 0.000000 1.100000 0.0 1.0 0.0 91 120 73 0.880 3 61
-1.100000 0.000000 1.200000 0.0 1.0 0.0 91 120 73 0.880 3 61
-1.100000 0.000000 1.300000 0.0 1.0 0.0 91 120 73 0.880 3 61
-1.100000 0.000000 1.400000 0.0 1.0 0.0 91 120 73 0.880 3 61
-1.100000 0.000000 1.500000 0.0 1.0 0.0 91 120 73 0.880 3 61
-1.100000 0.000000 1.600000 0.0 1.0 0.0 91 120 73 0.880 3 61
-1.100000 0.000000 1.700000 0.0 1.0 0.0 91 120 73 0.880 3 61
-1.100000 0.000000 1.800000 0.0 1.0 0.0 91 120 73 0.880 3 61
-1.100000 0.000000 1.900000 0.0 1.0 0.0 91 120 73 0.880 3 61
-1.100000 0.000000 2.000000 0.0 1.0 0.0 91 120 73 0.880 3 61
-1.100000 0.000000 2.100000 0.0 1.0 0.0 91 120 73 0.880 3 61
-1.100000 0.000000 2.200000 0.0 1.0 0.0 91 120 73 0.880 3 61
-1.100000 0.000000 2.300000 0.0 1.0 0.0 91 120 73 0.880 3 61
-1.100000 0.000000 2.400000 0.0 1.0 0.0 91 120 73 0.880 3 61
-1.100000 0.000000 2.500000 0.0 1.0 0.0 91 120 73 0.880 3 61
-1.100000 0.000000 2.600000 0.0 1.0 0.0 91 120 73 0.880 3 61
-1.100000 0.000000 2.700000 0.0 1.0 0.0 91 120 73 0.880 3 61
-1.100000 0.000000 2.800000 0.0 1.0 0.0 91 120 73 0.880 3 61
-1.100000 0.000000 2.900000 0.0 1.0 0.0 91 120 73 0.880 3 61
-1.100000 0.000000 3.000000 0.0 1.0 0.0 91 120 73 0.880 3 61
-1.100000 0.000000 3.100000 0.0 1.0 0.0 91 120 73 0.880 3 61
-1.100000 0.000000 3.200000 0.0 1.0 0.0 91 120 73 0.880 3 61
-1.100000 0.000000 3.300000 0.0 1.0 0.0 91 120 73 0.880 3 61
-1.100000 0.000000 3.400000 0.0 1.0 0.0 91 120 73 0.880 3 61
-1.100000 0.000000 3.500000 0.0 1.0 0.0 91 120 73 0.880 3 61
-1.100000 0.000000 3.600000 0.0 1.0 0.0 91 120 73 0.880 3 61
-1.100000 0.000000 3.700000 0.0 1.0 0.0 91 120 73 0.880 3 61
-1.100000 0.000000 3.800000 0.0 1.0 0.0 91 120 73 0.880 3 61
-1.100000 0.000000 3.900000 0.0 1.0 0.0 91 120 73 0.880 3 61
-1.100000 0.000000 4.000000 0.0 1.0 0.0 91 120 73 0.880 3 61
-1.000000 0.000000 -2.000000 0.0 1.0 0.0 91 120 73 0.880 3 61
-1.000000 0.000000 -1.900000 0.0 1.0 0.0 91 120 73 0.880 3 61
-1.000000 0.000000 -1.800000 0.0 1.0 0.0 91 120 73 0.880 3 61
-1.000000 0.000000 -1.700000 0.0 1.0 0.0 91 120 73 0.880 3 61
-1.000000 0.000000 -1.600000 0.0 1.0 0.0 91 120 73 0.880 3 61
-1.000000 0.000000 -1.500000 0.0 1.0 0.0 91 120 73 0.880 3 61
-1.000000 0.000000 -1.400000 0.0 1.0 0.0 91 120 73 0.880 3 61
-1.000000 0.000000 -1.300000 0.0 1.0 0.0 91 120 73 0.880 3 61
-1.000000 0.000000 -1.200000 0.0 1.0 0.0 91 120 73 0.880 3 61
-1.000000 0.000000 -1.100000 0.0 1.0 0.0 91 120 73 0.880 3 61
-1.000000 0.000000 -1.000000 0.0 1.0 0.0 91 120 73 0.880 3 61
-1.000000 0.000000 -0.900000 0.0 1.0 0.0 91 120 73 0.880 3 61
-1.000000 0.000000 -0.800000 0.0 1.0 0.0 91 120 73 0.880 3 61
-1.000000 0.000000 -0.700000 0.0 1.0 0.0 91 120 73 0.880 3 61
-1.000000 0.000000 -0.600000 0.0 1.0 0.0 91 120 73 0.880 3 61
-1.000000 0.000000 -0.500000 0.0 1.0 0.0 91 120 73 0.880 3 61
-1.000000 0.000000 -0.400000 0.0 1.0 0.0 91 120 73 0.880 3 61
-1.000000 0.000000 -0.300000 0.0 1.0 0.0 91 120 73 0.880 3 61
-1.000000 0.000000 -0.200000 0.0 1.0 0.0 91 120 73 0.880 3 61
-1.000000 0.000000 -0.100000 0.0 1.0 0.0 91 120 73 0.880 3 61
-1.000000 0.000000 0.000000 0.0 1.0 0.0 91 120 73 0.880 3 61
-1.000000 0.000000 0.100000 0.0 1.0 0.0 91 120 73 0.880 3 61
-1.000000 0.000000 0.200000 0.0 1.0 0.0 91 120 73 0.880 3 61
-1.000000 0.000000 0.300000 0.0 1.0 0.0 91 120 73 0.880 3 61
-1.000000 0.000000 0.400000 0.0 1.0 0.0 91 120 73 0.880 3 61
-1.000000 0.000000 0.500000 0.0 1.0 0.0 91 120 73 0.880 3 61
-1.000000 0.000000 0.600000 0.0 1.0 0.0 91 120 73 0.880 3 61
-1.000000 0.000000 0.700000 0.0 1.0 0.0 91 120 73 0.880 3 61
-1.000000 0.000000 0.800000 0.0 1.0 0.0 91 120 73 0.880 3 61
-1.000000 0.000000 0.900000 0.0 1.0 0.0 91 120 73 0.880 3 61
-1.000000 0.000000 1.000000 0.0 1.0 0.0 91 120 73 0.880 3 61
-1.000000 0.000000 1.100000 0.0 1.0 0.0 91 120 73 0.880 3 61
-1.000000 0.000000 1.200000 0.0 1.0 0.0 91 120 73 0.880 3 61
-1.000000 0.000000 1.300000 0.0 1.0 0.0 91 120 73 0.880 3 61
-1.000000 0.000000 1.400000 0.0 1.0 0.0 91 120 73 0.880 3 61
-1.000000 0.000000 1.500000 0.0 1.0 0.0 91 120 73 0.880 3 61
-1.000000 0.000000 1.600000 0.0 1.0 0.0 91 120 73 0.880 3 61
-1.000000 0.000000 1.700000 0.0 1.0 0.0 91 120 73 0.880 3 61
-1.000000 0.000000 1.800000 0.0 1.0 0.0 91 120 73 0.880 3 61
-1.000000 0.000000 1.900000 0.0 1.0 0.0 91 120 73 0.880 3 61
-1.000000 0.000000 2.000000 0.0 1.0 0.0 91 120 73 0.880 3 61
-1.000000 0.000000 2.100000 0.0 1.0 0.0 91 120 73 0.880 3 61
-1.000000 0.000000 2.200000 0.0 1.0 0.0 91 120 73 0.880 3 61
-1.000000 0.000000 2.300000 0.0 1.0 0.0 91 120 73 0.880 3 61
-1.000000 0.000000 2.400000 0.0 1.0 0.0 91 120 73 0.880 3 61
-1.000000 0.000000 2.500000 0.0 1.0 0.0 91 120 73 0.880 3 61
-1.000000 0.000000 2.600000 0.0 1.0 0.0 91 120 73 0.880 3 61
-1.000000 0.000000 2.700000 0.0 1.0 0.0 91 120 73 0.880 3 61
-1.000000 0.000000 2.800000 0.0 1.0 0.0 91 120 73 0.880 3 61
-1.000000 0.000000 2.900000 0.0 1.0 0.0 91 120 73 0.880 3 61
-1.000000 0.000000 3.000000 0.0 1.0 0.0 91 120 73 0.880 3 61
-1.000000 0.000000 3.100000 0.0 1.0 0.0 91 120 73 0.880 3 61
-1.000000 0.000000 3.200000 0.0 1.0 0.0 91 120 73 0.880 3 61
-1.000000 0.000000 3.300000 0.0 1.0 0.0 91 120 73 0.880 3 61
-1.000000 0.000000 3.400000 0.0 1.0 0.0 91 120 73 0.880 3 61
-1.000000 0.000000 3.500000 0.0 1.0 0.0 91 120 73 0.880 3 61
-1.000000 0.000000 3.600000 0.0 1.0 0.0 91 120 73 0.880 3 61
-1.000000 0.000000 3.700000 0.0 1.0 0.0 91 120 73 0.880 3 61
-1.000000 0.000000 3.800000 0.0 1.0 0.0 91 120 73 0.880 3 61
-1.000000 0.000000 3.900000 0.0 1.0 0.0 91 120 73 0.880 3 61
-1.000000 0.000000 4.000000 0.0 1.0 0.0 91 120 73 0.880 3 61
-0.900000 0.000000 -2.000000 0.0 1.0 0.0 91 120 73 0.880 3 61
-0.900000 0.000000 -1.900000 0.0 1.0 0.0 91 120 73 0.880 3 61
-0.900000 0.000000 -1.800000 0.0 1.0 0.0 91 120 73 0.880 3 61
-0.900000 0.000000 -1.700000 0.0 1.0 0.0 91 120 73 0.880 3 61
-0.900000 0.000000 -1.600000 0.0 1.0 0.0 91 120 73 0.880 3 61
-0.900000 0.000000 -1.500000 0.0 1.0 0.0 91 120 73 0.880 3 61
-0.900000 0.000000 -1.400000 0.0 1.0 0.0 91 120 73 0.880 3 61
-0.900000 0.000000 -1.300000 0.0 1.0 0.0 91 120 73 0.880 3 61
-0.900000 0.000000 -1.200000 0.0 1.0 0.0 91 120 73 0.880 3 61
-0.900000 0.000000 -1.100000 0.0 1.0 0.0 91 120 73 0.880 3 61
-0.900000 0.000000 -1.000000 0.0 1.0 0.0 91 120 73 0.880 3 61
-0.900000 0.000000 -0.900000 0.0 1.0 0.0 91 120 73 0.880 3 61
-0.900000 0.000000 -0.800000 0.0 1.0 0.0 91 120 73 0.880 3 61
-0.900000 0.000000 -0.700000 0.0 1.0 0.0 91 120 73 0.880 3 61
-0.900000 0.000000 -0.600000 0.0 1.0 0.0 91 120 73 0.880 3 61
-0.900000 0.000000 -0.500000 0.0 1.0 0.0 91 120 73 0.880 3 61
-0.900000 0.000000 -0.400000 0.0 1.0 0.0 91 120 73 0.880 3 61
-0.900000 0.000000 -0.300000 0.0 1.0 0.0 91 120 73 0.880 3 61
-0.900000 0.000000 -0.200000 0.0 1.0 0.0 91 120 73 0.880 3 61
-0.900000 0.000000 -0.100000 0.0 1.0 0.0 91 120 73 0.880 3 61
-0.900000 0.000000 0.000000 0.0 1.0 0.0 91 120 73 0.880 3 61
-0.900000 0.000000 0.100000 0.0 1.0 0.0 91 120 73 0.880 3 61
-0.900000 0.000000 0.200000 0.0 1.0 0.0 91 120 73 0.880 3 61
-0.900000 0.000000 0.300000 0.0 1.0 0.0 91 120 73 0.880 3 61
-0.900000 0.000000 0.400000 0.0 1.0 0.0 91 120 73 0.880 3 61
-0.900000 0.000000 0.500000 0.0 1.0 0.0 91 120 73 0.880 3 61
-0.900000 0.000000 0.600000 0.0 1.0 0.0 91 120 73 0.880 3 61
-0.900000 0.000000 0.700000 0.0 1.0 0.0 91 120 73 0.880 3 61
-0.900000 0.000000 0.800000 0.0 1.0 0.0 91 120 73 0.880 3 61
-0.900000 0.000000 0.900000 0.0 1.0 0.0 91 120 73 0.880 3 61
-0.900000 0.000000 1.000000 0.0 1.0 0.0 91 120 73 0.880 3 61
-0.900000 0.000000 1.100000 0.0 1.0 0.0 91 120 73 0.880 3 61
-0.900000 0.000000 1.200000 0.0 1.0 0.0 91 120 73 0.880 3 61
-0.900000 0.000000 1.300000 0.0 1.0 0.0 91 120 73 0.880 3 61
-0.900000 0.000000 1.400000 0.0 1.0 0.0 91 120 73 0.880 3 61
-0.900000 0.000000 1.500000 0.0 1.0 0.0 91 120 73 0.880 3 61
-0.900000 0.000000 1.600000 0.0 1.0 0.0 91 120 73 0.880 3 61
-0.900000 0.000000 1.700000 0.0 1.0 0.0 91 120 73 0.880 3 61
-0.900000 0.000000 1.800000 0.0 1.0 0.0 91 120 73 0.880 3 61
-0.900000 0.000000 1.900000 0.0 1.0 0.0 91 120 73 0.880 3 61
-0.900000 0.000000 2.000000 0.0 1.0 0.0 91 120 73 0.880 3 61
-0.900000 0.000000 2.100000 0.0 1.0 0.0 91 120 73 0.880 3 61
-0.900000 0.000000 2.200000 0.0 1.0 0.0 91 120 73 0.880 3 61
-0.900000 0.000000 2.300000 0.0 1.0 0.0 91 120 73 0.880 3 61
-0.900000 0.000000 2.400000 0.0 1.0 0.0 91 120 73 0.880 3 61
-0.900000 0.000000 2.500000 0.0 1.0 0.0 91 120 73 0.880 3 61
-0.900000 0.000000 2.600000 0.0 1.0 0.0 91 120 73 0.880 3 61
-0.900000 0.000000 2.700000 0.0 1.0 0.0 91 120 73 0.880 3 61
-0.900000 0.000000 2.800000 0.0 1.0 0.0 91 120 73 0.880 3 61
-0.900000 0.000000 2.900000 0.0 1.0 0.0 91 120 73 0.880 3 61
-0.900000 0.000000 3.000000 0.0 1.0 0.0 91 120 73 0.880 3 61
-0.900000 0.000000 3.100000 0.0 1.0 0.0 91 120 73 0.880 3 61
-0.900000 0.000000 3.200000 0.0 1.0 0.0 91 120 73 0.880 3 61
-0.900000 0.000000 3.300000 0.0 1.0 0.0 91 120 73 0.880 3 61
-0.900000 0.000000 3.400000 0.0 1.0 0.0 91 120 73 0.880 3 61
-0.900000 0.000000 3.500000 0.0 1.0 0.0 91 120 73 0.880 3 61
-0.900000 0.000000 3.600000 0.0 1.0 0.0 91 120 73 0.880 3 61
-0.900000 0.000000 3.700000 0.0 1.0 0.0 91 120 73 0.880 3 61
-0.900000 0.000000 3.800000 0.0 1.0 0.0 91 120 73 0.880 3 61
-0.900000 0.000000 3.900000 0.0 1.0 0.0 91 120 73 0.880 3 61
-0.900000 0.000000 4.000000 0.0 1.0 0.0 91 120 73 0.880 3 61
-0.800000 0.000000 -2.000000 0.0 1.0 0.0 91 120 73 0.880 3 61
-0.800000 0.000000 -1.900000 0.0 1.0 0.0 91 120 73 0.880 3 61
-0.800000 0.000000 -1.800000 0.0 1.0 0.0 91 120 73 0.880 3 61
-0.800000 0.000000 -1.700000 0.0 1.0 0.0 91 120 73 0.880 3 61
-0.800000 0.000000 -1.600000 0.0 1.0 0.0 91 120 73 0.880 3 61
-0.800000 0.000000 -1.500000 0.0 1.0 0.0 91 120 73 0.880 3 61
-0.800000 0.000000 -1.400000 0.0 1.0 0.0 91 120 73 0.880 3 61
-0.800000 0.000000 -1.300000 0.0 1.0 0.0 91 120 73 0.880 3 61
-0.800000 0.000000 -1.200000 0.0 1.0 0.0 91 120 73 0.880 3 61
-0.800000 0.000000 -1.100000 0.0 1.0 0.0 91 120 73 0.880 3 61
-0.800000 0.000000 -1.000000 0.0 1.0 0.0 91 120 73 0.880 3 61
-0.800000 0.000000 -0.900000 0.0 1.0 0.0 91 120 73 0.880 3 61
-0.800000 0.000000 -0.800000 0.0 1.0 0.0 91 120 73 0.880 3 61
-0.800000 0.000000 -0.700000 0.0 1.0 0.0 91 120 73 0.880 3 61
-0.800000 0.000000 -0.600000 0.0 1.0 0.0 91 120 73 0.880 3 61
-0.800000 0.000000 -0.500000 0.0 1.0 0.0 91 120 73 0.880 3 61
-0.800000 0.000000 -0.400000 0.0 1.0 0.0 91 120 73 0.880 3 61
-0.800000 0.000000 -0.300000 0.0 1.0 0.0 91 120 73 0.880 3 61
-0.800000 0.000000 -0.200000 0.0 1.0 0.0 91 120 73 0.880 3 61
-0.800000 0.000000 -0.100000 0.0 1.0 0.0 91 120 73 0.880 3 61
-0.800000 0.000000 0.000000 0.0 1.0 0.0 91 120 73 0.880 3 61
-0.800000 0.000000 0.100000 0.0 1.0 0.0 91 120 73 0.880 3 61
-0.800000 0.000000 0.200000 0.0 1.0 0.0 91 120 73 0.880 3 61
-0.800000 0.000000 0.300000 0.0 1.0 0.0 91 120 73 0.880 3 61
-0.800000 0.000000 0.400000 0.0 1.0 0.0 91 120 73 0.880 3 61
-0.800000 0.000000 0.500000 0.0 1.0 0.0 91 120 73 0.880 3 61
-0.800000 0.000000 0.600000 0.0 1.0 0.0 91 120 73 0.880 3 61
-0.800000 0.000000 0.700000 0.0 1.0 0.0 91 120 73 0.880 3 61
-0.800000 0.000000 0.800000 0.0 1.0 0.0 91 120 73 0.880 3 61
-0.800000 0.000000 0.900000 0.0 1.0 0.0 91 120 73 0.880 3 61
-0.800000 0.000000 1.000000 0.0 1.0 0.0 91 120 73 0.880 3 61
-0.800000 0.000000 1.100000 0.0 1.0 0.0 91 120 73 0.880 3 61
-0.800000 0.000000 1.200000 0.0 1.0 0.0 91 120 73 0.880 3 61
-0.800000 0.000000 1.300000 0.0 1.0 0.0 91 120 73 0.880 3 61
-0.800000 0.000000 1.400000 0.0 1.0 0.0 91 120 73 0.880 3 61
-0.800000 0.000000 1.500000 0.0 1.0 0.0 91 120 73 0.880 3 61
-0.800000 0.000000 1.600000 0.0 1.0 0.0 91 120 73 0.880 3 61
-0.800000 0.000000 1.700000 0.0 1.0 0.0 91 120 73 0.880 3 61
-0.800000 0.000000 1.800000 0.0 1.0 0.0 91 120 73 0.880 3 61
-0.800000 0.000000 1.900000 0.0 1.0 0.0 91 120 73 0.880 3 61
-0.800000 0.000000 2.000000 0.0 1.0 0.0 91 120 73 0.880 3 61
-0.800000 0.000000 2.100000 0.0 1.0 0.0 91 120 73 0.880 3 61
-0.800000 0.000000 2.200000 0.0 1.0 0.0 91 120 73 0.880 3 61
-0.800000 0.000000 2.300000 0.0 1.0 0.0 91 120 73 0.880 3 61
-0.800000 0.000000 2.400000 0.0 1.0 0.0 91 120 73 0.880 3 61
-0.800000 0.000000 2.500000 0.0 1.0 0.0 91 120 73 0.880 3 61
-0.800000 0.000000 2.600000 0.0 1.0 0.0 91 120 73 0.880 3 61
-0.800000 0.000000 2.700000 0.0 1.0 0.0 91 120 73 0.880 3 61
-0.800000 0.000000 2.800000 0.0 1.0 0.0 91 120 73 0.880 3 61
-0.800000 0.000000 2.900000 0.0 1.0 0.0 91 120 73 0.880 3 61
-0.800000 0.000000 3.000000 0.0 1.0 0.0 91 120 73 0.880 3 61
-0.800000 0.000000 3.100000 0.0 1.0 0.0 91 120 73 0.880 3 61
-0.800000 0.000000 3.200000 0.0 1.0 0.0 91 120 73 0.880 3 61
-0.800000 0.000000 3.300000 0.0 1.0 0.0 91 120 73 0.880 3 61
-0.800000 0.000000 3.400000 0.0 1.0 0.0 91 120 73 0.880 3 61
-0.800000 0.000000 3.500000 0.0 1.0 0.0 91 120 73 0.880 3 61
-0.800000 0.000000 3.600000 0.0 1.0 0.0 91 120 73 0.880 3 61
-0.800000 0.000000 3.700000 0.0 1.0 0.0 91 120 73 0.880 3 61
-0.800000 0.000000 3.800000 0.0 1.0 0.0 91 120 73 0.880 3 61
-0.800000 0.000000 3.900000 0.0 1.0 0.0 91 120 73 0.880 3 61
-0.800000 0.000000 4.000000 0.0 1.0 0.0 91 120 73 0.880 3 61
-0.700000 0.000000 -2.000000 0.0 1.0 0.0 91 120 73 0.880 3 61
-0.700000 0.000000 -1.900000 0.0 1.0 0.0 91 120 73 0.880 3 61
-0.700000 0.000000 -1.800000 0.0 1.0 0.0 91 120 73 0.880 3 61
-0.700000 0.000000 -1.700000 0.0 1.0 0.0 91 120 73 0.880 3 61
-0.700000 0.000000 -1.600000 0.0 1.0 0.0 91 120 73 0.880 3 61
-0.700000 0.000000 -1.500000 0.0 1.0 0.0 91 120 73 0.880 3 61
-0.700000 0.000000 -1.400000 0.0 1.0 0.0 91 120 73 0.880 3 61
-0.700000 0.000000 -1.300000 0.0 1.0 0.0 91 120 73 0.880 3 61
-0.700000 0.000000 -1.200000 0.0 1.0 0.0 91 120 73 0.880 3 61
-0.700000 0.000000 -1.100000 0.0 1.0 0.0 91 120 73 0.880 3 61
-0.700000 0.000000 -1.000000 0.0 1.0 0.0 91 120 73 0.880 3 61
-0.700000 0.000000 -0.900000 0.0 1.0 0.0 91 120 73 0.880 3 61
-0.700000 0.000000 -0.800000 0.0 1.0 0.0 91 120 73 0.880 3 61
-0.700000 0.000000 -0.700000 0.0 1.0 0.0 91 120 73 0.880 3 61
-0.700000 0.000000 -0.600000 0.0 1.0 0.0 91 120 73 0.880 3 61
-0.700000 0.000000 -0.500000 0.0 1.0 0.0 91 120 73 0.880 3 61
-0.700000 0.000000 -0.400000 0.0 1.0 0.0 91 120 73 0.880 3 61
-0.700000 0.000000 -0.300000 0.0 1.0 0.0 91 120 73 0.880 3 61
-0.700000 0.000000 -0.200000 0.0 1.0 0.0 91 120 73 0.880 3 61
-0.700000 0.000000 -0.100000 0.0 1.0 0.0 91 120 73 0.880 3 61
-0.700000 0.000000 0.000000 0.0 1.0 0.0 91 120 73 0.880 3 61
-0.700000 0.000000 0.100000 0.0 1.0 0.0 91 120 73 0.880 3 61
-0.700000 0.000000 0.200000 0.0 1.0 0.0 91 120 73 0.880 3 61
-0.700000 0.000000 0.300000 0.0 1.0 0.0 91 120 73 0.880 3 61
-0.700000 0.000000 0.400000 0.0 1.0 0.0 91 120 73 0.880 3 61
-0.700000 0.000000 0.500000 0.0 1.0 0.0 91 120 73 0.880 3 61
-0.700000 0.000000 0.600000 0.0 1.0 0.0 91 120 73 0.880 3 61
-0.700000 0.000000 0.700000 0.0 1.0 0.0 91 120 73 0.880 3 61
-0.700000 0.000000 0.800000 0.0 1.0 0.0 91 120 73 0.880 3 61
-0.700000 0.000000 0.900000 0.0 1.0 0.0 91 120 73 0.880 3 61
-0.700000 0.000000 1.000000 0.0 1.0 0.0 91 120 73 0.880 3 61
-0.700000 0.000000 1.100000 0.0 1.0 0.0 91 120 73 0.880 3 61
-0.700000 0.000000 1.200000 0.0 1.0 0.0 91 120 73 0.880 3 61
-0.700000 0.000000 1.300000 0.0 1.0 0.0 91 120 73 0.880 3 61
-0.700000 0.000000 1.400000 0.0 1.0 0.0 91 120 73 0.880 3 61
-0.700000 0.000000 1.500000 0.0 1.0 0.0 91 120 73 0.880 3 61
-0.700000 0.000000 1.600000 0.0 1.0 0.0 91 120 73 0.880 3 61
-0.700000 0.000000 1.700000 0.0 1.0 0.0 91 120 73 0.880 3 61
-0.700000 0.000000 1.800000 0.0 1.0 0.0 91 120 73 0.880 3 61
-0.700000 0.000000 1.900000 0.0 1.0 0.0 91 120 73 0.880 3 61
-0.700000 0.000000 2.000000 0.0 1.0 0.0 91 120 73 0.880 3 61
-0.700000 0.000000 2.100000 0.0 1.0 0.0 91 120 73 0.880 3 61
-0.700000 0.000000 2.200000 0.0 1.0 0.0 91 120 73 0.880 3 61
-0.700000 0.000000 2.300000 0.0 1.0 0.0 91 120 73 0.880 3 61
-0.700000 0.000000 2.400000 0.0 1.0 0.0 91 120 73 0.880 3 61
-0.700000 0.000000 2.500000 0.0 1.0 0.0 91 120 73 0.880 3 61
-0.700000 0.000000 2.600000 0.0 1.0 0.0 91 120 73 0.880 3 61
-0.700000 0.000000 2.700000 0.0 1.0 0.0 91 120 73 0.880 3 61
-0.700000 0.000000 2.800000 0.0 1.0 0.0 91 120 73 0.880 3 61
-0.700000 0.000000 2.900000 0.0 1.0 0.0 91 120 73 0.880 3 61
-0.700000 0.000000 3.000000 0.0 1.0 0.0 91 120 73 0.880 3 61
-0.700000 0.000000 3.100000 0.0 1.0 0.0 91 120 73 0.880 3 61
-0.700000 0.000000 3.200000 0.0 1.0 0.0 91 120 73 0.880 3 61
-0.700000 0.000000 3.300000 0.0 1.0 0.0 91 120 73 0.880 3 61
-0.700000 0.000000 3.400000 0.0 1.0 0.0 91 120 73 0.880 3 61
-0.700000 0.000000 3.500000 0.0 1.0 0.0 91 120 73 0.880 3 61
-0.700000 0.000000 3.600000 0.0 1.0 0.0 91 120 73 0.880 3 61
-0.700000 0.000000 3.700000 0.0 1.0 0.0 91 120 73 0.880 3 61
-0.700000 0.000000 3.800000 0.0 1.0 0.0 91 120 73 0.880 3 61
-0.700000 0.000000 3.900000 0.0 1.0 0.0 91 120 73 0.880 3 61
-0.700000 0.000000 4.000000 0.0 1.0 0.0 91 120 73 0.880 3 61
-0.600000 0.000000 -2.000000 0.0 1.0 0.0 91 120 73 0.880 3 61
-0.600000 0.000000 -1.900000 0.0 1.0 0.0 91 120 73 0.880 3 61
-0.600000 0.000000 -1.800000 0.0 1.0 0.0 91 120 73 0.880 3 61
-0.600000 0.000000 -1.700000 0.0 1.0 0.0 91 120 73 0.880 3 61
-0.600000 0.000000 -1.600000 0.0 1.0 0.0 91 120 73 0.880 3 61
-0.600000 0.000000 -1.500000 0.0 1.0 0.0 91 120 73 0.880 3 61
-0.600000 0.000000 -1.400000 0.0 1.0 0.0 91 120 73 0.880 3 61
-0.600000 0.000000 -1.300000 0.0 1.0 0.0 91 120 73 0.880 3 61
-0.600000 0.000000 -1.200000 0.0 1.0 0.0 91 120 73 0.880 3 61
-0.600000 0.000000 -1.100000 0.0 1.0 0.0 91 120 73 0.880 3 61
-0.600000 0.000000 -1.000000 0.0 1.0 0.0 91 120 73 0.880 3 61
-0.600000 0.000000 -0.900000 0.0 1.0 0.0 91 120 73 0.880 3 61
-0.600000 0.000000 -0.800000 0.0 1.0 0.0 91 120 73 0.880 3 61
-0.600000 0.000000 -0.700000 0.0 1.0 0.0 91 120 73 0.880 3 61
-0.600000 0.000000 -0.600000 0.0 1.0 0.0 91 120 73 0.880 3 61
-0.600000 0.000000 -0.500000 0.0 1.0 0.0 91 120 73 0.880 3 61
-0.600000 0.000000 -0.400000 0.0 1.0 0.0 91 120 73 0.880 3 61
-0.600000 0.000000 -0.300000 0.0 1.0 0.0 91 120 73 0.880 3 61
-0.600000 0.000000 -0.200000 0.0 1.0 0.0 91 120 73 0.880 3 61
-0.600000 0.000000 -0.100000 0.0 1.0 0.0 91 120 73 0.880 3 61
-0.600000 0.000000 0.000000 0.0 1.0 0.0 91 120 73 0.880 3 61
-0.600000 0.000000 0.100000 0.0 1.0 0.0 91 120 73 0.880 3 61
-0.600000 0.000000 0.200000 0.0 1.0 0.0 91 120 73 0.880 3 61
-0.600000 0.000000 0.300000 0.0 1.0 0.0 91 120 73 0.880 3 61
-0.600000 0.000000 0.400000 0.0 1.0 0.0 91 120 73 0.880 3 61
-0.600000 0.000000 0.500000 0.0 1.0 0.0 91 120 73 0.880 3 61
-0.600000 0.000000 0.600000 0.0 1.0 0.0 91 120 73 0.880 3 61
-0.600000 0.000000 0.700000 0.0 1.0 0.0 91 120 73 0.880 3 61
-0.600000 0.000000 0.800000 0.0 1.0 0.0 91 120 73 0.880 3 61
-0.600000 0.000000 0.900000 0.0 1.0 0.0 91 120 73 0.880 3 61
-0.600000 0.000000 1.000000 0.0 1.0 0.0 91 120 73 0.880 3 61
-0.600000 0.000000 1.100000 0.0 1.0 0.0 91 120 73 0.880 3 61
-0.600000 0.000000 1.200000 0.0 1.0 0.0 91 120 73 0.880 3 61
-0.600000 0.000000 1.300000 0.0 1.0 0.0 91 120 73 0.880 3 61
-0.600000 0.000000 1.400000 0.0 1.0 0.0 91 120 73 0.880 3 61
-0.600000 0.000000 1.500000 0.0 1.0 0.0 91 120 73 0.880 3 61
-0.600000 0.000000 1.600000 0.0 1.0 0.0 91 120 73 0.880 3 61
-0.600000 0.000000 1.700000 0.0 1.0 0.0 91 120 73 0.880 3 61
-0.600000 0.000000 1.800000 0.0 1.0 0.0 91 120 73 0.880 3 61
-0.600000 0.000000 1.900000 0.0 1.0 0.0 91 120 73 0.880 3 61
-0.600000 0.000000 2.000000 0.0 1.0 0.0 91 120 73 0.880 3 61
-0.600000 0.000000 2.100000 0.0 1.0 0.0 91 120 73 0.880 3 61
-0.600000 0.000000 2.200000 0.0 1.0 0.0 91 120 73 0.880 3 61
-0.600000 0.000000 2.300000 0.0 1.0 0.0 91 120 73 0.880 3 61
-0.600000 0.000000 2.400000 0.0 1.0 0.0 91 120 73 0.880 3 61
-0.600000 0.000000 2.500000 0.0 1.0 0.0 91 120 73 0.880 3 61
-0.600000 0.000000 2.600000 0.0 1.0 0.0 91 120 73 0.880 3 61
-0.600000 0.000000 2.700000 0.0 1.0 0.0 91 120 73 0.880 3 61
-0.600000 0.000000 2.800000 0.0 1.0 0.0 91 120 73 0.880 3 61
-0.600000 0.000000 2.900000 0.0 1.0 0.0 91 120 73 0.880 3 61
-0.600000 0.000000 3.000000 0.0 1.0 0.0 91 120 73 0.880 3 61
-0.600000 0.000000 3.100000 0.0 1.0 0.0 91 120 73 0.880 3 61
-0.600000 0.000000 3.200000 0.0 1.0 0.0 91 120 73 0.880 3 61
-0.600000 0.000000 3.300000 0.0 1.0 0.0 91 120 73 0.880 3 61
-0.600000 0.000000 3.400000 0.0 1.0 0.0 91 120 73 0.880 3 61
-0.600000 0.000000 3.500000 0.0 1.0 0.0 91 120 73 0.880 3 61
-0.600000 0.000000 3.600000 0.0 1.0 0.0 91 120 73 0.880 3 61
-0.600000 0.000000 3.700000 0.0 1.0 0.0 91 120 73 0.880 3 61
-0.600000 0.000000 3.800000 0.0 1.0 0.0 91 120 73 0.880 3 61
-0.600000 0.000000 3.900000 0.0 1.0 0.0 91 120 73 0.880 3 61
-0.600000 0.000000 4.000000 0.0 1.0 0.0 91 120 73 0.880 3 61
-0.500000 0.000000 -2.000000 0.0 1.0 0.0 91 120 73 0.880 3 61
-0.500000 0.000000 -1.900000 0.0 1.0 0.0 91 120 73 0.880 3 61
-0.500000 0.000000 -1.800000 0.0 1.0 0.0 91 120 73 0.880 3 61
-0.500000 0.000000 -1.700000 0.0 1.0 0.0 91 120 73 0.880 3 61
-0.500000 0.000000 -1.600000 0.0 1.0 0.0 91 120 73 0.880 3 61
-0.500000 0.000000 -1.500000 0.0 1.0 0.0 91 120 73 0.880 3 61
-0.500000 0.000000 -1.400000 0.0 1.0 0.0 91 120 73 0.880 3 61
-0.500000 0.000000 -1.300000 0.0 1.0 0.0 91 120 73 0.880 3 61
-0.500000 0.000000 -1.200000 0.0 1.0 0.0 91 120 73 0.880 3 61
-0.500000 0.000000 -1.100000 0.0 1.0 0.0 91 120 73 0.880 3 61
-0.500000 0.000000 -1.000000 0.0 1.0 0.0 91 120 73 0.880 3 61
-0.500000 0.000000 -0.900000 0.0 1.0 0.0 91 120 73 0.880 3 61
-0.500000 0.000000 -0.800000 0.0 1.0 0.0 91 120 73 0.880 3 61
-0.500000 0.000000 -0.700000 0.0 1.0 0.0 91 120 73 0.880 3 61
-0.500000 0.000000 -0.600000 0.0 1.0 0.0 91 120 73 0.880 3 61
-0.500000 0.000000 -0.500000 0.0 1.0 0.0 91 120 73 0.880 3 61
-0.500000 0.000000 -0.400000 0.0 1.0 0.0 91 120 73 0.880 3 61
-0.500000 0.000000 -0.300000 0.0 1.0 0.0 91 120 73 0.880 3 61
-0.500000 0.000000 -0.200000 0.0 1.0 0.0 91 120 73 0.880 3 61
-0.500000 0.000000 -0.100000 0.0 1.0 0.0 91 120 73 0.880 3 61
-0.500000 0.000000 0.000000 0.0 1.0 0.0 91 120 73 0.880 3 61
-0.500000 0.000000 0.100000 0.0 1.0 0.0 91 120 73 0.880 3 61
-0.500000 0.000000 0.200000 0.0 1.0 0.0 91 120 73 0.880 3 61
-0.500000 0.000000 0.300000 0.0 1.0 0.0 91 120 73 0.880 3 61
-0.500000 0.000000 0.400000 0.0 1.0 0.0 91 120 73 0.880 3 61
-0.500000 0.000000 0.500000 0.0 1.0 0.0 91 120 73 0.880 3 61
-0.500000 0.000000 0.600000 0.0 1.0 0.0 91 120 73 0.880 3 61
-0.500000 0.000000 0.700000 0.0 1.0 0.0 91 120 73 0.880 3 61
-0.500000 0.000000 0.800000 0.0 1.0 0.0 91 120 73 0.880 3 61
-0.500000 0.000000 0.900000 0.0 1.0 0.0 91 120 73 0.880 3 61
-0.500000 0.000000 1.000000 0.0 1.0 0.0 91 120 73 0.880 3 61
-0.500000 0.000000 1.100000 0.0 1.0 0.0 91 120 73 0.880 3 61
-0.500000 0.000000 1.200000 0.0 1.0 0.0 91 120 73 0.880 3 61
-0.500000 0.000000 1.300000 0.0 1.0 0.0 91 120 73 0.880 3 61
-0.500000 0.000000 1.400000 0.0 1.0 0.0 91 120 73 0.880 3 61
-0.500000 0.000000 1.500000 0.0 1.0 0.0 91 120 73 0.880 3 61
-0.500000 0.000000 1.600000 0.0 1.0 0.0 91 120 73 0.880 3 61
-0.500000 0.000000 1.700000 0.0 1.0 0.0 91 120 73 0.880 3 61
-0.500000 0.000000 1.800000 0.0 1.0 0.0 91 120 73 0.880 3 61
-0.500000 0.000000 1.900000 0.0 1.0 0.0 91 120 73 0.880 3 61
-0.500000 0.000000 2.000000 0.0 1.0 0.0 91 120 73 0.880 3 61
-0.500000 0.000000 2.100000 0.0 1.0 0.0 91 120 73 0.880 3 61
-0.500000 0.000000 2.200000 0.0 1.0 0.0 91 120 73 0.880 3 61
-0.500000 0.000000 2.300000 0.0 1.0 0.0 91 120 73 0.880 3 61
-0.500000 0.000000 2.400000 0.0 1.0 0.0 91 120 73 0.880 3 61
-0.500000 0.000000 2.500000 0.0 1.0 0.0 91 120 73 0.880 3 61
-0.500000 0.000000 2.600000 0.0 1.0 0.0 91 120 73 0.880 3 61
-0.500000 0.000000 2.700000 0.0 1.0 0.0 91 120 73 0.880 3 61
-0.500000 0.000000 2.800000 0.0 1.0 0.0 91 120 73 0.880 3 61
-0.500000 0.000000 2.900000 0.0 1.0 0.0 91 120 73 0.880 3 61
-0.500000 0.000000 3.000000 0.0 1.0 0.0 91 120 73 0.880 3 61
-0.500000 0.000000 3.100000 0.0 1.0 0.0 91 120 73 0.880 3 61
-0.500000 0.000000 3.200000 0.0 1.0 0.0 91 120 73 0.880 3 61
-0.500000 0.000000 3.300000 0.0 1.0 0.0 91 120 73 0.880 3 61
-0.500000 0.000000 3.400000 0.0 1.0 0.0 91 120 73 0.880 3 61
-0.500000 0.000000 3.500000 0.0 1.0 0.0 91 120 73 0.880 3 61
-0.500000 0.000000 3.600000 0.0 1.0 0.0 91 120 73 0.880 3 61
-0.500000 0.000000 3.700000 0.0 1.0 0.0 91 120 73 0.880 3 61
-0.500000 0.000000 3.800000 0.0 1.0 0.0 91 120 73 0.880 3 61
-0.500000 0.000000 3.900000 0.0 1.0 0.0 91 120 73 0.880 3 61
-0.500000 0.000000 4.000000 0.0 1.0 0.0 91 120 73 0.880 3 61
-0.400000 0.000000 -2.000000 0.0 1.0 0.0 91 120 73 0.880 3 61
-0.400000 0.000000 -1.900000 0.0 1.0 0.0 91 120 73 0.880 3 61
-0.400000 0.000000 -1.800000 0.0 1.0 0.0 91 120 73 0.880 3 61
-0.400000 0.000000 -1.700000 0.0 1.0 0.0 91 120 73 0.880 3 61
-0.400000 0.000000 -1.600000 0.0 1.0 0.0 91 120 73 0.880 3 61
-0.400000 0.000000 -1.500000 0.0 1.0 0.0 91 120 73 0.880 3 61
-0.400000 0.000000 -1.400000 0.0 1.0 0.0 91 120 73 0.880 3 61
-0.400000 0.000000 -1.300000 0.0 1.0 0.0 91 120 73 0.880 3 61
-0.400000 0.000000 -1.200000 0.0 1.0 0.0 91 120 73 0.880 3 61
-0.400000 0.000000 -1.100000 0.0 1.0 0.0 91 120 73 0.880 3 61
-0.400000 0.000000 -1.000000 0.0 1.0 0.0 91 120 73 0.880 3 61
-0.400000 0.000000 -0.900000 0.0 1.0 0.0 91 120 73 0.880 3 61
-0.400000 0.000000 -0.800000 0.0 1.0 0.0 91 120 73 0.880 3 61
-0.400000 0.000000 -0.700000 0.0 1.0 0.0 91 120 73 0.880 3 61
-0.400000 0.000000 -0.600000 0.0 1.0 0.0 91 120 73 0.880 3 61
-0.400000 0.000000 -0.500000 0.0 1.0 0.0 91 120 73 0.880 3 61
-0.400000 0.000000 -0.400000 0.0 1.0 0.0 91 120 73 0.880 3 61
-0.400000 0.000000 -0.300000 0.0 1.0 0.0 91 120 73 0.880 3 61
-0.400000 0.000000 -0.200000 0.0 1.0 0.0 91 120 73 0.880 3 61
-0.400000 0.000000 -0.100000 0.0 1.0 0.0 91 120 73 0.880 3 61
-0.400000 0.000000 0.000000 0.0 1.0 0.0 91 120 73 0.880 3 61
-0.400000 0.000000 0.100000 0.0 1.0 0.0 91 120 73 0.880 3 61
-0.400000 0.000000 0.200000 0.0 1.0 0.0 91 120 73 0.880 3 61
-0.400000 0.000000 0.300000 0.0 1.0 0.0 91 120 73 0.880 3 61
-0.400000 0.000000 0.400000 0.0 1.0 0.0 91 120 73 0.880 3 61
-0.400000 0.000000 0.500000 0.0 1.0 0.0 91 120 73 0.880 3 61
-0.400000 0.000000 0.600000 0.0 1.0 0.0 91 120 73 0.880 3 61
-0.400000 0.000000 0.700000 0.0 1.0 0.0 91 120 73 0.880 3 61
-0.400000 0.000000 0.800000 0.0 1.0 0.0 91 120 73 0.880 3 61
-0.400000 0.000000 0.900000 0.0 1.0 0.0 91 120 73 0.880 3 61
-0.400000 0.000000 1.000000 0.0 1.0 0.0 91 120 73 0.880 3 61
-0.400000 0.000000 1.100000 0.0 1.0 0.0 91 120 73 0.880 3 61
-0.400000 0.000000 1.200000 0.0 1.0 0.0 91 120 73 0.880 3 61
-0.400000 0.000000 1.300000 0.0 1.0 0.0 91 120 73 0.880 3 61
-0.400000 0.000000 1.400000 0.0 1.0 0.0 91 120 73 0.880 3 61
-0.400000 0.000000 1.500000 0.0 1.0 0.0 91 120 73 0.880 3 61
-0.400000 0.000000 1.600000 0.0 1.0 0.0 91 120 73 0.880 3 61
-0.400000 0.000000 1.700000 0.0 1.0 0.0 91 120 73 0.880 3 61
-0.400000 0.000000 1.800000 0.0 1.0 0.0 91 120 73 0.880 3 61
-0.400000 0.000000 1.900000 0.0 1.0 0.0 91 120 73 0.880 3 61
-0.400000 0.000000 2.000000 0.0 1.0 0.0 91 120 73 0.880 3 61
-0.400000 0.000000 2.100000 0.0 1.0 0.0 91 120 73 0.880 3 61
-0.400000 0.000000 2.200000 0.0 1.0 0.0 91 120 73 0.880 3 61
-0.400000 0.000000 2.300000 0.0 1.0 0.0 91 120 73 0.880 3 61
-0.400000 0.000000 2.400000 0.0 1.0 0.0 91 120 73 0.880 3 61
-0.400000 0.000000 2.500000 0.0 1.0 0.0 91 120 73 0.880 3 61
-0.400000 0.000000 2.600000 0.0 1.0 0.0 91 120 73 0.880 3 61
-0.400000 0.000000 2.700000 0.0 1.0 0.0 91 120 73 0.880 3 61
-0.400000 0.000000 2.800000 0.0 1.0 0.0 91 120 73 0.880 3 61
-0.400000 0.000000 2.900000 0.0 1.0 0.0 91 120 73 0.880 3 61
-0.400000 0.000000 3.000000 0.0 1.0 0.0 91 120 73 0.880 3 61
-0.400000 0.000000 3.100000 0.0 1.0 0.0 91 120 73 0.880 3 61
-0.400000 0.000000 3.200000 0.0 1.0 0.0 91 120 73 0.880 3 61
-0.400000 0.000000 3.300000 0.0 1.0 0.0 91 120 73 0.880 3 61
-0.400000 0.000000 3.400000 0.0 1.0 0.0 91 120 73 0.880 3 61
-0.400000 0.000000 3.500000 0.0 1.0 0.0 91 120 73 0.880 3 61
-0.400000 0.000000 3.600000 0.0 1.0 0.0 91 120 73 0.880 3 61
-0.400000 0.000000 3.700000 0.0 1.0 0.0 91 120 73 0.880 3 61
-0.400000 0.000000 3.800000 0.0 1.0 0.0 91 120 73 0.880 3 61
-0.400000 0.000000 3.900000 0.0 1.0 0.0 91 120 73 0.880 3 61
-0.400000 0.000000 4.000000 0.0 1.0 0.0 91 120 73 0.880 3 61
-0.300000 0.000000 -2.000000 0.0 1.0 0.0 91 120 73 0.880 3 61
-0.300000 0.000000 -1.900000 0.0 1.0 0.0 91 120 73 0.880 3 61
-0.300000 0.000000 -1.800000 0.0 1.0 0.0 91 120 73 0.880 3 61
-0.300000 0.000000 -1.700000 0.0 1.0 0.0 91 120 73 0.880 3 61
-0.300000 0.000000 -1.600000 0.0 1.0 0.0 91 120 73 0.880 3 61
-0.300000 0.000000 -1.500000 0.0 1.0 0.0 91 120 73 0.880 3 61
-0.300000 0.000000 -1.400000 0.0 1.0 0.0 91 120 73 0.880 3 61
-0.300000 0.000000 -1.300000 0.0 1.0 0.0 91 120 73 0.880 3 61
-0.300000 0.000000 -1.200000 0.0 1.0 0.0 91 120 73 0.880 3 61
-0.300000 0.000000 -1.100000 0.0 1.0 0.0 91 120 73 0.880 3 61
-0.300000 0.000000 -1.000000 0.0 1.0 0.0 91 120 73 0.880 3 61
-0.300000 0.000000 -0.900000 0.0 1.0 0.0 91 120 73 0.880 3 61
-0.300000 0.000000 -0.800000 0.0 1.0 0.0 91 120 73 0.880 3 61
-0.300000 0.000000 -0.700000 0.0 1.0 0.0 91 120 73 0.880 3 61
-0.300000 0.000000 -0.600000 0.0 1.0 0.0 91 120 73 0.880 3 61
-0.300000 0.000000 -0.500000 0.0 1.0 0.0 91 120 73 0.880 3 61
-0.300000 0.000000 -0.400000 0.0 1.0 0.0 91 120 73 0.880 3 61
-0.300000 0.000000 -0.300000 0.0 1.0 0.0 91 120 73 0.880 3 61
-0.300000 0.000000 -0.200000 0.0 1.0 0.0 91 120 73 0.880 3 61
-0.300000 0.000000 -0.100000 0.0 1.0 0.0 91 120 73 0.880 3 61
-0.300000 0.000000 0.000000 0.0 1.0 0.0 91 120 73 0.880 3 61
-0.300000 0.000000 0.100000 0.0 1.0 0.0 91 120 73 0.880 3 61
-0.300000 0.000000 0.200000 0.0 1.0 0.0 91 120 73 0.880 3 61
-0.300000 0.000000 0.300000 0.0 1.0 0.0 91 120 73 0.880 3 61
-0.300000 0.000000 0.400000 0.0 1.0 0.0 91 120 73 0.880 3 61
-0.300000 0.000000 0.500000 0.0 1.0 0.0 91 120 73 0.880 3 61
-0.300000 0.000000 0.600000 0.0 1.0 0.0 91 120 73 0.880 3 61
-0.300000 0.000000 0.700000 0.0 1.0 0.0 91 120 73 0.880 3 61
-0.300000 0.000000 0.800000 0.0 1.0 0.0 91 120 73 0.880 3 61
-0.300000 0.000000 0.900000 0.0 1.0 0.0 91 120 73 0.880 3 61
-0.300000 0.000000 1.000000 0.0 1.0 0.0 91 120 73 0.880 3 61
-0.300000 0.000000 1.100000 0.0 1.0 0.0 91 120 73 0.880 3 61
-0.300000 0.000000 1.200000 0.0 1.0 0.0 91 120 73 0.880 3 61
-0.300000 0.000000 1.300000 0.0 1.0 0.0 91 120 73 0.880 3 61
-0.300000 0.000000 1.400000 0.0 1.0 0.0 91 120 73 0.880 3 61
-0.300000 0.000000 1.500000 0.0 1.0 0.0 91 120 73 0.880 3 61
-0.300000 0.000000 1.600000 0.0 1.0 0.0 91 120 73 0.880 3 61
-0.300000 0.000000 1.700000 0.0 1.0 0.0 91 120 73 0.880 3 61
-0.300000 0.000000 1.800000 0.0 1.0 0.0 91 120 73 0.880 3 61
-0.300000 0.000000 1.900000 0.0 1.0 0.0 91 120 73 0.880 3 61
-0.300000 0.000000 2.000000 0.0 1.0 0.0 91 120 73 0.880 3 61
-0.300000 0.000000 2.100000 0.0 1.0 0.0 91 120 73 0.880 3 61
-0.300000 0.000000 2.200000 0.0 1.0 0.0 91 120 73 0.880 3 61
-0.300000 0.000000 2.300000 0.0 1.0 0.0 91 120 73 0.880 3 61
-0.300000 0.000000 2.400000 0.0 1.0 0.0 91 120 73 0.880 3 61
-0.300000 0.000000 2.500000 0.0 1.0 0.0 91 120 73 0.880 3 61
-0.300000 0.000000 2.600000 0.0 1.0 0.0 91 120 73 0.880 3 61
-0.300000 0.000000 2.700000 0.0 1.0 0.0 91 120 73 0.880 3 61
-0.300000 0.000000 2.800000 0.0 1.0 0.0 91 120 73 0.880 3 61
-0.300000 0.000000 2.900000 0.0 1.0 0.0 91 120 73 0.880 3 61
-0.300000 0.000000 3.000000 0.0 1.0 0.0 91 120 73 0.880 3 61
-0.300000 0.000000 3.100000 0.0 1.0 0.0 91 120 73 0.880 3 61
-0.300000 0.000000 3.200000 0.0 1.0 0.0 91 120 73 0.880 3 61
-0.300000 0.000000 3.300000 0.0 1.0 0.0 91 120 73 0.880 3 61
-0.300000 0.000000 3.400000 0.0 1.0 0.0 91 120 73 0.880 3 61
-0.300000 0.000000 3.500000 0.0 1.0 0.0 91 120 73 0.880 3 61
-0.300000 0.000000 3.600000 0.0 1.0 0.0 91 120 73 0.880 3 61
-0.300000 0.000000 3.700000 0.0 1.0 0.0 91 120 73 0.880 3 61
-0.300000 0.000000 3.800000 0.0 1.0 0.0 91 120 73 0.880 3 61
-0.300000 0.000000 3.900000 0.0 1.0 0.0 91 120 73 0.880 3 61
-0.300000 0.000000 4.000000 0.0 1.0 0.0 91 120 73 0.880 3 61
-0.200000 0.000000 -2.000000 0.0 1.0 0.0 91 120 73 0.880 3 61
-0.200000 0.000000 -1.900000 0.0 1.0 0.0 91 120 73 0.880 3 61
-0.200000 0.000000 -1.800000 0.0 1.0 0.0 91 120 73 0.880 3 61
-0.200000 0.000000 -1.700000 0.0 1.0 0.0 91 120 73 0.880 3 61
-0.200000 0.000000 -1.600000 0.0 1.0 0.0 91 120 73 0.880 3 61
-0.200000 0.000000 -1.500000 0.0 1.0 0.0 91 120 73 0.880 3 61
-0.200000 0.000000 -1.400000 0.0 1.0 0.0 91 120 73 0.880 3 61
-0.200000 0.000000 -1.300000 0.0 1.0 0.0 91 120 73 0.880 3 61
-0.200000 0.000000 -1.200000 0.0 1.0 0.0 91 120 73 0.880 3 61
-0.200000 0.000000 -1.100000 0.0 1.0 0.0 91 120 73 0.880 3 61
-0.200000 0.000000 -1.000000 0.0 1.0 0.0 91 120 73 0.880 3 61
-0.200000 0.000000 -0.900000 0.0 1.0 0.0 91 120 73 0.880 3 61
-0.200000 0.000000 -0.800000 0.0 1.0 0.0 91 120 73 0.880 3 61
-0.200000 0.000000 -0.700000 0.0 1.0 0.0 91 120 73 0.880 3 61
-0.200000 0.000000 -0.600000 0.0 1.0 0.0 91 120 73 0.880 3 61
-0.200000 0.000000 -0.500000 0.0 1.0 0.0 91 120 73 0.880 3 61
-0.200000 0.000000 -0.400000 0.0 1.0 0.0 91 120 73 0.880 3 61
-0.200000 0.000000 -0.300000 0.0 1.0 0.0 91 120 73 0.880 3 61
-0.200000 0.000000 -0.200000 0.0 1.0 0.0 91 120 73 0.880 3 61
-0.200000 0.000000 -0.100000 0.0 1.0 0.0 91 120 73 0.880 3 61
-0.200000 0.000000 0.000000 0.0 1.0 0.0 91 120 73 0.880 3 61
-0.200000 0.000000 0.100000 0.0 1.0 0.0 91 120 73 0.880 3 61
-0.200000 0.000000 0.200000 0.0 1.0 0.0 91 120 73 0.880 3 61
-0.200000 0.000000 0.300000 0.0 1.0 0.0 91 120 73 0.880 3 61
-0.200000 0.000000 0.400000 0.0 1.0 0.0 91 120 73 0.880 3 61
-0.200000 0.000000 0.500000 0.0 1.0 0.0 91 120 73 0.880 3 61
-0.200000 0.000000 0.600000 0.0 1.0 0.0 91 120 73 0.880 3 61
-0.200000 0.000000 0.700000 0.0 1.0 0.0 91 120 73 0.880 3 61
-0.200000 0.000000 0.800000 0.0 1.0 0.0 91 120 73 0.880 3 61
-0.200000 0.000000 0.900000 0.0 1.0 0.0 91 120 73 0.880 3 61
-0.200000 0.000000 1.000000 0.0 1.0 0.0 91 120 73 0.880 3 61
-0.200000 0.000000 1.100000 0.0 1.0 0.0 91 120 73 0.880 3 61
-0.200000 0.000000 1.200000 0.0 1.0 0.0 91 120 73 0.880 3 61
-0.200000 0.000000 1.300000 0.0 1.0 0.0 91 120 73 0.880 3 61
-0.200000 0.000000 1.400000 0.0 1.0 0.0 91 120 73 0.880 3 61
-0.200000 0.000000 1.500000 0.0 1.0 0.0 91 120 73 0.880 3 61
-0.200000 0.000000 1.600000 0.0 1.0 0.0 91 120 73 0.880 3 61
-0.200000 0.000000 1.700000 0.0 1.0 0.0 91 120 73 0.880 3 61
-0.200000 0.000000 1.800000 0.0 1.0 0.0 91 120 73 0.880 3 61
-0.200000 0.000000 1.900000 0.0 1.0 0.0 91 120 73 0.880 3 61
-0.200000 0.000000 2.000000 0.0 1.0 0.0 91 120 73 0.880 3 61
-0.200000 0.000000 2.100000 0.0 1.0 0.0 91 120 73 0.880 3 61
-0.200000 0.000000 2.200000 0.0 1.0 0.0 91 120 73 0.880 3 61
-0.200000 0.000000 2.300000 0.0 1.0 0.0 91 120 73 0.880 3 61
-0.200000 0.000000 2.400000 0.0 1.0 0.0 91 120 73 0.880 3 61
-0.200000 0.000000 2.500000 0.0 1.0 0.0 91 120 73 0.880 3 61
-0.200000 0.000000 2.600000 0.0 1.0 0.0 91 120 73 0.880 3 61
-0.200000 0.000000 2.700000 0.0 1.0 0.0 91 120 73 0.880 3 61
-0.200000 0.000000 2.800000 0.0 1.0 0.0 91 120 73 0.880 3 61
-0.200000 0.000000 2.900000 0.0 1.0 0.0 91 120 73 0.880 3 61
-0.200000 0.000000 3.000000 0.0 1.0 0.0 91 120 73 0.880 3 61
-0.200000 0.000000 3.100000 0.0 1.0 0.0 91 120 73 0.880 3 61
-0.200000 0.000000 3.200000 0.0 1.0 0.0 91 120 73 0.880 3 61
-0.200000 0.000000 3.300000 0.0 1.0 0.0 91 120 73 0.880 3 61
-0.200000 0.000000 3.400000 0.0 1.0 0.0 91 120 73 0.880 3 61
-0.200000 0.000000 3.500000 0.0 1.0 0.0 91 120 73 0.880 3 61
-0.200000 0.000000 3.600000 0.0 1.0 0.0 91 120 73 0.880 3 61
-0.200000 0.000000 3.700000 0.0 1.0 0.0 91 120 73 0.880 3 61
-0.200000 0.000000 3.800000 0.0 1.0 0.0 91 120 73 0.880 3 61
-0.200000 0.000000 3.900000 0.0 1.0 0.0 91 120 73 0.880 3 61
-0.200000 0.000000 4.000000 0.0 1.0 0.0 91 120 73 0.880 3 61
-0.100000 0.000000 -2.000000 0.0 1.0 0.0 91 120 73 0.880 3 61
-0.100000 0.000000 -1.900000 0.0 1.0 0.0 91 120 73 0.880 3 61
-0.100000 0.000000 -1.800000 0.0 1.0 0.0 91 120 73 0.880 3 61
-0.100000 0.000000 -1.700000 0.0 1.0 0.0 91 120 73 0.880 3 61
-0.100000 0.000000 -1.600000 0.0 1.0 0.0 91 120 73 0.880 3 61
-0.100000 0.000000 -1.500000 0.0 1.0 0.0 91 120 73 0.880 3 61
-0.100000 0.000000 -1.400000 0.0 1.0 0.0 91 120 73 0.880 3 61
-0.100000 0.000000 -1.300000 0.0 1.0 0.0 91 120 73 0.880 3 61
-0.100000 0.000000 -1.200000 0.0 1.0 0.0 91 120 73 0.880 3 61
-0.100000 0.000000 -1.100000 0.0 1.0 0.0 91 120 73 0.880 3 61
-0.100000 0.000000 -1.000000 0.0 1.0 0.0 91 120 73 0.880 3 61
-0.100000 0.000000 -0.900000 0.0 1.0 0.0 91 120 73 0.880 3 61
-0.100000 0.000000 -0.800000 0.0 1.0 0.0 91 120 73 0.880 3 61
-0.100000 0.000000 -0.700000 0.0 1.0 0.0 91 120 73 0.880 3 61
-0.100000 0.000000 -0.600000 0.0 1.0 0.0 91 120 73 0.880 3 61
-0.100000 0.000000 -0.500000 0.0 1.0 0.0 91 120 73 0.880 3 61
-0.100000 0.000000 -0.400000 0.0 1.0 0.0 91 120 73 0.880 3 61
-0.100000 0.000000 -0.300000 0.0 1.0 0.0 91 120 73 0.880 3 61
-0.100000 0.000000 -0.200000 0.0 1.0 0.0 91 120 73 0.880 3 61
-0.100000 0.000000 -0.100000 0.0 1.0 0.0 91 120 73 0.880 3 61
-0.100000 0.000000 0.000000 0.0 1.0 0.0 91 120 73 0.880 3 61
-0.100000 0.000000 0.100000 0.0 1.0 0.0 91 120 73 0.880 3 61
-0.100000 0.000000 0.200000 0.0 1.0 0.0 91 120 73 0.880 3 61
-0.100000 0.000000 0.300000 0.0 1.0 0.0 91 120 73 0.880 3 61
-0.100000 0.000000 0.400000 0.0 1.0 0.0 91 120 73 0.880 3 61
-0.100000 0.000000 0.500000 0.0 1.0 0.0 91 120 73 0.880 3 61
-0.100000 0.000000 0.600000 0.0 1.0 0.0 91 120 73 0.880 3 61
-0.100000 0.000000 0.700000 0.0 1.0 0.0 91 120 73 0.880 3 61
-0.100000 0.000000 0.800000 0.0 1.0 0.0 91 120 73 0.880 3 61
-0.100000 0.000000 0.900000 0.0 1.0 0.0 91 120 73 0.880 3 61
-0.100000 0.000000 1.000000 0.0 1.0 0.0 91 120 73 0.880 3 61
-0.100000 0.000000 1.100000 0.0 1.0 0.0 91 120 73 0.880 3 61
-0.100000 0.000000 1.200000 0.0 1.0 0.0 91 120 73 0.880 3 61
-0.100000 0.000000 1.300000 0.0 1.0 0.0 91 120 73 0.880 3 61
-0.100000 0.000000 1.400000 0.0 1.0 0.0 91 120 73 0.880 3 61
-0.100000 0.000000 1.500000 0.0 1.0 0.0 91 120 73 0.880 3 61
-0.100000 0.000000 1.600000 0.0 1.0 0.0 91 120 73 0.880 3 61
-0.100000 0.000000 1.700000 0.0 1.0 0.0 91 120 73 0.880 3 61
-0.100000 0.000000 1.800000 0.0 1.0 0.0 91 120 73 0.880 3 61
-0.100000 0.000000 1.900000 0.0 1.0 0.0 91 120 73 0.880 3 61
-0.100000 0.000000 2.000000 0.0 1.0 0.0 91 120 73 0.880 3 61
-0.100000 0.000000 2.100000 0.0 1.0 0.0 91 120 73 0.880 3 61
-0.100000 0.000000 2.200000 0.0 1.0 0.0 91 120 73 0.880 3 61
-0.100000 0.000000 2.300000 0.0 1.0 0.0 91 120 73 0.880 3 61
-0.100000 0.000000 2.400000 0.0 1.0 0.0 91 120 73 0.880 3 61
-0.100000 0.000000 2.500000 0.0 1.0 0.0 91 120 73 0.880 3 61
-0.100000 0.000000 2.600000 0.0 1.0 0.0 91 120 73 0.880 3 61
-0.100000 0.000000 2.700000 0.0 1.0 0.0 91 120 73 0.880 3 61
-0.100000 0.000000 2.800000 0.0 1.0 0.0 91 120 73 0.880 3 61
-0.100000 0.000000 2.900000 0.0 1.0 0.0 91 120 73 0.880 3 61
-0.100000 0.000000 3.000000 0.0 1.0 0.0 91 120 73 0.880 3 61
-0.100000 0.000000 3.100000 0.0 1.0 0.0 91 120 73 0.880 3 61
-0.100000 0.000000 3.200000 0.0 1.0 0.0 91 120 73 0.880 3 61
-0.100000 0.000000 3.300000 0.0 1.0 0.0 91 120 73 0.880 3 61
-0.100000 0.000000 3.400000 0.0 1.0 0.0 91 120 73 0.880 3 61
-0.100000 0.000000 3.500000 0.0 1.0 0.0 91 120 73 0.880 3 61
-0.100000 0.000000 3.600000 0.0 1.0 0.0 91 120 73 0.880 3 61
-0.100000 0.000000 3.700000 0.0 1.0 0.0 91 120 73 0.880 3 61
-0.100000 0.000000 3.800000 0.0 1.0 0.0 91 120 73 0.880 3 61
-0.100000 0.000000 3.900000 0.0 1.0 0.0 91 120 73 0.880 3 61
-0.100000 0.000000 4.000000 0.0 1.0 0.0 91 120 73 0.880 3 61
0.000000 0.000000 -2.000000 0.0 1.0 0.0 91 120 73 0.880 3 61
0.000000 0.000000 -1.900000 0.0 1.0 0.0 91 120 73 0.880 3 61
0.000000 0.000000 -1.800000 0.0 1.0 0.0 91 120 73 0.880 3 61
0.000000 0.000000 -1.700000 0.0 1.0 0.0 91 120 73 0.880 3 61
0.000000 0.000000 -1.600000 0.0 1.0 0.0 91 120 73 0.880 3 61
0.000000 0.000000 -1.500000 0.0 1.0 0.0 91 120 73 0.880 3 61
0.000000 0.000000 -1.400000 0.0 1.0 0.0 91 120 73 0.880 3 61
0.000000 0.000000 -1.300000 0.0 1.0 0.0 91 120 73 0.880 3 61
0.000000 0.000000 -1.200000 0.0 1.0 0.0 91 120 73 0.880 3 61
0.000000 0.000000 -1.100000 0.0 1.0 0.0 91 120 73 0.880 3 61
0.000000 0.000000 -1.000000 0.0 1.0 0.0 91 120 73 0.880 3 61
0.000000 0.000000 -0.900000 0.0 1.0 0.0 91 120 73 0.880 3 61
0.000000 0.000000 -0.800000 0.0 1.0 0.0 91 120 73 0.880 3 61
0.000000 0.000000 -0.700000 0.0 1.0 0.0 91 120 73 0.880 3 61
0.000000 0.000000 -0.600000 0.0 1.0 0.0 91 120 73 0.880 3 61
0.000000 0.000000 -0.500000 0.0 1.0 0.0 91 120 73 0.880 3 61
0.000000 0.000000 -0.400000 0.0 1.0 0.0 91 120 73 0.880 3 61
0.000000 0.000000 -0.300000 0.0 1.0 0.0 91 120 73 0.880 3 61
0.000000 0.000000 -0.200000 0.0 1.0 0.0 91 120 73 0.880 3 61
0.000000 0.000000 -0.100000 0.0 1.0 0.0 91 120 73 0.880 3 61
0.000000 0.000000 0.000000 0.0 1.0 0.0 91 120 73 0.880 3 61
0.000000 0.000000 0.100000 0.0 1.0 0.0 91 120 73 0.880 3 61
0.000000 0.000000 0.200000 0.0 1.0 0.0 91 120 73 0.880 3 61
0.000000 0.000000 0.300000 0.0 1.0 0.0 91 120 73 0.880 3 61
0.000000 0.000000 0.400000 0.0 1.0 0.0 91 120 73 0.880 3 61
0.000000 0.000000 0.500000 0.0 1.0 0.0 91 120 73 0.880 3 61
0.000000 0.000000 0.600000 0.0 1.0 0.0 91 120 73 0.880 3 61
0.000000 0.000000 0.700000 0.0 1.0 0.0 91 120 73 0.880 3 61
0.000000 0.000000 0.800000 0.0 1.0 0.0 91 120 73 0.880 3 61
0.000000 0.000000 0.900000 0.0 1.0 0.0 91 120 73 0.880 3 61
0.000000 0.000000 1.000000 0.0 1.0 0.0 91 120 73 0.880 3 61
0.000000 0.000000 1.100000 0.0 1.0 0.0 91 120 73 0.880 3 61
0.000000 0.000000 1.200000 0.0 1.0 0.0 91 120 73 0.880 3 61
0.000000 0.000000 1.300000 0.0 1.0 0.0 91 120 73 0.880 3 61
0.000000 0.000000 1.400000 0.0 1.0 0.0 91 120 73 0.880 3 61
0.000000 0.000000 1.500000 0.0 1.0 0.0 91 120 73 0.880 3 61
0.000000 0.000000 1.600000 0.0 1.0 0.0 91 120 73 0.880 3 61
0.000000 0.000000 1.700000 0.0 1.0 0.0 91 120 73 0.880 3 61
0.000000 0.000000 1.800000 0.0 1.0 0.0 91 120 73 0.880 3 61
0.000000 0.000000 1.900000 0.0 1.0 0.0 91 120 73 0.880 3 61
0.000000 0.000000 2.000000 0.0 1.0 0.0 91 120 73 0.880 3 61
0.000000 0.000000 2.100000 0.0 1.0 0.0 91 120 73 0.880 3 61
0.000000 0.000000 2.200000 0.0 1.0 0.0 91 120 73 0.880 3 61
0.000000 0.000000 2.300000 0.0 1.0 0.0 91 120 73 0.880 3 61
0.000000 0.000000 2.400000 0.0 1.0 0.0 91 120 73 0.880 3 61
0.000000 0.000000 2.500000 0.0 1.0 0.0 91 120 73 0.880 3 61
0.000000 0.000000 2.600000 0.0 1.0 0.0 91 120 73 0.880 3 61
0.000000 0.000000 2.700000 0.0 1.0 0.0 91 120 73 0.880 3 61
0.000000 0.000000 2.800000 0.0 1.0 0.0 91 120 73 0.880 3 61
0.000000 0.000000 2.900000 0.0 1.0 0.0 91 120 73 0.880 3 61
0.000000 0.000000 3.000000 0.0 1.0 0.0 91 120 73 0.880 3 61
0.000000 0.000000 3.100000 0.0 1.0 0.0 91 120 73 0.880 3 61
0.000000 0.000000 3.200000 0.0 1.0 0.0 91 120 73 0.880 3 61
0.000000 0.000000 3.300000 0.0 1.0 0.0 91 120 73 0.880 3 61
0.000000 0.000000 3.400000 0.0 1.0 0.0 91 120 73 0.880 3 61
0.000000 0.000000 3.500000 0.0 1.0 0.0 91 120 73 0.880 3 61
0.000000 0.000000 3.600000 0.0 1.0 0.0 91 120 73 0.880 3 61
0.000000 0.000000 3.700000 0.0 1.0 0.0 91 120 73 0.880 3 61
0.000000 0.000000 3.800000 0.0 1.0 0.0 91 120 73 0.880 3 61
0.000000 0.000000 3.900000 0.0 1.0 0.0 91 120 73 0.880 3 61
0.000000 0.000000 4.000000 0.0 1.0 0.0 91 120 73 0.880 3 61
0.100000 0.000000 -2.000000 0.0 1.0 0.0 91 120 73 0.880 3 61
0.100000 0.000000 -1.900000 0.0 1.0 0.0 91 120 73 0.880 3 61
0.100000 0.000000 -1.800000 0.0 1.0 0.0 91 120 73 0.880 3 61
0.100000 0.000000 -1.700000 0.0 1.0 0.0 91 120 73 0.880 3 61
0.100000 0.000000 -1.600000 0.0 1.0 0.0 91 120 73 0.880 3 61
0.100000 0.000000 -1.500000 0.0 1.0 0.0 91 120 73 0.880 3 61
0.100000 0.000000 -1.400000 0.0 1.0 0.0 91 120 73 0.880 3 61
0.100000 0.000000 -1.300000 0.0 1.0 0.0 91 120 73 0.880 3 61
0.100000 0.000000 -1.200000 0.0 1.0 0.0 91 120 73 0.880 3 61
0.100000 0.000000 -1.100000 0.0 1.0 0.0 91 120 73 0.880 3 61
0.100000 0.000000 -1.000000 0.0 1.0 0.0 91 120 73 0.880 3 61
0.100000 0.000000 -0.900000 0.0 1.0 0.0 91 120 73 0.880 3 61
0.100000 0.000000 -0.800000 0.0 1.0 0.0 91 120 73 0.880 3 61
0.100000 0.000000 -0.700000 0.0 1.0 0.0 91 120 73 0.880 3 61
0.100000 0.000000 -0.600000 0.0 1.0 0.0 91 120 73 0.880 3 61
0.100000 0.000000 -0.500000 0.0 1.0 0.0 91 120 73 0.880 3 61
0.100000 0.000000 -0.400000 0.0 1.0 0.0 91 120 73 0.880 3 61
0.100000 0.000000 -0.300000 0.0 1.0 0.0 91 120 73 0.880 3 61
0.100000 0.000000 -0.200000 0.0 1.0 0.0 91 120 73 0.880 3 61
0.100000 0.000000 -0.100000 0.0 1.0 0.0 91 120 73 0.880 3 61
0.100000 0.000000 0.000000 0.0 1.0 0.0 91 120 73 0.880 3 61
0.100000 0.000000 0.100000 0.0 1.0 0.0 91 120 73 0.880 3 61
0.100000 0.000000 0.200000 0.0 1.0 0.0 91 120 73 0.880 3 61
0.100000 0.000000 0.300000 0.0 1.0 0.0 91 120 73 0.880 3 61
0.100000 0.000000 0.400000 0.0 1.0 0.0 91 120 73 0.880 3 61
0.100000 0.000000 0.500000 0.0 1.0 0.0 91 120 73 0.880 3 61
0.100000 0.000000 0.600000 0.0 1.0 0.0 91 120 73 0.880 3 61
0.100000 0.000000 0.700000 0.0 1.0 0.0 91 120 73 0.880 3 61
0.100000 0.000000 0.800000 0.0 1.0 0.0 91 120 73 0.880 3 61
0.100000 0.000000 0.900000 0.0 1.0 0.0 91 120 73 0.880 3 61
0.100000 0.000000 1.000000 0.0 1.0 0.0 91 120 73 0.880 3 61
0.100000 0.000000 1.100000 0.0 1.0 0.0 91 120 73 0.880 3 61
0.100000 0.000000 1.200000 0.0 1.0 0.0 91 120 73 0.880 3 61
0.100000 0.000000 1.300000 0.0 1.0 0.0 91 120 73 0.880 3 61
0.100000 0.000000 1.400000 0.0 1.0 0.0 91 120 73 0.880 3 61
0.100000 0.000000 1.500000 0.0 1.0 0.0 91 120 73 0.880 3 61
0.100000 0.000000 1.600000 0.0 1.0 0.0 91 120 73 0.880 3 61
0.100000 0.000000 1.700000 0.0 1.0 0.0 91 120 73 0.880 3 61
0.100000 0.000000 1.800000 0.0 1.0 0.0 91 120 73 0.880 3 61
0.100000 0.000000 1.900000 0.0 1.0 0.0 91 120 73 0.880 3 61
0.100000 0.000000 2.000000 0.0 1.0 0.0 91 120 73 0.880 3 61
0.100000 0.000000 2.100000 0.0 1.0 0.0 91 120 73 0.880 3 61
0.100000 0.000000 2.200000 0.0 1.0 0.0 91 120 73 0.880 3 61
0.100000 0.000000 2.300000 0.0 1.0 0.0 91 120 73 0.880 3 61
0.100000 0.000000 2.400000 0.0 1.0 0.0 91 120 73 0.880 3 61
0.100000 0.000000 2.500000 0.0 1.0 0.0 91 120 73 0.880 3 61
0.100000 0.000000 2.600000 0.0 1.0 0.0 91 120 73 0.880 3 61
0.100000 0.000000 2.700000 0.0 1.0 0.0 91 120 73 0.880 3 61
0.100000 0.000000 2.800000 0.0 1.0 0.0 91 120 73 0.880 3 61
0.100000 0.000000 2.900000 0.0 1.0 0.0 91 120 73 0.880 3 61
0.100000 0.000000 3.000000 0.0 1.0 0.0 91 120 73 0.880 3 61
0.100000 0.000000 3.100000 0.0 1.0 0.0 91 120 73 0.880 3 61
0.100000 0.000000 3.200000 0.0 1.0 0.0 91 120 73 0.880 3 61
0.100000 0.000000 3.300000 0.0 1.0 0.0 91 120 73 0.880 3 61
0.100000 0.000000 3.400000 0.0 1.0 0.0 91 120 73 0.880 3 61
0.100000 0.000000 3.500000 0.0 1.0 0.0 91 120 73 0.880 3 61
0.100000 0.000000 3.600000 0.0 1.0 0.0 91 120 73 0.880 3 61
0.100000 0.000000 3.700000 0.0 1.0 0.0 91 120 73 0.880 3 61
0.100000 0.000000 3.800000 0.0 1.0 0.0 91 120 73 0.880 3 61
0.100000 0.000000 3.900000 0.0 1.0 0.0 91 120 73 0.880 3 61
0.100000 0.000000 4.000000 0.0 1.0 0.0 91 120 73 0.880 3 61
0.200000 0.000000 -2.000000 0.0 1.0 0.0 91 120 73 0.880 3 61
0.200000 0.000000 -1.900000 0.0 1.0 0.0 91 120 73 0.880 3 61
0.200000 0.000000 -1.800000 0.0 1.0 0.0 91 120 73 0.880 3 61
0.200000 0.000000 -1.700000 0.0 1.0 0.0 91 120 73 0.880 3 61
0.200000 0.000000 -1.600000 0.0 1.0 0.0 91 120 73 0.880 3 61
0.200000 0.000000 -1.500000 0.0 1.0 0.0 91 120 73 0.880 3 61
0.200000 0.000000 -1.400000 0.0 1.0 0.0 91 120 73 0.880 3 61
0.200000 0.000000 -1.300000 0.0 1.0 0.0 91 120 73 0.880 3 61
0.200000 0.000000 -1.200000 0.0 1.0 0.0 91 120 73 0.880 3 61
0.200000 0.000000 -1.100000 0.0 1.0 0.0 91 120 73 0.880 3 61
0.200000 0.000000 -1.000000 0.0 1.0 0.0 91 120 73 0.880 3 61
0.200000 0.000000 -0.900000 0.0 1.0 0.0 91 120 73 0.880 3 61
0.200000 0.000000 -0.800000 0.0 1.0 0.0 91 120 73 0.880 3 61
0.200000 0.000000 -0.700000 0.0 1.0 0.0 91 120 73 0.880 3 61
0.200000 0.000000 -0.600000 0.0 1.0 0.0 91 120 73 0.880 3 61
0.200000 0.000000 -0.500000 0.0 1.0 0.0 91 120 73 0.880 3 61
0.200000 0.000000 -0.400000 0.0 1.0 0.0 91 120 73 0.880 3 61
0.200000 0.000000 -0.300000 0.0 1.0 0.0 91 120 73 0.880 3 61
0.200000 0.000000 -0.200000 0.0 1.0 0.0 91 120 73 0.880 3 61
0.200000 0.000000 -0.100000 0.0 1.0 0.0 91 120 73 0.880 3 61
0.200000 0.000000 0.000000 0.0 1.0 0.0 91 120 73 0.880 3 61
0.200000 0.000000 0.100000 0.0 1.0 0.0 91 120 73 0.880 3 61
0.200000 0.000000 0.200000 0.0 1.0 0.0 91 120 73 0.880 3 61
0.200000 0.000000 0.300000 0.0 1.0 0.0 91 120 73 0.880 3 61
0.200000 0.000000 0.400000 0.0 1.0 0.0 91 120 73 0.880 3 61
0.200000 0.000000 0.500000 0.0 1.0 0.0 91 120 73 0.880 3 61
0.200000 0.000000 0.600000 0.0 1.0 0.0 91 120 73 0.880 3 61
0.200000 0.000000 0.700000 0.0 1.0 0.0 91 120 73 0.880 3 61
0.200000 0.000000 0.800000 0.0 1.0 0.0 91 120 73 0.880 3 61
0.200000 0.000000 0.900000 0.0 1.0 0.0 91 120 73 0.880 3 61
0.200000 0.000000 1.000000 0.0 1.0 0.0 91 120 73 0.880 3 61
0.200000 0.000000 1.100000 0.0 1.0 0.0 91 120 73 0.880 3 61
0.200000 0.000000 1.200000 0.0 1.0 0.0 91 120 73 0.880 3 61
0.200000 0.000000 1.300000 0.0 1.0 0.0 91 120 73 0.880 3 61
0.200000 0.000000 1.400000 0.0 1.0 0.0 91 120 73 0.880 3 61
0.200000 0.000000 1.500000 0.0 1.0 0.0 91 120 73 0.880 3 61
0.200000 0.000000 1.600000 0.0 1.0 0.0 91 120 73 0.880 3 61
0.200000 0.000000 1.700000 0.0 1.0 0.0 91 120 73 0.880 3 61
0.200000 0.000000 1.800000 0.0 1.0 0.0 91 120 73 0.880 3 61
0.200000 0.000000 1.900000 0.0 1.0 0.0 91 120 73 0.880 3 61
0.200000 0.000000 2.000000 0.0 1.0 0.0 91 120 73 0.880 3 61
0.200000 0.000000 2.100000 0.0 1.0 0.0 91 120 73 0.880 3 61
0.200000 0.000000 2.200000 0.0 1.0 0.0 91 120 73 0.880 3 61
0.200000 0.000000 2.300000 0.0 1.0 0.0 91 120 73 0.880 3 61
0.200000 0.000000 2.400000 0.0 1.0 0.0 91 120 73 0.880 3 61
0.200000 0.000000 2.500000 0.0 1.0 0.0 91 120 73 0.880 3 61
0.200000 0.000000 2.600000 0.0 1.0 0.0 91 120 73 0.880 3 61
0.200000 0.000000 2.700000 0.0 1.0 0.0 91 120 73 0.880 3 61
0.200000 0.000000 2.800000 0.0 1.0 0.0 91 120 73 0.880 3 61
0.200000 0.000000 2.900000 0.0 1.0 0.0 91 120 73 0.880 3 61
0.200000 0.000000 3.000000 0.0 1.0 0.0 91 120 73 0.880 3 61
0.200000 0.000000 3.100000 0.0 1.0 0.0 91 120 73 0.880 3 61
0.200000 0.000000 3.200000 0.0 1.0 0.0 91 120 73 0.880 3 61
0.200000 0.000000 3.300000 0.0 1.0 0.0 91 120 73 0.880 3 61
0.200000 0.000000 3.400000 0.0 1.0 0.0 91 120 73 0.880 3 61
0.200000 0.000000 3.500000 0.0 1.0 0.0 91 120 73 0.880 3 61
0.200000 0.000000 3.600000 0.0 1.0 0.0 91 120 73 0.880 3 61
0.200000 0.000000 3.700000 0.0 1.0 0.0 91 120 73 0.880 3 61
0.200000 0.000000 3.800000 0.0 1.0 0.0 91 120 73 0.880 3 61
0.200000 0.000000 3.900000 0.0 1.0 0.0 91 120 73 0.880 3 61
0.200000 0.000000 4.000000 0.0 1.0 0.0 91 120 73 0.880 3 61
0.300000 0.000000 -2.000000 0.0 1.0 0.0 91 120 73 0.880 3 61
0.300000 0.000000 -1.900000 0.0 1.0 0.0 91 120 73 0.880 3 61
0.300000 0.000000 -1.800000 0.0 1.0 0.0 91 120 73 0.880 3 61
0.300000 0.000000 -1.700000 0.0 1.0 0.0 91 120 73 0.880 3 61
0.300000 0.000000 -1.600000 0.0 1.0 0.0 91 120 73 0.880 3 61
0.300000 0.000000 -1.500000 0.0 1.0 0.0 91 120 73 0.880 3 61
0.300000 0.000000 -1.400000 0.0 1.0 0.0 91 120 73 0.880 3 61
0.300000 0.000000 -1.300000 0.0 1.0 0.0 91 120 73 0.880 3 61
0.300000 0.000000 -1.200000 0.0 1.0 0.0 91 120 73 0.880 3 61
0.300000 0.000000 -1.100000 0.0 1.0 0.0 91 120 73 0.880 3 61
0.300000 0.000000 -1.000000 0.0 1.0 0.0 91 120 73 0.880 3 61
0.300000 0.000000 -0.900000 0.0 1.0 0.0 91 120 73 0.880 3 61
0.300000 0.000000 -0.800000 0.0 1.0 0.0 91 120 73 0.880 3 61
0.300000 0.000000 -0.700000 0.0 1.0 0.0 91 120 73 0.880 3 61
0.300000 0.000000 -0.600000 0.0 1.0 0.0 91 120 73 0.880 3 61
0.300000 0.000000 -0.500000 0.0 1.0 0.0 91 120 73 0.880 3 61
0.300000 0.000000 -0.400000 0.0 1.0 0.0 91 120 73 0.880 3 61
0.300000 0.000000 -0.300000 0.0 1.0 0.0 91 120 73 0.880 3 61
0.300000 0.000000 -0.200000 0.0 1.0 0.0 91 120 73 0.880 3 61
0.300000 0.000000 -0.100000 0.0 1.0 0.0 91 120 73 0.880 3 61
0.300000 0.000000 0.000000 0.0 1.0 0.0 91 120 73 0.880 3 61
0.300000 0.000000 0.100000 0.0 1.0 0.0 91 120 73 0.880 3 61
0.300000 0.000000 0.200000 0.0 1.0 0.0 91 120 73 0.880 3 61
0.300000 0.000000 0.300000 0.0 1.0 0.0 91 120 73 0.880 3 61
0.300000 0.000000 0.400000 0.0 1.0 0.0 91 120 73 0.880 3 61
0.300000 0.000000 0.500000 0.0 1.0 0.0 91 120 73 0.880 3 61
0.300000 0.000000 0.600000 0.0 1.0 0.0 91 120 73 0.880 3 61
0.300000 0.000000 0.700000 0.0 1.0 0.0 91 120 73 0.880 3 61
0.300000 0.000000 0.800000 0.0 1.0 0.0 91 120 73 0.880 3 61
0.300000 0.000000 0.900000 0.0 1.0 0.0 91 120 73 0.880 3 61
0.300000 0.000000 1.000000 0.0 1.0 0.0 91 120 73 0.880 3 61
0.300000 0.000000 1.100000 0.0 1.0 0.0 91 120 73 0.880 3 61
0.300000 0.000000 1.200000 0.0 1.0 0.0 91 120 73 0.880 3 61
0.300000 0.000000 1.300000 0.0 1.0 0.0 91 120 73 0.880 3 61
0.300000 0.000000 1.400000 0.0 1.0 0.0 91 120 73 0.880 3 61
0.300000 0.000000 1.500000 0.0 1.0 0.0 91 120 73 0.880 3 61
0.300000 0.000000 1.600000 0.0 1.0 0.0 91 120 73 0.880 3 61
0.300000 0.000000 1.700000 0.0 1.0 0.0 91 120 73 0.880 3 61
0.300000 0.000000 1.800000 0.0 1.0 0.0 91 120 73 0.880 3 61
0.300000 0.000000 1.900000 0.0 1.0 0.0 91 120 73 0.880 3 61
0.300000 0.000000 2.000000 0.0 1.0 0.0 91 120 73 0.880 3 61
0.300000 0.000000 2.100000 0.0 1.0 0.0 91 120 73 0.880 3 61
0.300000 0.000000 2.200000 0.0 1.0 0.0 91 120 73 0.880 3 61
0.300000 0.000000 2.300000 0.0 1.0 0.0 91 120 73 0.880 3 61
0.300000 0.000000 2.400000 0.0 1.0 0.0 91 120 73 0.880 3 61
0.300000 0.000000 2.500000 0.0 1.0 0.0 91 120 73 0.880 3 61
0.300000 0.000000 2.600000 0.0 1.0 0.0 91 120 73 0.880 3 61
0.300000 0.000000 2.700000 0.0 1.0 0.0 91 120 73 0.880 3 61
0.300000 0.000000 2.800000 0.0 1.0 0.0 91 120 73 0.880 3 61
0.300000 0.000000 2.900000 0.0 1.0 0.0 91 120 73 0.880 3 61
0.300000 0.000000 3.000000 0.0 1.0 0.0 91 120 73 0.880 3 61
0.300000 0.000000 3.100000 0.0 1.0 0.0 91 120 73 0.880 3 61
0.300000 0.000000 3.200000 0.0 1.0 0.0 91 120 73 0.880 3 61
0.300000 0.000000 3.300000 0.0 1.0 0.0 91 120 73 0.880 3 61
0.300000 0.000000 3.400000 0.0 1.0 0.0 91 120 73 0.880 3 61
0.300000 0.000000 3.500000 0.0 1.0 0.0 91 120 73 0.880 3 61
0.300000 0.000000 3.600000 0.0 1.0 0.0 91 120 73 0.880 3 61
0.300000 0.000000 3.700000 0.0 1.0 0.0 91 120 73 0.880 3 61
0.300000 0.000000 3.800000 0.0 1.0 0.0 91 120 73 0.880 3 61
0.300000 0.000000 3.900000 0.0 1.0 0.0 91 120 73 0.880 3 61
0.300000 0.000000 4.000000 0.0 1.0 0.0 91 120 73 0.880 3 61
0.400000 0.000000 -2.000000 0.0 1.0 0.0 91 120 73 0.880 3 61
0.400000 0.000000 -1.900000 0.0 1.0 0.0 91 120 73 0.880 3 61
0.400000 0.000000 -1.800000 0.0 1.0 0.0 91 120 73 0.880 3 61
0.400000 0.000000 -1.700000 0.0 1.0 0.0 91 120 73 0.880 3 61
0.400000 0.000000 -1.600000 0.0 1.0 0.0 91 120 73 0.880 3 61
0.400000 0.000000 -1.500000 0.0 1.0 0.0 91 120 73 0.880 3 61
0.400000 0.000000 -1.400000 0.0 1.0 0.0 91 120 73 0.880 3 61
0.400000 0.000000 -1.300000 0.0 1.0 0.0 91 120 73 0.880 3 61
0.400000 0.000000 -1.200000 0.0 1.0 0.0 91 120 73 0.880 3 61
0.400000 0.000000 -1.100000 0.0 1.0 0.0 91 120 73 0.880 3 61
0.400000 0.000000 -1.000000 0.0 1.0 0.0 91 120 73 0.880 3 61
0.400000 0.000000 -0.900000 0.0 1.0 0.0 91 120 73 0.880 3 61
0.400000 0.000000 -0.800000 0.0 1.0 0.0 91 120 73 0.880 3 61
0.400000 0.000000 -0.700000 0.0 1.0 0.0 91 120 73 0.880 3 61
0.400000 0.000000 -0.600000 0.0 1.0 0.0 91 120 73 0.880 3 61
0.400000 0.000000 -0.500000 0.0 1.0 0.0 91 120 73 0.880 3 61
0.400000 0.000000 -0.400000 0.0 1.0 0.0 91 120 73 0.880 3 61
0.400000 0.000000 -0.300000 0.0 1.0 0.0 91 120 73 0.880 3 61
0.400000 0.000000 -0.200000 0.0 1.0 0.0 91 120 73 0.880 3 61
0.400000 0.000000 -0.100000 0.0 1.0 0.0 91 120 73 0.880 3 61
0.400000 0.000000 0.000000 0.0 1.0 0.0 91 120 73 0.880 3 61
0.400000 0.000000 0.100000 0.0 1.0 0.0 91 120 73 0.880 3 61
0.400000 0.000000 0.200000 0.0 1.0 0.0 91 120 73 0.880 3 61
0.400000 0.000000 0.300000 0.0 1.0 0.0 91 120 73 0.880 3 61
0.400000 0.000000 0.400000 0.0 1.0 0.0 91 120 73 0.880 3 61
0.400000 0.000000 0.500000 0.0 1.0 0.0 91 120 73 0.880 3 61
0.400000 0.000000 0.600000 0.0 1.0 0.0 91 120 73 0.880 3 61
0.400000 0.000000 0.700000 0.0 1.0 0.0 91 120 73 0.880 3 61
0.400000 0.000000 0.800000 0.0 1.0 0.0 91 120 73 0.880 3 61
0.400000 0.000000 0.900000 0.0 1.0 0.0 91 120 73 0.880 3 61
0.400000 0.000000 1.000000 0.0 1.0 0.0 91 120 73 0.880 3 61
0.400000 0.000000 1.100000 0.0 1.0 0.0 91 120 73 0.880 3 61
0.400000 0.000000 1.200000 0.0 1.0 0.0 91 120 73 0.880 3 61
0.400000 0.000000 1.300000 0.0 1.0 0.0 91 120 73 0.880 3 61
0.400000 0.000000 1.400000 0.0 1.0 0.0 91 120 73 0.880 3 61
0.400000 0.000000 1.500000 0.0 1.0 0.0 91 120 73 0.880 3 61
0.400000 0.000000 1.600000 0.0 1.0 0.0 91 120 73 0.880 3 61
0.400000 0.000000 1.700000 0.0 1.0 0.0 91 120 73 0.880 3 61
0.400000 0.000000 1.800000 0.0 1.0 0.0 91 120 73 0.880 3 61
0.400000 0.000000 1.900000 0.0 1.0 0.0 91 120 73 0.880 3 61
0.400000 0.000000 2.000000 0.0 1.0 0.0 91 120 73 0.880 3 61
0.400000 0.000000 2.100000 0.0 1.0 0.0 91 120 73 0.880 3 61
0.400000 0.000000 2.200000 0.0 1.0 0.0 91 120 73 0.880 3 61
0.400000 0.000000 2.300000 0.0 1.0 0.0 91 120 73 0.880 3 61
0.400000 0.000000 2.400000 0.0 1.0 0.0 91 120 73 0.880 3 61
0.400000 0.000000 2.500000 0.0 1.0 0.0 91 120 73 0.880 3 61
0.400000 0.000000 2.600000 0.0 1.0 0.0 91 120 73 0.880 3 61
0.400000 0.000000 2.700000 0.0 1.0 0.0 91 120 73 0.880 3 61
0.400000 0.000000 2.800000 0.0 1.0 0.0 91 120 73 0.880 3 61
0.400000 0.000000 2.900000 0.0 1.0 0.0 91 120 73 0.880 3 61
0.400000 0.000000 3.000000 0.0 1.0 0.0 91 120 73 0.880 3 61
0.400000 0.000000 3.100000 0.0 1.0 0.0 91 120 73 0.880 3 61
0.400000 0.000000 3.200000 0.0 1.0 0.0 91 120 73 0.880 3 61
0.400000 0.000000 3.300000 0.0 1.0 0.0 91 120 73 0.880 3 61
0.400000 0.000000 3.400000 0.0 1.0 0.0 91 120 73 0.880 3 61
0.400000 0.000000 3.500000 0.0 1.0 0.0 91 120 73 0.880 3 61
0.400000 0.000000 3.600000 0.0 1.0 0.0 91 120 73 0.880 3 61
0.400000 0.000000 3.700000 0.0 1.0 0.0 91 120 73 0.880 3 61
0.400000 0.000000 3.800000 0.0 1.0 0.0 91 120 73 0.880 3 61
0.400000 0.000000 3.900000 0.0 1.0 0.0 91 120 73 0.880 3 61
0.400000 0.000000 4.000000 0.0 1.0 0.0 91 120 73 0.880 3 61
0.500000 0.000000 -2.000000 0.0 1.0 0.0 91 120 73 0.880 3 61
0.500000 0.000000 -1.900000 0.0 1.0 0.0 91 120 73 0.880 3 61
0.500000 0.000000 -1.800000 0.0 1.0 0.0 91 120 73 0.880 3 61
0.500000 0.000000 -1.700000 0.0 1.0 0.0 91 120 73 0.880 3 61
0.500000 0.000000 -1.600000 0.0 1.0 0.0 91 120 73 0.880 3 61
0.500000 0.000000 -1.500000 0.0 1.0 0.0 91 120 73 0.880 3 61
0.500000 0.000000 -1.400000 0.0 1.0 0.0 91 120 73 0.880 3 61
0.500000 0.000000 -1.300000 0.0 1.0 0.0 91 120 73 0.880 3 61
0.500000 0.000000 -1.200000 0.0 1.0 0.0 91 120 73 0.880 3 61
0.500000 0.000000 -1.100000 0.0 1.0 0.0 91 120 73 0.880 3 61
0.500000 0.000000 -1.000000 0.0 1.0 0.0 91 120 73 0.880 3 61
0.500000 0.000000 -0.900000 0.0 1.0 0.0 91 120 73 0.880 3 61
0.500000 0.000000 -0.800000 0.0 1.0 0.0 91 120 73 0.880 3 61
0.500000 0.000000 -0.700000 0.0 1.0 0.0 91 120 73 0.880 3 61
0.500000 0.000000 -0.600000 0.0 1.0 0.0 91 120 73 0.880 3 61
0.500000 0.000000 -0.500000 0.0 1.0 0.0 91 120 73 0.880 3 61
0.500000 0.000000 -0.400000 0.0 1.0 0.0 91 120 73 0.880 3 61
0.500000 0.000000 -0.300000 0.0 1.0 0.0 91 120 73 0.880 3 61
0.500000 0.000000 -0.200000 0.0 1.0 0.0 91 120 73 0.880 3 61
0.500000 0.000000 -0.100000 0.0 1.0 0.0 91 120 73 0.880 3 61
0.500000 0.000000 0.000000 0.0 1.0 0.0 91 120 73 0.880 3 61
0.500000 0.000000 0.100000 0.0 1.0 0.0 91 120 73 0.880 3 61
0.500000 0.000000 0.200000 0.0 1.0 0.0 91 120 73 0.880 3 61
0.500000 0.000000 0.300000 0.0 1.0 0.0 91 120 73 0.880 3 61
0.500000 0.000000 0.400000 0.0 1.0 0.0 91 120 73 0.880 3 61
0.500000 0.000000 0.500000 0.0 1.0 0.0 91 120 73 0.880 3 61
0.500000 0.000000 0.600000 0.0 1.0 0.0 91 120 73 0.880 3 61
0.500000 0.000000 0.700000 0.0 1.0 0.0 91 120 73 0.880 3 61
0.500000 0.000000 0.800000 0.0 1.0 0.0 91 120 73 0.880 3 61
0.500000 0.000000 0.900000 0.0 1.0 0.0 91 120 73 0.880 3 61
0.500000 0.000000 1.000000 0.0 1.0 0.0 91 120 73 0.880 3 61
0.500000 0.000000 1.100000 0.0 1.0 0.0 91 120 73 0.880 3 61
0.500000 0.000000 1.200000 0.0 1.0 0.0 91 120 73 0.880 3 61
0.500000 0.000000 1.300000 0.0 1.0 0.0 91 120 73 0.880 3 61
0.500000 0.000000 1.400000 0.0 1.0 0.0 91 120 73 0.880 3 61
0.500000 0.000000 1.500000 0.0 1.0 0.0 91 120 73 0.880 3 61
0.500000 0.000000 1.600000 0.0 1.0 0.0 91 120 73 0.880 3 61
0.500000 0.000000 1.700000 0.0 1.0 0.0 91 120 73 0.880 3 61
0.500000 0.000000 1.800000 0.0 1.0 0.0 91 120 73 0.880 3 61
0.500000 0.000000 1.900000 0.0 1.0 0.0 91 120 73 0.880 3 61
0.500000 0.000000 2.000000 0.0 1.0 0.0 91 120 73 0.880 3 61
0.500000 0.000000 2.100000 0.0 1.0 0.0 91 120 73 0.880 3 61
0.500000 0.000000 2.200000 0.0 1.0 0.0 91 120 73 0.880 3 61
0.500000 0.000000 2.300000 0.0 1.0 0.0 91 120 73 0.880 3 61
0.500000 0.000000 2.400000 0.0 1.0 0.0 91 120 73 0.880 3 61
0.500000 0.000000 2.500000 0.0 1.0 0.0 91 120 73 0.880 3 61
0.500000 0.000000 2.600000 0.0 1.0 0.0 91 120 73 0.880 3 61
0.500000 0.000000 2.700000 0.0 1.0 0.0 91 120 73 0.880 3 61
0.500000 0.000000 2.800000 0.0 1.0 0.0 91 120 73 0.880 3 61
0.500000 0.000000 2.900000 0.0 1.0 0.0 91 120 73 0.880 3 61
0.500000 0.000000 3.000000 0.0 1.0 0.0 91 120 73 0.880 3 61
0.500000 0.000000 3.100000 0.0 1.0 0.0 91 120 73 0.880 3 61
0.500000 0.000000 3.200000 0.0 1.0 0.0 91 120 73 0.880 3 61
0.500000 0.000000 3.300000 0.0 1.0 0.0 91 120 73 0.880 3 61
0.500000 0.000000 3.400000 0.0 1.0 0.0 91 120 73 0.880 3 61
0.500000 0.000000 3.500000 0.0 1.0 0.0 91 120 73 0.880 3 61
0.500000 0.000000 3.600000 0.0 1.0 0.0 91 120 73 0.880 3 61
0.500000 0.000000 3.700000 0.0 1.0 0.0 91 120 73 0.880 3 61
0.500000 0.000000 3.800000 0.0 1.0 0.0 91 120 73 0.880 3 61
0.500000 0.000000 3.900000 0.0 1.0 0.0 91 120 73 0.880 3 61
0.500000 0.000000 4.000000 0.0 1.0 0.0 91 120 73 0.880 3 61
0.600000 0.000000 -2.000000 0.0 1.0 0.0 91 120 73 0.880 3 61
0.600000 0.000000 -1.900000 0.0 1.0 0.0 91 120 73 0.880 3 61
0.600000 0.000000 -1.800000 0.0 1.0 0.0 91 120 73 0.880 3 61
0.600000 0.000000 -1.700000 0.0 1.0 0.0 91 120 73 0.880 3 61
0.600000 0.000000 -1.600000 0.0 1.0 0.0 91 120 73 0.880 3 61
0.600000 0.000000 -1.500000 0.0 1.0 0.0 91 120 73 0.880 3 61
0.600000 0.000000 -1.400000 0.0 1.0 0.0 91 120 73 0.880 3 61
0.600000 0.000000 -1.300000 0.0 1.0 0.0 91 120 73 0.880 3 61
0.600000 0.000000 -1.200000 0.0 1.0 0.0 91 120 73 0.880 3 61
0.600000 0.000000 -1.100000 0.0 1.0 0.0 91 120 73 0.880 3 61
0.600000 0.000000 -1.000000 0.0 1.0 0.0 91 120 73 0.880 3 61
0.600000 0.000000 -0.900000 0.0 1.0 0.0 91 120 73 0.880 3 61
0.600000 0.000000 -0.800000 0.0 1.0 0.0 91 120 73 0.880 3 61
0.600000 0.000000 -0.700000 0.0 1.0 0.0 91 120 73 0.880 3 61
0.600000 0.000000 -0.600000 0.0 1.0 0.0 91 120 73 0.880 3 61
0.600000 0.000000 -0.500000 0.0 1.0 0.0 91 120 73 0.880 3 61
0.600000 0.000000 -0.400000 0.0 1.0 0.0 91 120 73 0.880 3 61
0.600000 0.000000 -0.300000 0.0 1.0 0.0 91 120 73 0.880 3 61
0.600000 0.000000 -0.200000 0.0 1.0 0.0 91 120 73 0.880 3 61
0.600000 0.000000 -0.100000 0.0 1.0 0.0 91 120 73 0.880 3 61
0.600000 0.000000 0.000000 0.0 1.0 0.0 91 120 73 0.880 3 61
0.600000 0.000000 0.100000 0.0 1.0 0.0 91 120 73 0.880 3 61
0.600000 0.000000 0.200000 0.0 1.0 0.0 91 120 73 0.880 3 61
0.600000 0.000000 0.300000 0.0 1.0 0.0 91 120 73 0.880 3 61
0.600000 0.000000 0.400000 0.0 1.0 0.0 91 120 73 0.880 3 61
0.600000 0.000000 0.500000 0.0 1.0 0.0 91 120 73 0.880 3 61
0.600000 0.000000 0.600000 0.0 1.0 0.0 91 120 73 0.880 3 61
0.600000 0.000000 0.700000 0.0 1.0 0.0 91 120 73 0.880 3 61
0.600000 0.000000 0.800000 0.0 1.0 0.0 91 120 73 0.880 3 61
0.600000 0.000000 0.900000 0.0 1.0 0.0 91 120 73 0.880 3 61
0.600000 0.000000 1.000000 0.0 1.0 0.0 91 120 73 0.880 3 61
0.600000 0.000000 1.100000 0.0 1.0 0.0 91 120 73 0.880 3 61
0.600000 0.000000 1.200000 0.0 1.0 0.0 91 120 73 0.880 3 61
0.600000 0.000000 1.300000 0.0 1.0 0.0 91 120 73 0.880 3 61
0.600000 0.000000 1.400000 0.0 1.0 0.0 91 120 73 0.880 3 61
0.600000 0.000000 1.500000 0.0 1.0 0.0 91 120 73 0.880 3 61
0.600000 0.000000 1.600000 0.0 1.0 0.0 91 120 73 0.880 3 61
0.600000 0.000000 1.700000 0.0 1.0 0.0 91 120 73 0.880 3 61
0.600000 0.000000 1.800000 0.0 1.0 0.0 91 120 73 0.880 3 61
0.600000 0.000000 1.900000 0.0 1.0 0.0 91 120 73 0.880 3 61
0.600000 0.000000 2.000000 0.0 1.0 0.0 91 120 73 0.880 3 61
0.600000 0.000000 2.100000 0.0 1.0 0.0 91 120 73 0.880 3 61
0.600000 0.000000 2.200000 0.0 1.0 0.0 91 120 73 0.880 3 61
0.600000 0.000000 2.300000 0.0 1.0 0.0 91 120 73 0.880 3 61
0.600000 0.000000 2.400000 0.0 1.0 0.0 91 120 73 0.880 3 61
0.600000 0.000000 2.500000 0.0 1.0 0.0 91 120 73 0.880 3 61
0.600000 0.000000 2.600000 0.0 1.0 0.0 91 120 73 0.880 3 61
0.600000 0.000000 2.700000 0.0 1.0 0.0 91 120 73 0.880 3 61
0.600000 0.000000 2.800000 0.0 1.0 0.0 91 120 73 0.880 3 61
0.600000 0.000000 2.900000 0.0 1.0 0.0 91 120 73 0.880 3 61
0.600000 0.000000 3.000000 0.0 1.0 0.0 91 120 73 0.880 3 61
0.600000 0.000000 3.100000 0.0 1.0 0.0 91 120 73 0.880 3 61
0.600000 0.000000 3.200000 0.0 1.0 0.0 91 120 73 0.880 3 61
0.600000 0.000000 3.300000 0.0 1.0 0.0 91 120 73 0.880 3 61
0.600000 0.000000 3.400000 0.0 1.0 0.0 91 120 73 0.880 3 61
0.600000 0.000000 3.500000 0.0 1.0 0.0 91 120 73 0.880 3 61
0.600000 0.000000 3.600000 0.0 1.0 0.0 91 120 73 0.880 3 61
0.600000 0.000000 3.700000 0.0 1.0 0.0 91 120 73 0.880 3 61
0.600000 0.000000 3.800000 0.0 1.0 0.0 91 120 73 0.880 3 61
0.600000 0.000000 3.900000 0.0 1.0 0.0 91 120 73 0.880 3 61
0.600000 0.000000 4.000000 0.0 1.0 0.0 91 120 73 0.880 3 61
0.700000 0.000000 -2.000000 0.0 1.0 0.0 91 120 73 0.880 3 61
0.700000 0.000000 -1.900000 0.0 1.0 0.0 91 120 73 0.880 3 61
0.700000 0.000000 -1.800000 0.0 1.0 0.0 91 120 73 0.880 3 61
0.700000 0.000000 -1.700000 0.0 1.0 0.0 91 120 73 0.880 3 61
0.700000 0.000000 -1.600000 0.0 1.0 0.0 91 120 73 0.880 3 61
0.700000 0.000000 -1.500000 0.0 1.0 0.0 91 120 73 0.880 3 61
0.700000 0.000000 -1.400000 0.0 1.0 0.0 91 120 73 0.880 3 61
0.700000 0.000000 -1.300000 0.0 1.0 0.0 91 120 73 0.880 3 61
0.700000 0.000000 -1.200000 0.0 1.0 0.0 91 120 73 0.880 3 61
0.700000 0.000000 -1.100000 0.0 1.0 0.0 91 120 73 0.880 3 61
0.700000 0.000000 -1.000000 0.0 1.0 0.0 91 120 73 0.880 3 61
0.700000 0.000000 -0.900000 0.0 1.0 0.0 91 120 73 0.880 3 61
0.700000 0.000000 -0.800000 0.0 1.0 0.0 91 120 73 0.880 3 61
0.700000 0.000000 -0.700000 0.0 1.0 0.0 91 120 73 0.880 3 61
0.700000 0.000000 -0.600000 0.0 1.0 0.0 91 120 73 0.880 3 61
0.700000 0.000000 -0.500000 0.0 1.0 0.0 91 120 73 0.880 3 61
0.700000 0.000000 -0.400000 0.0 1.0 0.0 91 120 73 0.880 3 61
0.700000 0.000000 -0.300000 0.0 1.0 0.0 91 120 73 0.880 3 61
0.700000 0.000000 -0.200000 0.0 1.0 0.0 91 120 73 0.880 3 61
0.700000 0.000000 -0.100000 0.0 1.0 0.0 91 120 73 0.880 3 61
0.700000 0.000000 0.000000 0.0 1.0 0.0 91 120 73 0.880 3 61
0.700000 0.000000 0.100000 0.0 1.0 0.0 91 120 73 0.880 3 61
0.700000 0.000000 0.200000 0.0 1.0 0.0 91 120 73 0.880 3 61
0.700000 0.000000 0.300000 0.0 1.0 0.0 91 120 73 0.880 3 61
0.700000 0.000000 0.400000 0.0 1.0 0.0 91 120 73 0.880 3 61
0.700000 0.000000 0.500000 0.0 1.0 0.0 91 120 73 0.880 3 61
0.700000 0.000000 0.600000 0.0 1.0 0.0 91 120 73 0.880 3 61
0.700000 0.000000 0.700000 0.0 1.0 0.0 91 120 73 0.880 3 61
0.700000 0.000000 0.800000 0.0 1.0 0.0 91 120 73 0.880 3 61
0.700000 0.000000 0.900000 0.0 1.0 0.0 91 120 73 0.880 3 61
0.700000 0.000000 1.000000 0.0 1.0 0.0 91 120 73 0.880 3 61
0.700000 0.000000 1.100000 0.0 1.0 0.0 91 120 73 0.880 3 61
0.700000 0.000000 1.200000 0.0 1.0 0.0 91 120 73 0.880 3 61
0.700000 0.000000 1.300000 0.0 1.0 0.0 91 120 73 0.880 3 61
0.700000 0.000000 1.400000 0.0 1.0 0.0 91 120 73 0.880 3 61
0.700000 0.000000 1.500000 0.0 1.0 0.0 91 120 73 0.880 3 61
0.700000 0.000000 1.600000 0.0 1.0 0.0 91 120 73 0.880 3 61
0.700000 0.000000 1.700000 0.0 1.0 0.0 91 120 73 0.880 3 61
0.700000 0.000000 1.800000 0.0 1.0 0.0 91 120 73 0.880 3 61
0.700000 0.000000 1.900000 0.0 1.0 0.0 91 120 73 0.880 3 61
0.700000 0.000000 2.000000 0.0 1.0 0.0 91 120 73 0.880 3 61
0.700000 0.000000 2.100000 0.0 1.0 0.0 91 120 73 0.880 3 61
0.700000 0.000000 2.200000 0.0 1.0 0.0 91 120 73 0.880 3 61
0.700000 0.000000 2.300000 0.0 1.0 0.0 91 120 73 0.880 3 61
0.700000 0.000000 2.400000 0.0 1.0 0.0 91 120 73 0.880 3 61
0.700000 0.000000 2.500000 0.0 1.0 0.0 91 120 73 0.880 3 61
0.700000 0.000000 2.600000 0.0 1.0 0.0 91 120 73 0.880 3 61
0.700000 0.000000 2.700000 0.0 1.0 0.0 91 120 73 0.880 3 61
0.700000 0.000000 2.800000 0.0 1.0 0.0 91 120 73 0.880 3 61
0.700000 0.000000 2.900000 0.0 1.0 0.0 91 120 73 0.880 3 61
0.700000 0.000000 3.000000 0.0 1.0 0.0 91 120 73 0.880 3 61
0.700000 0.000000 3.100000 0.0 1.0 0.0 91 120 73 0.880 3 61
0.700000 0.000000 3.200000 0.0 1.0 0.0 91 120 73 0.880 3 61
0.700000 0.000000 3.300000 0.0 1.0 0.0 91 120 73 0.880 3 61
0.700000 0.000000 3.400000 0.0 1.0 0.0 91 120 73 0.880 3 61
0.700000 0.000000 3.500000 0.0 1.0 0.0 91 120 73 0.880 3 61
0.700000 0.000000 3.600000 0.0 1.0 0.0 91 120 73 0.880 3 61
0.700000 0.000000 3.700000 0.0 1.0 0.0 91 120 73 0.880 3 61
0.700000 0.000000 3.800000 0.0 1.0 0.0 91 120 73 0.880 3 61
0.700000 0.000000 3.900000 0.0 1.0 0.0 91 120 73 0.880 3 61
0.700000 0.000000 4.000000 0.0 1.0 0.0 91 120 73 0.880 3 61
0.800000 0.000000 -2.000000 0.0 1.0 0.0 91 120 73 0.880 3 61
0.800000 0.000000 -1.900000 0.0 1.0 0.0 91 120 73 0.880 3 61
0.800000 0.000000 -1.800000 0.0 1.0 0.0 91 120 73 0.880 3 61
0.800000 0.000000 -1.700000 0.0 1.0 0.0 91 120 73 0.880 3 61
0.800000 0.000000 -1.600000 0.0 1.0 0.0 91 120 73 0.880 3 61
0.800000 0.000000 -1.500000 0.0 1.0 0.0 91 120 73 0.880 3 61
0.800000 0.000000 -1.400000 0.0 1.0 0.0 91 120 73 0.880 3 61
0.800000 0.000000 -1.300000 0.0 1.0 0.0 91 120 73 0.880 3 61
0.800000 0.000000 -1.200000 0.0 1.0 0.0 91 120 73 0.880 3 61
0.800000 0.000000 -1.100000 0.0 1.0 0.0 91 120 73 0.880 3 61
0.800000 0.000000 -1.000000 0.0 1.0 0.0 91 120 73 0.880 3 61
0.800000 0.000000 -0.900000 0.0 1.0 0.0 91 120 73 0.880 3 61
0.800000 0.000000 -0.800000 0.0 1.0 0.0 91 120 73 0.880 3 61
0.800000 0.000000 -0.700000 0.0 1.0 0.0 91 120 73 0.880 3 61
0.800000 0.000000 -0.600000 0.0 1.0 0.0 91 120 73 0.880 3 61
0.800000 0.000000 -0.500000 0.0 1.0 0.0 91 120 73 0.880 3 61
0.800000 0.000000 -0.400000 0.0 1.0 0.0 91 120 73 0.880 3 61
0.800000 0.000000 -0.300000 0.0 1.0 0.0 91 120 73 0.880 3 61
0.800000 0.000000 -0.200000 0.0 1.0 0.0 91 120 73 0.880 3 61
0.800000 0.000000 -0.100000 0.0 1.0 0.0 91 120 73 0.880 3 61
0.800000 0.000000 0.000000 0.0 1.0 0.0 91 120 73 0.880 3 61
0.800000 0.000000 0.100000 0.0 1.0 0.0 91 120 73 0.880 3 61
0.800000 0.000000 0.200000 0.0 1.0 0.0 91 120 73 0.880 3 61
0.800000 0.000000 0.300000 0.0 1.0 0.0 91 120 73 0.880 3 61
0.800000 0.000000 0.400000 0.0 1.0 0.0 91 120 73 0.880 3 61
0.800000 0.000000 0.500000 0.0 1.0 0.0 91 120 73 0.880 3 61
0.800000 0.000000 0.600000 0.0 1.0 0.0 91 120 73 0.880 3 61
0.800000 0.000000 0.700000 0.0 1.0 0.0 91 120 73 0.880 3 61
0.800000 0.000000 0.800000 0.0 1.0 0.0 91 120 73 0.880 3 61
0.800000 0.000000 0.900000 0.0 1.0 0.0 91 120 73 0.880 3 61
0.800000 0.000000 1.000000 0.0 1.0 0.0 91 120 73 0.880 3 61
0.800000 0.000000 1.100000 0.0 1.0 0.0 91 120 73 0.880 3 61
0.800000 0.000000 1.200000 0.0 1.0 0.0 91 120 73 0.880 3 61
0.800000 0.000000 1.300000 0.0 1.0 0.0 91 120 73 0.880 3 61
0.800000 0.000000 1.400000 0.0 1.0 0.0 91 120 73 0.880 3 61
0.800000 0.000000 1.500000 0.0 1.0 0.0 91 120 73 0.880 3 61
0.800000 0.000000 1.600000 0.0 1.0 0.0 91 120 73 0.880 3 61
0.800000 0.000000 1.700000 0.0 1.0 0.0 91 120 73 0.880 3 61
0.800000 0.000000 1.800000 0.0 1.0 0.0 91 120 73 0.880 3 61
0.800000 0.000000 1.900000 0.0 1.0 0.0 91 120 73 0.880 3 61
0.800000 0.000000 2.000000 0.0 1.0 0.0 91 120 73 0.880 3 61
0.800000 0.000000 2.100000 0.0 1.0 0.0 91 120 73 0.880 3 61
0.800000 0.000000 2.200000 0.0 1.0 0.0 91 120 73 0.880 3 61
0.800000 0.000000 2.300000 0.0 1.0 0.0 91 120 73 0.880 3 61
0.800000 0.000000 2.400000 0.0 1.0 0.0 91 120 73 0.880 3 61
0.800000 0.000000 2.500000 0.0 1.0 0.0 91 120 73 0.880 3 61
0.800000 0.000000 2.600000 0.0 1.0 0.0 91 120 73 0.880 3 61
0.800000 0.000000 2.700000 0.0 1.0 0.0 91 120 73 0.880 3 61
0.800000 0.000000 2.800000 0.0 1.0 0.0 91 120 73 0.880 3 61
0.800000 0.000000 2.900000 0.0 1.0 0.0 91 120 73 0.880 3 61
0.800000 0.000000 3.000000 0.0 1.0 0.0 91 120 73 0.880 3 61
0.800000 0.000000 3.100000 0.0 1.0 0.0 91 120 73 0.880 3 61
0.800000 0.000000 3.200000 0.0 1.0 0.0 91 120 73 0.880 3 61
0.800000 0.000000 3.300000 0.0 1.0 0.0 91 120 73 0.880 3 61
0.800000 0.000000 3.400000 0.0 1.0 0.0 91 120 73 0.880 3 61
0.800000 0.000000 3.500000 0.0 1.0 0.0 91 120 73 0.880 3 61
0.800000 0.000000 3.600000 0.0 1.0 0.0 91 120 73 0.880 3 61
0.800000 0.000000 3.700000 0.0 1.0 0.0 91 120 73 0.880 3 61
0.800000 0.000000 3.800000 0.0 1.0 0.0 91 120 73 0.880 3 61
0.800000 0.000000 3.900000 0.0 1.0 0.0 91 120 73 0.880 3 61
0.800000 0.000000 4.000000 0.0 1.0 0.0 91 120 73 0.880 3 61
0.900000 0.000000 -2.000000 0.0 1.0 0.0 91 120 73 0.880 3 61
0.900000 0.000000 -1.900000 0.0 1.0 0.0 91 120 73 0.880 3 61
0.900000 0.000000 -1.800000 0.0 1.0 0.0 91 120 73 0.880 3 61
0.900000 0.000000 -1.700000 0.0 1.0 0.0 91 120 73 0.880 3 61
0.900000 0.000000 -1.600000 0.0 1.0 0.0 91 120 73 0.880 3 61
0.900000 0.000000 -1.500000 0.0 1.0 0.0 91 120 73 0.880 3 61
0.900000 0.000000 -1.400000 0.0 1.0 0.0 91 120 73 0.880 3 61
0.900000 0.000000 -1.300000 0.0 1.0 0.0 91 120 73 0.880 3 61
0.900000 0.000000 -1.200000 0.0 1.0 0.0 91 120 73 0.880 3 61
0.900000 0.000000 -1.100000 0.0 1.0 0.0 91 120 73 0.880 3 61
0.900000 0.000000 -1.000000 0.0 1.0 0.0 91 120 73 0.880 3 61
0.900000 0.000000 -0.900000 0.0 1.0 0.0 91 120 73 0.880 3 61
0.900000 0.000000 -0.800000 0.0 1.0 0.0 91 120 73 0.880 3 61
0.900000 0.000000 -0.700000 0.0 1.0 0.0 91 120 73 0.880 3 61
0.900000 0.000000 -0.600000 0.0 1.0 0.0 91 120 73 0.880 3 61
0.900000 0.000000 -0.500000 0.0 1.0 0.0 91 120 73 0.880 3 61
0.900000 0.000000 -0.400000 0.0 1.0 0.0 91 120 73 0.880 3 61
0.900000 0.000000 -0.300000 0.0 1.0 0.0 91 120 73 0.880 3 61
0.900000 0.000000 -0.200000 0.0 1.0 0.0 91 120 73 0.880 3 61
0.900000 0.000000 -0.100000 0.0 1.0 0.0 91 120 73 0.880 3 61
0.900000 0.000000 0.000000 0.0 1.0 0.0 91 120 73 0.880 3 61
0.900000 0.000000 0.100000 0.0 1.0 0.0 91 120 73 0.880 3 61
0.900000 0.000000 0.200000 0.0 1.0 0.0 91 120 73 0.880 3 61
0.900000 0.000000 0.300000 0.0 1.0 0.0 91 120 73 0.880 3 61
0.900000 0.000000 0.400000 0.0 1.0 0.0 91 120 73 0.880 3 61
0.900000 0.000000 0.500000 0.0 1.0 0.0 91 120 73 0.880 3 61
0.900000 0.000000 0.600000 0.0 1.0 0.0 91 120 73 0.880 3 61
0.900000 0.000000 0.700000 0.0 1.0 0.0 91 120 73 0.880 3 61
0.900000 0.000000 0.800000 0.0 1.0 0.0 91 120 73 0.880 3 61
0.900000 0.000000 0.900000 0.0 1.0 0.0 91 120 73 0.880 3 61
0.900000 0.000000 1.000000 0.0 1.0 0.0 91 120 73 0.880 3 61
0.900000 0.000000 1.100000 0.0 1.0 0.0 91 120 73 0.880 3 61
0.900000 0.000000 1.200000 0.0 1.0 0.0 91 120 73 0.880 3 61
0.900000 0.000000 1.300000 0.0 1.0 0.0 91 120 73 0.880 3 61
0.900000 0.000000 1.400000 0.0 1.0 0.0 91 120 73 0.880 3 61
0.900000 0.000000 1.500000 0.0 1.0 0.0 91 120 73 0.880 3 61
0.900000 0.000000 1.600000 0.0 1.0 0.0 91 120 73 0.880 3 61
0.900000 0.000000 1.700000 0.0 1.0 0.0 91 120 73 0.880 3 61
0.900000 0.000000 1.800000 0.0 1.0 0.0 91 120 73 0.880 3 61
0.900000 0.000000 1.900000 0.0 1.0 0.0 91 120 73 0.880 3 61
0.900000 0.000000 2.000000 0.0 1.0 0.0 91 120 73 0.880 3 61
0.900000 0.000000 2.100000 0.0 1.0 0.0 91 120 73 0.880 3 61
0.900000 0.000000 2.200000 0.0 1.0 0.0 91 120 73 0.880 3 61
0.900000 0.000000 2.300000 0.0 1.0 0.0 91 120 73 0.880 3 61
0.900000 0.000000 2.400000 0.0 1.0 0.0 91 120 73 0.880 3 61
0.900000 0.000000 2.500000 0.0 1.0 0.0 91 120 73 0.880 3 61
0.900000 0.000000 2.600000 0.0 1.0 0.0 91 120 73 0.880 3 61
0.900000 0.000000 2.700000 0.0 1.0 0.0 91 120 73 0.880 3 61
0.900000 0.000000 2.800000 0.0 1.0 0.0 91 120 73 0.880 3 61
0.900000 0.000000 2.900000 0.0 1.0 0.0 91 120 73 0.880 3 61
0.900000 0.000000 3.000000 0.0 1.0 0.0 91 120 73 0.880 3 61
0.900000 0.000000 3.100000 0.0 1.0 0.0 91 120 73 0.880 3 61
0.900000 0.000000 3.200000 0.0 1.0 0.0 91 120 73 0.880 3 61
0.900000 0.000000 3.300000 0.0 1.0 0.0 91 120 73 0.880 3 61
0.900000 0.000000 3.400000 0.0 1.0 0.0 91 120 73 0.880 3 61
0.900000 0.000000 3.500000 0.0 1.0 0.0 91 120 73 0.880 3 61
0.900000 0.000000 3.600000 0.0 1.0 0.0 91 120 73 0.880 3 61
0.900000 0.000000 3.700000 0.0 1.0 0.0 91 120 73 0.880 3 61
0.900000 0.000000 3.800000 0.0 1.0 0.0 91 120 73 0.880 3 61
0.900000 0.000000 3.900000 0.0 1.0 0.0 91 120 73 0.880 3 61
0.900000 0.000000 4.000000 0.0 1.0 0.0 91 120 73 0.880 3 61
1.000000 0.000000 -2.000000 0.0 1.0 0.0 91 120 73 0.880 3 61
1.000000 0.000000 -1.900000 0.0 1.0 0.0 91 120 73 0.880 3 61
1.000000 0.000000 -1.800000 0.0 1.0 0.0 91 120 73 0.880 3 61
1.000000 0.000000 -1.700000 0.0 1.0 0.0 91 120 73 0.880 3 61
1.000000 0.000000 -1.600000 0.0 1.0 0.0 91 120 73 0.880 3 61
1.000000 0.000000 -1.500000 0.0 1.0 0.0 91 120 73 0.880 3 61
1.000000 0.000000 -1.400000 0.0 1.0 0.0 91 120 73 0.880 3 61
1.000000 0.000000 -1.300000 0.0 1.0 0.0 91 120 73 0.880 3 61
1.000000 0.000000 -1.200000 0.0 1.0 0.0 91 120 73 0.880 3 61
1.000000 0.000000 -1.100000 0.0 1.0 0.0 91 120 73 0.880 3 61
1.000000 0.000000 -1.000000 0.0 1.0 0.0 91 120 73 0.880 3 61
1.000000 0.000000 -0.900000 0.0 1.0 0.0 91 120 73 0.880 3 61
1.000000 0.000000 -0.800000 0.0 1.0 0.0 91 120 73 0.880 3 61
1.000000 0.000000 -0.700000 0.0 1.0 0.0 91 120 73 0.880 3 61
1.000000 0.000000 -0.600000 0.0 1.0 0.0 91 120 73 0.880 3 61
1.000000 0.000000 -0.500000 0.0 1.0 0.0 91 120 73 0.880 3 61
1.000000 0.000000 -0.400000 0.0 1.0 0.0 91 120 73 0.880 3 61
1.000000 0.000000 -0.300000 0.0 1.0 0.0 91 120 73 0.880 3 61
1.000000 0.000000 -0.200000 0.0 1.0 0.0 91 120 73 0.880 3 61
1.000000 0.000000 -0.100000 0.0 1.0 0.0 91 120 73 0.880 3 61
1.000000 0.000000 0.000000 0.0 1.0 0.0 91 120 73 0.880 3 61
1.000000 0.000000 0.100000 0.0 1.0 0.0 91 120 73 0.880 3 61
1.000000 0.000000 0.200000 0.0 1.0 0.0 91 120 73 0.880 3 61
1.000000 0.000000 0.300000 0.0 1.0 0.0 91 120 73 0.880 3 61
1.000000 0.000000 0.400000 0.0 1.0 0.0 91 120 73 0.880 3 61
1.000000 0.000000 0.500000 0.0 1.0 0.0 91 120 73 0.880 3 61
1.000000 0.000000 0.600000 0.0 1.0 0.0 91 120 73 0.880 3 61
1.000000 0.000000 0.700000 0.0 1.0 0.0 91 120 73 0.880 3 61
1.000000 0.000000 0.800000 0.0 1.0 0.0 91 120 73 0.880 3 61
1.000000 0.000000 0.900000 0.0 1.0 0.0 91 120 73 0.880 3 61
1.000000 0.000000 1.000000 0.0 1.0 0.0 91 120 73 0.880 3 61
1.000000 0.000000 1.100000 0.0 1.0 0.0 91 120 73 0.880 3 61
1.000000 0.000000 1.200000 0.0 1.0 0.0 91 120 73 0.880 3 61
1.000000 0.000000 1.300000 0.0 1.0 0.0 91 120 73 0.880 3 61
1.000000 0.000000 1.400000 0.0 1.0 0.0 91 120 73 0.880 3 61
1.000000 0.000000 1.500000 0.0 1.0 0.0 91 120 73 0.880 3 61
1.000000 0.000000 1.600000 0.0 1.0 0.0 91 120 73 0.880 3 61
1.000000 0.000000 1.700000 0.0 1.0 0.0 91 120 73 0.880 3 61
1.000000 0.000000 1.800000 0.0 1.0 0.0 91 120 73 0.880 3 61
1.000000 0.000000 1.900000 0.0 1.0 0.0 91 120 73 0.880 3 61
1.000000 0.000000 2.000000 0.0 1.0 0.0 91 120 73 0.880 3 61
1.000000 0.000000 2.100000 0.0 1.0 0.0 91 120 73 0.880 3 61
1.000000 0.000000 2.200000 0.0 1.0 0.0 91 120 73 0.880 3 61
1.000000 0.000000 2.300000 0.0 1.0 0.0 91 120 73 0.880 3 61
1.000000 0.000000 2.400000 0.0 1.0 0.0 91 120 73 0.880 3 61
1.000000 0.000000 2.500000 0.0 1.0 0.0 91 120 73 0.880 3 61
1.000000 0.000000 2.600000 0.0 1.0 0.0 91 120 73 0.880 3 61
1.000000 0.000000 2.700000 0.0 1.0 0.0 91 120 73 0.880 3 61
1.000000 0.000000 2.800000 0.0 1.0 0.0 91 120 73 0.880 3 61
1.000000 0.000000 2.900000 0.0 1.0 0.0 91 120 73 0.880 3 61
1.000000 0.000000 3.000000 0.0 1.0 0.0 91 120 73 0.880 3 61
1.000000 0.000000 3.100000 0.0 1.0 0.0 91 120 73 0.880 3 61
1.000000 0.000000 3.200000 0.0 1.0 0.0 91 120 73 0.880 3 61
1.000000 0.000000 3.300000 0.0 1.0 0.0 91 120 73 0.880 3 61
1.000000 0.000000 3.400000 0.0 1.0 0.0 91 120 73 0.880 3 61
1.000000 0.000000 3.500000 0.0 1.0 0.0 91 120 73 0.880 3 61
1.000000 0.000000 3.600000 0.0 1.0 0.0 91 120 73 0.880 3 61
1.000000 0.000000 3.700000 0.0 1.0 0.0 91 120 73 0.880 3 61
1.000000 0.000000 3.800000 0.0 1.0 0.0 91 120 73 0.880 3 61
1.000000 0.000000 3.900000 0.0 1.0 0.0 91 120 73 0.880 3 61
1.000000 0.000000 4.000000 0.0 1.0 0.0 91 120 73 0.880 3 61
1.100000 0.000000 -2.000000 0.0 1.0 0.0 91 120 73 0.880 3 61
1.100000 0.000000 -1.900000 0.0 1.0 0.0 91 120 73 0.880 3 61
1.100000 0.000000 -1.800000 0.0 1.0 0.0 91 120 73 0.880 3 61
1.100000 0.000000 -1.700000 0.0 1.0 0.0 91 120 73 0.880 3 61
1.100000 0.000000 -1.600000 0.0 1.0 0.0 91 120 73 0.880 3 61
1.100000 0.000000 -1.500000 0.0 1.0 0.0 91 120 73 0.880 3 61
1.100000 0.000000 -1.400000 0.0 1.0 0.0 91 120 73 0.880 3 61
1.100000 0.000000 -1.300000 0.0 1.0 0.0 91 120 73 0.880 3 61
1.100000 0.000000 -1.200000 0.0 1.0 0.0 91 120 73 0.880 3 61
1.100000 0.000000 -1.100000 0.0 1.0 0.0 91 120 73 0.880 3 61
1.100000 0.000000 -1.000000 0.0 1.0 0.0 91 120 73 0.880 3 61
1.100000 0.000000 -0.900000 0.0 1.0 0.0 91 120 73 0.880 3 61
1.100000 0.000000 -0.800000 0.0 1.0 0.0 91 120 73 0.880 3 61
1.100000 0.000000 -0.700000 0.0 1.0 0.0 91 120 73 0.880 3 61
1.100000 0.000000 -0.600000 0.0 1.0 0.0 91 120 73 0.880 3 61
1.100000 0.000000 -0.500000 0.0 1.0 0.0 91 120 73 0.880 3 61
1.100000 0.000000 -0.400000 0.0 1.0 0.0 91 120 73 0.880 3 61
1.100000 0.000000 -0.300000 0.0 1.0 0.0 91 120 73 0.880 3 61
1.100000 0.000000 -0.200000 0.0 1.0 0.0 91 120 73 0.880 3 61
1.100000 0.000000 -0.100000 0.0 1.0 0.0 91 120 73 0.880 3 61
1.100000 0.000000 0.000000 0.0 1.0 0.0 91 120 73 0.880 3 61
1.100000 0.000000 0.100000 0.0 1.0 0.0 91 120 73 0.880 3 61
1.100000 0.000000 0.200000 0.0 1.0 0.0 91 120 73 0.880 3 61
1.100000 0.000000 0.300000 0.0 1.0 0.0 91 120 73 0.880 3 61
1.100000 0.000000 0.400000 0.0 1.0 0.0 91 120 73 0.880 3 61
1.100000 0.000000 0.500000 0.0 1.0 0.0 91 120 73 0.880 3 61
1.100000 0.000000 0.600000 0.0 1.0 0.0 91 120 73 0.880 3 61
1.100000 0.000000 0.700000 0.0 1.0 0.0 91 120 73 0.880 3 61
1.100000 0.000000 0.800000 0.0 1.0 0.0 91 120 73 0.880 3 61
1.100000 0.000000 0.900000 0.0 1.0 0.0 91 120 73 0.880 3 61
1.100000 0.000000 1.000000 0.0 1.0 0.0 91 120 73 0.880 3 61
1.100000 0.000000 1.100000 0.0 1.0 0.0 91 120 73 0.880 3 61
1.100000 0.000000 1.200000 0.0 1.0 0.0 91 120 73 0.880 3 61
1.100000 0.000000 1.300000 0.0 1.0 0.0 91 120 73 0.880 3 61
1.100000 0.000000 1.400000 0.0 1.0 0.0 91 120 73 0.880 3 61
1.100000 0.000000 1.500000 0.0 1.0 0.0 91 120 73 0.880 3 61
1.100000 0.000000 1.600000 0.0 1.0 0.0 91 120 73 0.880 3 61
1.100000 0.000000 1.700000 0.0 1.0 0.0 91 120 73 0.880 3 61
1.100000 0.000000 1.800000 0.0 1.0 0.0 91 120 73 0.880 3 61
1.100000 0.000000 1.900000 0.0 1.0 0.0 91 120 73 0.880 3 61
1.100000 0.000000 2.000000 0.0 1.0 0.0 91 120 73 0.880 3 61
1.100000 0.000000 2.100000 0.0 1.0 0.0 91 120 73 0.880 3 61
1.100000 0.000000 2.200000 0.0 1.0 0.0 91 120 73 0.880 3 61
1.100000 0.000000 2.300000 0.0 1.0 0.0 91 120 73 0.880 3 61
1.100000 0.000000 2.400000 0.0 1.0 0.0 91 120 73 0.880 3 61
1.100000 0.000000 2.500000 0.0 1.0 0.0 91 120 73 0.880 3 61
1.100000 0.000000 2.600000 0.0 1.0 0.0 91 120 73 0.880 3 61
1.100000 0.000000 2.700000 0.0 1.0 0.0 91 120 73 0.880 3 61
1.100000 0.000000 2.800000 0.0 1.0 0.0 91 120 73 0.880 3 61
1.100000 0.000000 2.900000 0.0 1.0 0.0 91 120 73 0.880 3 61
1.100000 0.000000 3.000000 0.0 1.0 0.0 91 120 73 0.880 3 61
1.100000 0.000000 3.100000 0.0 1.0 0.0 91 120 73 0.880 3 61
1.100000 0.000000 3.200000 0.0 1.0 0.0 91 120 73 0.880 3 61
1.100000 0.000000 3.300000 0.0 1.0 0.0 91 120 73 0.880 3 61
1.100000 0.000000 3.400000 0.0 1.0 0.0 91 120 73 0.880 3 61
1.100000 0.000000 3.500000 0.0 1.0 0.0 91 120 73 0.880 3 61
1.100000 0.000000 3.600000 0.0 1.0 0.0 91 120 73 0.880 3 61
1.100000 0.000000 3.700000 0.0 1.0 0.0 91 120 73 0.880 3 61
1.100000 0.000000 3.800000 0.0 1.0 0.0 91 120 73 0.880 3 61
1.100000 0.000000 3.900000 0.0 1.0 0.0 91 120 73 0.880 3 61
1.100000 0.000000 4.000000 0.0 1.0 0.0 91 120 73 0.880 3 61
1.200000 0.000000 -2.000000 0.0 1.0 0.0 91 120 73 0.880 3 61
1.200000 0.000000 -1.900000 0.0 1.0 0.0 91 120 73 0.880 3 61
1.200000 0.000000 -1.800000 0.0 1.0 0.0 91 120 73 0.880 3 61
1.200000 0.000000 -1.700000 0.0 1.0 0.0 91 120 73 0.880 3 61
1.200000 0.000000 -1.600000 0.0 1.0 0.0 91 120 73 0.880 3 61
1.200000 0.000000 -1.500000 0.0 1.0 0.0 91 120 73 0.880 3 61
1.200000 0.000000 -1.400000 0.0 1.0 0.0 91 120 73 0.880 3 61
1.200000 0.000000 -1.300000 0.0 1.0 0.0 91 120 73 0.880 3 61
1.200000 0.000000 -1.200000 0.0 1.0 0.0 91 120 73 0.880 3 61
1.200000 0.000000 -1.100000 0.0 1.0 0.0 91 120 73 0.880 3 61
1.200000 0.000000 -1.000000 0.0 1.0 0.0 91 120 73 0.880 3 61
1.200000 0.000000 -0.900000 0.0 1.0 0.0 91 120 73 0.880 3 61
1.200000 0.000000 -0.800000 0.0 1.0 0.0 91 120 73 0.880 3 61
1.200000 0.000000 -0.700000 0.0 1.0 0.0 91 120 73 0.880 3 61
1.200000 0.000000 -0.600000 0.0 1.0 0.0 91 120 73 0.880 3 61
1.200000 0.000000 -0.500000 0.0 1.0 0.0 91 120 73 0.880 3 61
1.200000 0.000000 -0.400000 0.0 1.0 0.0 91 120 73 0.880 3 61
1.200000 0.000000 -0.300000 0.0 1.0 0.0 91 120 73 0.880 3 61
1.200000 0.000000 -0.200000 0.0 1.0 0.0 91 120 73 0.880 3 61
1.200000 0.000000 -0.100000 0.0 1.0 0.0 91 120 73 0.880 3 61
1.200000 0.000000 0.000000 0.0 1.0 0.0 91 120 73 0.880 3 61
1.200000 0.000000 0.100000 0.0 1.0 0.0 91 120 73 0.880 3 61
1.200000 0.000000 0.200000 0.0 1.0 0.0 91 120 73 0.880 3 61
1.200000 0.000000 0.300000 0.0 1.0 0.0 91 120 73 0.880 3 61
1.200000 0.000000 0.400000 0.0 1.0 0.0 91 120 73 0.880 3 61
1.200000 0.000000 0.500000 0.0 1.0 0.0 91 120 73 0.880 3 61
1.200000 0.000000 0.600000 0.0 1.0 0.0 91 120 73 0.880 3 61
1.200000 0.000000 0.700000 0.0 1.0 0.0 91 120 73 0.880 3 61
1.200000 0.000000 0.800000 0.0 1.0 0.0 91 120 73 0.880 3 61
1.200000 0.000000 0.900000 0.0 1.0 0.0 91 120 73 0.880 3 61
1.200000 0.000000 1.000000 0.0 1.0 0.0 91 120 73 0.880 3 61
1.200000 0.000000 1.100000 0.0 1.0 0.0 91 120 73 0.880 3 61
1.200000 0.000000 1.200000 0.0 1.0 0.0 91 120 73 0.880 3 61
1.200000 0.000000 1.300000 0.0 1.0 0.0 91 120 73 0.880 3 61
1.200000 0.000000 1.400000 0.0 1.0 0.0 91 120 73 0.880 3 61
1.200000 0.000000 1.500000 0.0 1.0 0.0 91 120 73 0.880 3 61
1.200000 0.000000 1.600000 0.0 1.0 0.0 91 120 73 0.880 3 61
1.200000 0.000000 1.700000 0.0 1.0 0.0 91 120 73 0.880 3 61
1.200000 0.000000 1.800000 0.0 1.0 0.0 91 120 73 0.880 3 61
1.200000 0.000000 1.900000 0.0 1.0 0.0 91 120 73 0.880 3 61
1.200000 0.000000 2.000000 0.0 1.0 0.0 91 120 73 0.880 3 61
1.200000 0.000000 2.100000 0.0 1.0 0.0 91 120 73 0.880 3 61
1.200000 0.000000 2.200000 0.0 1.0 0.0 91 120 73 0.880 3 61
1.200000 0.000000 2.300000 0.0 1.0 0.0 91 120 73 0.880 3 61
1.200000 0.000000 2.400000 0.0 1.0 0.0 91 120 73 0.880 3 61
1.200000 0.000000 2.500000 0.0 1.0 0.0 91 120 73 0.880 3 61
1.200000 0.000000 2.600000 0.0 1.0 0.0 91 120 73 0.880 3 61
1.200000 0.000000 2.700000 0.0 1.0 0.0 91 120 73 0.880 3 61
1.200000 0.000000 2.800000 0.0 1.0 0.0 91 120 73 0.880 3 61
1.200000 0.000000 2.900000 0.0 1.0 0.0 91 120 73 0.880 3 61
1.200000 0.000000 3.000000 0.0 1.0 0.0 91 120 73 0.880 3 61
1.200000 0.000000 3.100000 0.0 1.0 0.0 91 120 73 0.880 3 61
1.200000 0.000000 3.200000 0.0 1.0 0.0 91 120 73 0.880 3 61
1.200000 0.000000 3.300000 0.0 1.0 0.0 91 120 73 0.880 3 61
1.200000 0.000000 3.400000 0.0 1.0 0.0 91 120 73 0.880 3 61
1.200000 0.000000 3.500000 0.0 1.0 0.0 91 120 73 0.880 3 61
1.200000 0.000000 3.600000 0.0 1.0 0.0 91 120 73 0.880 3 61
1.200000 0.000000 3.700000 0.0 1.0 0.0 91 120 73 0.880 3 61
1.200000 0.000000 3.800000 0.0 1.0 0.0 91 120 73 0.880 3 61
1.200000 0.000000 3.900000 0.0 1.0 0.0 91 120 73 0.880 3 61
1.200000 0.000000 4.000000 0.0 1.0 0.0 91 120 73 0.880 3 61
1.300000 0.000000 -2.000000 0.0 1.0 0.0 91 120 73 0.880 3 61
1.300000 0.000000 -1.900000 0.0 1.0 0.0 91 120 73 0.880 3 61
1.300000 0.000000 -1.800000 0.0 1.0 0.0 91 120 73 0.880 3 61
1.300000 0.000000 -1.700000 0.0 1.0 0.0 91 120 73 0.880 3 61
1.300000 0.000000 -1.600000 0.0 1.0 0.0 91 120 73 0.880 3 61
1.300000 0.000000 -1.500000 0.0 1.0 0.0 91 120 73 0.880 3 61
1.300000 0.000000 -1.400000 0.0 1.0 0.0 91 120 73 0.880 3 61
1.300000 0.000000 -1.300000 0.0 1.0 0.0 91 120 73 0.880 3 61
1.300000 0.000000 -1.200000 0.0 1.0 0.0 91 120 73 0.880 3 61
1.300000 0.000000 -1.100000 0.0 1.0 0.0 91 120 73 0.880 3 61
1.300000 0.000000 -1.000000 0.0 1.0 0.0 91 120 73 0.880 3 61
1.300000 0.000000 -0.900000 0.0 1.0 0.0 91 120 73 0.880 3 61
1.300000 0.000000 -0.800000 0.0 1.0 0.0 91 120 73 0.880 3 61
1.300000 0.000000 -0.700000 0.0 1.0 0.0 91 120 73 0.880 3 61
1.300000 0.000000 -0.600000 0.0 1.0 0.0 91 120 73 0.880 3 61
1.300000 0.000000 -0.500000 0.0 1.0 0.0 91 120 73 0.880 3 61
1.300000 0.000000 -0.400000 0.0 1.0 0.0 91 120 73 0.880 3 61
1.300000 0.000000 -0.300000 0.0 1.0 0.0 91 120 73 0.880 3 61
1.300000 0.000000 -0.200000 0.0 1.0 0.0 91 120 73 0.880 3 61
1.300000 0.000000 -0.100000 0.0 1.0 0.0 91 120 73 0.880 3 61
1.300000 0.000000 0.000000 0.0 1.0 0.0 91 120 73 0.880 3 61
1.300000 0.000000 0.100000 0.0 1.0 0.0 91 120 73 0.880 3 61
1.300000 0.000000 0.200000 0.0 1.0 0.0 91 120 73 0.880 3 61
1.300000 0.000000 0.300000 0.0 1.0 0.0 91 120 73 0.880 3 61
1.300000 0.000000 0.400000 0.0 1.0 0.0 91 120 73 0.880 3 61
1.300000 0.000000 0.500000 0.0 1.0 0.0 91 120 73 0.880 3 61
1.300000 0.000000 0.600000 0.0 1.0 0.0 91 120 73 0.880 3 61
1.300000 0.000000 0.700000 0.0 1.0 0.0 91 120 73 0.880 3 61
1.300000 0.000000 0.800000 0.0 1.0 0.0 91 120 73 0.880 3 61
1.300000 0.000000 0.900000 0.0 1.0 0.0 91 120 73 0.880 3 61
1.300000 0.000000 1.000000 0.0 1.0 0.0 91 120 73 0.880 3 61
1.300000 0.000000 1.100000 0.0 1.0 0.0 91 120 73 0.880 3 61
1.300000 0.000000 1.200000 0.0 1.0 0.0 91 120 73 0.880 3 61
1.300000 0.000000 1.300000 0.0 1.0 0.0 91 120 73 0.880 3 61
1.300000 0.000000 1.400000 0.0 1.0 0.0 91 120 73 0.880 3 61
1.300000 0.000000 1.500000 0.0 1.0 0.0 91 120 73 0.880 3 61
1.300000 0.000000 1.600000 0.0 1.0 0.0 91 120 73 0.880 3 61
1.300000 0.000000 1.700000 0.0 1.0 0.0 91 120 73 0.880 3 61
1.300000 0.000000 1.800000 0.0 1.0 0.0 91 120 73 0.880 3 61
1.300000 0.000000 1.900000 0.0 1.0 0.0 91 120 73 0.880 3 61
1.300000 0.000000 2.000000 0.0 1.0 0.0 91 120 73 0.880 3 61
1.300000 0.000000 2.100000 0.0 1.0 0.0 91 120 73 0.880 3 61
1.300000 0.000000 2.200000 0.0 1.0 0.0 91 120 73 0.880 3 61
1.300000 0.000000 2.300000 0.0 1.0 0.0 91 120 73 0.880 3 61
1.300000 0.000000 2.400000 0.0 1.0 0.0 91 120 73 0.880 3 61
1.300000 0.000000 2.500000 0.0 1.0 0.0 91 120 73 0.880 3 61
1.300000 0.000000 2.600000 0.0 1.0 0.0 91 120 73 0.880 3 61
1.300000 0.000000 2.700000 0.0 1.0 0.0 91 120 73 0.880 3 61
1.300000 0.000000 2.800000 0.0 1.0 0.0 91 120 73 0.880 3 61
1.300000 0.000000 2.900000 0.0 1.0 0.0 91 120 73 0.880 3 61
1.300000 0.000000 3.000000 0.0 1.0 0.0 91 120 73 0.880 3 61
1.300000 0.000000 3.100000 0.0 1.0 0.0 91 120 73 0.880 3 61
1.300000 0.000000 3.200000 0.0 1.0 0.0 91 120 73 0.880 3 61
1.300000 0.000000 3.300000 0.0 1.0 0.0 91 120 73 0.880 3 61
1.300000 0.000000 3.400000 0.0 1.0 0.0 91 120 73 0.880 3 61
1.300000 0.000000 3.500000 0.0 1.0 0.0 91 120 73 0.880 3 61
1.300000 0.000000 3.600000 0.0 1.0 0.0 91 120 73 0.880 3 61
1.300000 0.000000 3.700000 0.0 1.0 0.0 91 120 73 0.880 3 61
1.300000 0.000000 3.800000 0.0 1.0 0.0 91 120 73 0.880 3 61
1.300000 0.000000 3.900000 0.0 1.0 0.0 91 120 73 0.880 3 61
1.300000 0.000000 4.000000 0.0 1.0 0.0 91 120 73 0.880 3 61
1.400000 0.000000 -2.000000 0.0 1.0 0.0 91 120 73 0.880 3 61
1.400000 0.000000 -1.900000 0.0 1.0 0.0 91 120 73 0.880 3 61
1.400000 0.000000 -1.800000 0.0 1.0 0.0 91 120 73 0.880 3 61
1.400000 0.000000 -1.700000 0.0 1.0 0.0 91 120 73 0.880 3 61
1.400000 0.000000 -1.600000 0.0 1.0 0.0 91 120 73 0.880 3 61
1.400000 0.000000 -1.500000 0.0 1.0 0.0 91 120 73 0.880 3 61
1.400000 0.000000 -1.400000 0.0 1.0 0.0 91 120 73 0.880 3 61
1.400000 0.000000 -1.300000 0.0 1.0 0.0 91 120 73 0.880 3 61
1.400000 0.000000 -1.200000 0.0 1.0 0.0 91 120 73 0.880 3 61
1.400000 0.000000 -1.100000 0.0 1.0 0.0 91 120 73 0.880 3 61
1.400000 0.000000 -1.000000 0.0 1.0 0.0 91 120 73 0.880 3 61
1.400000 0.000000 -0.900000 0.0 1.0 0.0 91 120 73 0.880 3 61
1.400000 0.000000 -0.800000 0.0 1.0 0.0 91 120 73 0.880 3 61
1.400000 0.000000 -0.700000 0.0 1.0 0.0 91 120 73 0.880 3 61
1.400000 0.000000 -0.600000 0.0 1.0 0.0 91 120 73 0.880 3 61
1.400000 0.000000 -0.500000 0.0 1.0 0.0 91 120 73 0.880 3 61
1.400000 0.000000 -0.400000 0.0 1.0 0.0 91 120 73 0.880 3 61
1.400000 0.000000 -0.300000 0.0 1.0 0.0 91 120 73 0.880 3 61
1.400000 0.000000 -0.200000 0.0 1.0 0.0 91 120 73 0.880 3 61
1.400000 0.000000 -0.100000 0.0 1.0 0.0 91 120 73 0.880 3 61
1.400000 0.000000 0.000000 0.0 1.0 0.0 91 120 73 0.880 3 61
1.400000 0.000000 0.100000 0.0 1.0 0.0 91 120 73 0.880 3 61
1.400000 0.000000 0.200000 0.0 1.0 0.0 91 120 73 0.880 3 61
1.400000 0.000000 0.300000 0.0 1.0 0.0 91 120 73 0.880 3 61
1.400000 0.000000 0.400000 0.0 1.0 0.0 91 120 73 0.880 3 61
1.400000 0.000000 0.500000 0.0 1.0 0.0 91 120 73 0.880 3 61
1.400000 0.000000 0.600000 0.0 1.0 0.0 91 120 73 0.880 3 61
1.400000 0.000000 0.700000 0.0 1.0 0.0 91 120 73 0.880 3 61
1.400000 0.000000 0.800000 0.0 1.0 0.0 91 120 73 0.880 3 61
1.400000 0.000000 0.900000 0.0 1.0 0.0 91 120 73 0.880 3 61
1.400000 0.000000 1.000000 0.0 1.0 0.0 91 120 73 0.880 3 61
1.400000 0.000000 1.100000 0.0 1.0 0.0 91 120 73 0.880 3 61
1.400000 0.000000 1.200000 0.0 1.0 0.0 91 120 73 0.880 3 61
1.400000 0.000000 1.300000 0.0 1.0 0.0 91 120 73 0.880 3 61
1.400000 0.000000 1.400000 0.0 1.0 0.0 91 120 73 0.880 3 61
1.400000 0.000000 1.500000 0.0 1.0 0.0 91 120 73 0.880 3 61
1.400000 0.000000 1.600000 0.0 1.0 0.0 91 120 73 0.880 3 61
1.400000 0.000000 1.700000 0.0 1.0 0.0 91 120 73 0.880 3 61
1.400000 0.000000 1.800000 0.0 1.0 0.0 91 120 73 0.880 3 61
1.400000 0.000000 1.900000 0.0 1.0 0.0 91 120 73 0.880 3 61
1.400000 0.000000 2.000000 0.0 1.0 0.0 91 120 73 0.880 3 61
1.400000 0.000000 2.100000 0.0 1.0 0.0 91 120 73 0.880 3 61
1.400000 0.000000 2.200000 0.0 1.0 0.0 91 120 73 0.880 3 61
1.400000 0.000000 2.300000 0.0 1.0 0.0 91 120 73 0.880 3 61
1.400000 0.000000 2.400000 0.0 1.0 0.0 91 120 73 0.880 3 61
1.400000 0.000000 2.500000 0.0 1.0 0.0 91 120 73 0.880 3 61
1.400000 0.000000 2.600000 0.0 1.0 0.0 91 120 73 0.880 3 61
1.400000 0.000000 2.700000 0.0 1.0 0.0 91 120 73 0.880 3 61
1.400000 0.000000 2.800000 0.0 1.0 0.0 91 120 73 0.880 3 61
1.400000 0.000000 2.900000 0.0 1.0 0.0 91 120 73 0.880 3 61
1.400000 0.000000 3.000000 0.0 1.0 0.0 91 120 73 0.880 3 61
1.400000 0.000000 3.100000 0.0 1.0 0.0 91 120 73 0.880 3 61
1.400000 0.000000 3.200000 0.0 1.0 0.0 91 120 73 0.880 3 61
1.400000 0.000000 3.300000 0.0 1.0 0.0 91 120 73 0.880 3 61
1.400000 0.000000 3.400000 0.0 1.0 0.0 91 120 73 0.880 3 61
1.400000 0.000000 3.500000 0.0 1.0 0.0 91 120 73 0.880 3 61
1.400000 0.000000 3.600000 0.0 1.0 0.0 91 120 73 0.880 3 61
1.400000 0.000000 3.700000 0.0 1.0 0.0 91 120 73 0.880 3 61
1.400000 0.000000 3.800000 0.0 1.0 0.0 91 120 73 0.880 3 61
1.400000 0.000000 3.900000 0.0 1.0 0.0 91 120 73 0.880 3 61
1.400000 0.000000 4.000000 0.0 1.0 0.0 91 120 73 0.880 3 61
1.500000 0.000000 -2.000000 0.0 1.0 0.0 91 120 73 0.880 3 61
1.500000 0.000000 -1.900000 0.0 1.0 0.0 91 120 73 0.880 3 61
1.500000 0.000000 -1.800000 0.0 1.0 0.0 91 120 73 0.880 3 61
1.500000 0.000000 -1.700000 0.0 1.0 0.0 91 120 73 0.880 3 61
1.500000 0.000000 -1.600000 0.0 1.0 0.0 91 120 73 0.880 3 61
1.500000 0.000000 -1.500000 0.0 1.0 0.0 91 120 73 0.880 3 61
1.500000 0.000000 -1.400000 0.0 1.0 0.0 91 120 73 0.880 3 61
1.500000 0.000000 -1.300000 0.0 1.0 0.0 91 120 73 0.880 3 61
1.500000 0.000000 -1.200000 0.0 1.0 0.0 91 120 73 0.880 3 61
1.500000 0.000000 -1.100000 0.0 1.0 0.0 91 120 73 0.880 3 61
1.500000 0.000000 -1.000000 0.0 1.0 0.0 91 120 73 0.880 3 61
1.500000 0.000000 -0.900000 0.0 1.0 0.0 91 120 73 0.880 3 61
1.500000 0.000000 -0.800000 0.0 1.0 0.0 91 120 73 0.880 3 61
1.500000 0.000000 -0.700000 0.0 1.0 0.0 91 120 73 0.880 3 61
1.500000 0.000000 -0.600000 0.0 1.0 0.0 91 120 73 0.880 3 61
1.500000 0.000000 -0.500000 0.0 1.0 0.0 91 120 73 0.880 3 61
1.500000 0.000000 -0.400000 0.0 1.0 0.0 91 120 73 0.880 3 61
1.500000 0.000000 -0.300000 0.0 1.0 0.0 91 120 73 0.880 3 61
1.500000 0.000000 -0.200000 0.0 1.0 0.0 91 120 73 0.880 3 61
1.500000 0.000000 -0.100000 0.0 1.0 0.0 91 120 73 0.880 3 61
1.500000 0.000000 0.000000 0.0 1.0 0.0 91 120 73 0.880 3 61
1.500000 0.000000 0.100000 0.0 1.0 0.0 91 120 73 0.880 3 61
1.500000 0.000000 0.200000 0.0 1.0 0.0 91 120 73 0.880 3 61
1.500000 0.000000 0.300000 0.0 1.0 0.0 91 120 73 0.880 3 61
1.500000 0.000000 0.400000 0.0 1.0 0.0 91 120 73 0.880 3 61
1.500000 0.000000 0.500000 0.0 1.0 0.0 91 120 73 0.880 3 61
1.500000 0.000000 0.600000 0.0 1.0 0.0 91 120 73 0.880 3 61
1.500000 0.000000 0.700000 0.0 1.0 0.0 91 120 73 0.880 3 61
1.500000 0.000000 0.800000 0.0 1.0 0.0 91 120 73 0.880 3 61
1.500000 0.000000 0.900000 0.0 1.0 0.0 91 120 73 0.880 3 61
1.500000 0.000000 1.000000 0.0 1.0 0.0 91 120 73 0.880 3 61
1.500000 0.000000 1.100000 0.0 1.0 0.0 91 120 73 0.880 3 61
1.500000 0.000000 1.200000 0.0 1.0 0.0 91 120 73 0.880 3 61
1.500000 0.000000 1.300000 0.0 1.0 0.0 91 120 73 0.880 3 61
1.500000 0.000000 1.400000 0.0 1.0 0.0 91 120 73 0.880 3 61
1.500000 0.000000 1.500000 0.0 1.0 0.0 91 120 73 0.880 3 61
1.500000 0.000000 1.600000 0.0 1.0 0.0 91 120 73 0.880 3 61
1.500000 0.000000 1.700000 0.0 1.0 0.0 91 120 73 0.880 3 61
1.500000 0.000000 1.800000 0.0 1.0 0.0 91 120 73 0.880 3 61
1.500000 0.000000 1.900000 0.0 1.0 0.0 91 120 73 0.880 3 61
1.500000 0.000000 2.000000 0.0 1.0 0.0 91 120 73 0.880 3 61
1.500000 0.000000 2.100000 0.0 1.0 0.0 91 120 73 0.880 3 61
1.500000 0.000000 2.200000 0.0 1.0 0.0 91 120 73 0.880 3 61
1.500000 0.000000 2.300000 0.0 1.0 0.0 91 120 73 0.880 3 61
1.500000 0.000000 2.400000 0.0 1.0 0.0 91 120 73 0.880 3 61
1.500000 0.000000 2.500000 0.0 1.0 0.0 91 120 73 0.880 3 61
1.500000 0.000000 2.600000 0.0 1.0 0.0 91 120 73 0.880 3 61
1.500000 0.000000 2.700000 0.0 1.0 0.0 91 120 73 0.880 3 61
1.500000 0.000000 2.800000 0.0 1.0 0.0 91 120 73 0.880 3 61
1.500000 0.000000 2.900000 0.0 1.0 0.0 91 120 73 0.880 3 61
1.500000 0.000000 3.000000 0.0 1.0 0.0 91 120 73 0.880 3 61
1.500000 0.000000 3.100000 0.0 1.0 0.0 91 120 73 0.880 3 61
1.500000 0.000000 3.200000 0.0 1.0 0.0 91 120 73 0.880 3 61
1.500000 0.000000 3.300000 0.0 1.0 0.0 91 120 73 0.880 3 61
1.500000 0.000000 3.400000 0.0 1.0 0.0 91 120 73 0.880 3 61
1.500000 0.000000 3.500000 0.0 1.0 0.0 91 120 73 0.880 3 61
1.500000 0.000000 3.600000 0.0 1.0 0.0 91 120 73 0.880 3 61
1.500000 0.000000 3.700000 0.0 1.0 0.0 91 120 73 0.880 3 61
1.500000 0.000000 3.800000 0.0 1.0 0.0 91 120 73 0.880 3 61
1.500000 0.000000 3.900000 0.0 1.0 0.0 91 120 73 0.880 3 61
1.500000 0.000000 4.000000 0.0 1.0 0.0 91 120 73 0.880 3 61
1.600000 0.000000 -2.000000 0.0 1.0 0.0 91 120 73 0.880 3 61
1.600000 0.000000 -1.900000 0.0 1.0 0.0 91 120 73 0.880 3 61
1.600000 0.000000 -1.800000 0.0 1.0 0.0 91 120 73 0.880 3 61
1.600000 0.000000 -1.700000 0.0 1.0 0.0 91 120 73 0.880 3 61
1.600000 0.000000 -1.600000 0.0 1.0 0.0 91 120 73 0.880 3 61
1.600000 0.000000 -1.500000 0.0 1.0 0.0 91 120 73 0.880 3 61
1.600000 0.000000 -1.400000 0.0 1.0 0.0 91 120 73 0.880 3 61
1.600000 0.000000 -1.300000 0.0 1.0 0.0 91 120 73 0.880 3 61
1.600000 0.000000 -1.200000 0.0 1.0 0.0 91 120 73 0.880 3 61
1.600000 0.000000 -1.100000 0.0 1.0 0.0 91 120 73 0.880 3 61
1.600000 0.000000 -1.000000 0.0 1.0 0.0 91 120 73 0.880 3 61
1.600000 0.000000 -0.900000 0.0 1.0 0.0 91 120 73 0.880 3 61
1.600000 0.000000 -0.800000 0.0 1.0 0.0 91 120 73 0.880 3 61
1.600000 0.000000 -0.700000 0.0 1.0 0.0 91 120 73 0.880 3 61
1.600000 0.000000 -0.600000 0.0 1.0 0.0 91 120 73 0.880 3 61
1.600000 0.000000 -0.500000 0.0 1.0 0.0 91 120 73 0.880 3 61
1.600000 0.000000 -0.400000 0.0 1.0 0.0 91 120 73 0.880 3 61
1.600000 0.000000 -0.300000 0.0 1.0 0.0 91 120 73 0.880 3 61
1.600000 0.000000 -0.200000 0.0 1.0 0.0 91 120 73 0.880 3 61
1.600000 0.000000 -0.100000 0.0 1.0 0.0 91 120 73 0.880 3 61
1.600000 0.000000 0.000000 0.0 1.0 0.0 91 120 73 0.880 3 61
1.600000 0.000000 0.100000 0.0 1.0 0.0 91 120 73 0.880 3 61
1.600000 0.000000 0.200000 0.0 1.0 0.0 91 120 73 0.880 3 61
1.600000 0.000000 0.300000 0.0 1.0 0.0 91 120 73 0.880 3 61
1.600000 0.000000 0.400000 0.0 1.0 0.0 91 120 73 0.880 3 61
1.600000 0.000000 0.500000 0.0 1.0 0.0 91 120 73 0.880 3 61
1.600000 0.000000 0.600000 0.0 1.0 0.0 91 120 73 0.880 3 61
1.600000 0.000000 0.700000 0.0 1.0 0.0 91 120 73 0.880 3 61
1.600000 0.000000 0.800000 0.0 1.0 0.0 91 120 73 0.880 3 61
1.600000 0.000000 0.900000 0.0 1.0 0.0 91 120 73 0.880 3 61
1.600000 0.000000 1.000000 0.0 1.0 0.0 91 120 73 0.880 3 61
1.600000 0.000000 1.100000 0.0 1.0 0.0 91 120 73 0.880 3 61
1.600000 0.000000 1.200000 0.0 1.0 0.0 91 120 73 0.880 3 61
1.600000 0.000000 1.300000 0.0 1.0 0.0 91 120 73 0.880 3 61
1.600000 0.000000 1.400000 0.0 1.0 0.0 91 120 73 0.880 3 61
1.600000 0.000000 1.500000 0.0 1.0 0.0 91 120 73 0.880 3 61
1.600000 0.000000 1.600000 0.0 1.0 0.0 91 120 73 0.880 3 61
1.600000 0.000000 1.700000 0.0 1.0 0.0 91 120 73 0.880 3 61
1.600000 0.000000 1.800000 0.0 1.0 0.0 91 120 73 0.880 3 61
1.600000 0.000000 1.900000 0.0 1.0 0.0 91 120 73 0.880 3 61
1.600000 0.000000 2.000000 0.0 1.0 0.0 91 120 73 0.880 3 61
1.600000 0.000000 2.100000 0.0 1.0 0.0 91 120 73 0.880 3 61
1.600000 0.000000 2.200000 0.0 1.0 0.0 91 120 73 0.880 3 61
1.600000 0.000000 2.300000 0.0 1.0 0.0 91 120 73 0.880 3 61
1.600000 0.000000 2.400000 0.0 1.0 0.0 91 120 73 0.880 3 61
1.600000 0.000000 2.500000 0.0 1.0 0.0 91 120 73 0.880 3 61
1.600000 0.000000 2.600000 0.0 1.0 0.0 91 120 73 0.880 3 61
1.600000 0.000000 2.700000 0.0 1.0 0.0 91 120 73 0.880 3 61
1.600000 0.000000 2.800000 0.0 1.0 0.0 91 120 73 0.880 3 61
1.600000 0.000000 2.900000 0.0 1.0 0.0 91 120 73 0.880 3 61
1.600000 0.000000 3.000000 0.0 1.0 0.0 91 120 73 0.880 3 61
1.600000 0.000000 3.100000 0.0 1.0 0.0 91 120 73 0.880 3 61
1.600000 0.000000 3.200000 0.0 1.0 0.0 91 120 73 0.880 3 61
1.600000 0.000000 3.300000 0.0 1.0 0.0 91 120 73 0.880 3 61
1.600000 0.000000 3.400000 0.0 1.0 0.0 91 120 73 0.880 3 61
1.600000 0.000000 3.500000 0.0 1.0 0.0 91 120 73 0.880 3 61
1.600000 0.000000 3.600000 0.0 1.0 0.0 91 120 73 0.880 3 61
1.600000 0.000000 3.700000 0.0 1.0 0.0 91 120 73 0.880 3 61
1.600000 0.000000 3.800000 0.0 1.0 0.0 91 120 73 0.880 3 61
1.600000 0.000000 3.900000 0.0 1.0 0.0 91 120 73 0.880 3 61
1.600000 0.000000 4.000000 0.0 1.0 0.0 91 120 73 0.880 3 61
1.700000 0.000000 -2.000000 0.0 1.0 0.0 91 120 73 0.880 3 61
1.700000 0.000000 -1.900000 0.0 1.0 0.0 91 120 73 0.880 3 61
1.700000 0.000000 -1.800000 0.0 1.0 0.0 91 120 73 0.880 3 61
1.700000 0.000000 -1.700000 0.0 1.0 0.0 91 120 73 0.880 3 61
1.700000 0.000000 -1.600000 0.0 1.0 0.0 91 120 73 0.880 3 61
1.700000 0.000000 -1.500000 0.0 1.0 0.0 91 120 73 0.880 3 61
1.700000 0.000000 -1.400000 0.0 1.0 0.0 91 120 73 0.880 3 61
1.700000 0.000000 -1.300000 0.0 1.0 0.0 91 120 73 0.880 3 61
1.700000 0.000000 -1.200000 0.0 1.0 0.0 91 120 73 0.880 3 61
1.700000 0.000000 -1.100000 0.0 1.0 0.0 91 120 73 0.880 3 61
1.700000 0.000000 -1.000000 0.0 1.0 0.0 91 120 73 0.880 3 61
1.700000 0.000000 -0.900000 0.0 1.0 0.0 91 120 73 0.880 3 61
1.700000 0.000000 -0.800000 0.0 1.0 0.0 91 120 73 0.880 3 61
1.700000 0.000000 -0.700000 0.0 1.0 0.0 91 120 73 0.880 3 61
1.700000 0.000000 -0.600000 0.0 1.0 0.0 91 120 73 0.880 3 61
1.700000 0.000000 -0.500000 0.0 1.0 0.0 91 120 73 0.880 3 61
1.700000 0.000000 -0.400000 0.0 1.0 0.0 91 120 73 0.880 3 61
1.700000 0.000000 -0.300000 0.0 1.0 0.0 91 120 73 0.880 3 61
1.700000 0.000000 -0.200000 0.0 1.0 0.0 91 120 73 0.880 3 61
1.700000 0.000000 -0.100000 0.0 1.0 0.0 91 120 73 0.880 3 61
1.700000 0.000000 0.000000 0.0 1.0 0.0 91 120 73 0.880 3 61
1.700000 0.000000 0.100000 0.0 1.0 0.0 91 120 73 0.880 3 61
1.700000 0.000000 0.200000 0.0 1.0 0.0 91 120 73 0.880 3 61
1.700000 0.000000 0.300000 0.0 1.0 0.0 91 120 73 0.880 3 61
1.700000 0.000000 0.400000 0.0 1.0 0.0 91 120 73 0.880 3 61
1.700000 0.000000 0.500000 0.0 1.0 0.0 91 120 73 0.880 3 61
1.700000 0.000000 0.600000 0.0 1.0 0.0 91 120 73 0.880 3 61
1.700000 0.000000 0.700000 0.0 1.0 0.0 91 120 73 0.880 3 61
1.700000 0.000000 0.800000 0.0 1.0 0.0 91 120 73 0.880 3 61
1.700000 0.000000 0.900000 0.0 1.0 0.0 91 120 73 0.880 3 61
1.700000 0.000000 1.000000 0.0 1.0 0.0 91 120 73 0.880 3 61
1.700000 0.000000 1.100000 0.0 1.0 0.0 91 120 73 0.880 3 61
1.700000 0.000000 1.200000 0.0 1.0 0.0 91 120 73 0.880 3 61
1.700000 0.000000 1.300000 0.0 1.0 0.0 91 120 73 0.880 3 61
1.700000 0.000000 1.400000 0.0 1.0 0.0 91 120 73 0.880 3 61
1.700000 0.000000 1.500000 0.0 1.0 0.0 91 120 73 0.880 3 61
1.700000 0.000000 1.600000 0.0 1.0 0.0 91 120 73 0.880 3 61
1.700000 0.000000 1.700000 0.0 1.0 0.0 91 120 73 0.880 3 61
1.700000 0.000000 1.800000 0.0 1.0 0.0 91 120 73 0.880 3 61
1.700000 0.000000 1.900000 0.0 1.0 0.0 91 120 73 0.880 3 61
1.700000 0.000000 2.000000 0.0 1.0 0.0 91 120 73 0.880 3 61
1.700000 0.000000 2.100000 0.0 1.0 0.0 91 120 73 0.880 3 61
1.700000 0.000000 2.200000 0.0 1.0 0.0 91 120 73 0.880 3 61
1.700000 0.000000 2.300000 0.0 1.0 0.0 91 120 73 0.880 3 61
1.700000 0.000000 2.400000 0.0 1.0 0.0 91 120 73 0.880 3 61
1.700000 0.000000 2.500000 0.0 1.0 0.0 91 120 73 0.880 3 61
1.700000 0.000000 2.600000 0.0 1.0 0.0 91 120 73 0.880 3 61
1.700000 0.000000 2.700000 0.0 1.0 0.0 91 120 73 0.880 3 61
1.700000 0.000000 2.800000 0.0 1.0 0.0 91 120 73 0.880 3 61
1.700000 0.000000 2.900000 0.0 1.0 0.0 91 120 73 0.880 3 61
1.700000 0.000000 3.000000 0.0 1.0 0.0 91 120 73 0.880 3 61
1.700000 0.000000 3.100000 0.0 1.0 0.0 91 120 73 0.880 3 61
1.700000 0.000000 3.200000 0.0 1.0 0.0 91 120 73 0.880 3 61
1.700000 0.000000 3.300000 0.0 1.0 0.0 91 120 73 0.880 3 61
1.700000 0.000000 3.400000 0.0 1.0 0.0 91 120 73 0.880 3 61
1.700000 0.000000 3.500000 0.0 1.0 0.0 91 120 73 0.880 3 61
1.700000 0.000000 3.600000 0.0 1.0 0.0 91 120 73 0.880 3 61
1.700000 0.000000 3.700000 0.0 1.0 0.0 91 120 73 0.880 3 61
1.700000 0.000000 3.800000 0.0 1.0 0.0 91 120 73 0.880 3 61
1.700000 0.000000 3.900000 0.0 1.0 0.0 91 120 73 0.880 3 61
1.700000 0.000000 4.000000 0.0 1.0 0.0 91 120 73 0.880 3 61
1.800000 0.000000 -2.000000 0.0 1.0 0.0 91 120 73 0.880 3 61
1.800000 0.000000 -1.900000 0.0 1.0 0.0 91 120 73 0.880 3 61
1.800000 0.000000 -1.800000 0.0 1.0 0.0 91 120 73 0.880 3 61
1.800000 0.000000 -1.700000 0.0 1.0 0.0 91 120 73 0.880 3 61
1.800000 0.000000 -1.600000 0.0 1.0 0.0 91 120 73 0.880 3 61
1.800000 0.000000 -1.500000 0.0 1.0 0.0 91 120 73 0.880 3 61
1.800000 0.000000 -1.400000 0.0 1.0 0.0 91 120 73 0.880 3 61
1.800000 0.000000 -1.300000 0.0 1.0 0.0 91 120 73 0.880 3 61
1.800000 0.000000 -1.200000 0.0 1.0 0.0 91 120 73 0.880 3 61
1.800000 0.000000 -1.100000 0.0 1.0 0.0 91 120 73 0.880 3 61
1.800000 0.000000 -1.000000 0.0 1.0 0.0 91 120 73 0.880 3 61
1.800000 0.000000 -0.900000 0.0 1.0 0.0 91 120 73 0.880 3 61
1.800000 0.000000 -0.800000 0.0 1.0 0.0 91 120 73 0.880 3 61
1.800000 0.000000 -0.700000 0.0 1.0 0.0 91 120 73 0.880 3 61
1.800000 0.000000 -0.600000 0.0 1.0 0.0 91 120 73 0.880 3 61
1.800000 0.000000 -0.500000 0.0 1.0 0.0 91 120 73 0.880 3 61
1.800000 0.000000 -0.400000 0.0 1.0 0.0 91 120 73 0.880 3 61
1.800000 0.000000 -0.300000 0.0 1.0 0.0 91 120 73 0.880 3 61
1.800000 0.000000 -0.200000 0.0 1.0 0.0 91 120 73 0.880 3 61
1.800000 0.000000 -0.100000 0.0 1.0 0.0 91 120 73 0.880 3 61
1.800000 0.000000 0.000000 0.0 1.0 0.0 91 120 73 0.880 3 61
1.800000 0.000000 0.100000 0.0 1.0 0.0 91 120 73 0.880 3 61
1.800000 0.000000 0.200000 0.0 1.0 0.0 91 120 73 0.880 3 61
1.800000 0.000000 0.300000 0.0 1.0 0.0 91 120 73 0.880 3 61
1.800000 0.000000 0.400000 0.0 1.0 0.0 91 120 73 0.880 3 61
1.800000 0.000000 0.500000 0.0 1.0 0.0 91 120 73 0.880 3 61
1.800000 0.000000 0.600000 0.0 1.0 0.0 91 120 73 0.880 3 61
1.800000 0.000000 0.700000 0.0 1.0 0.0 91 120 73 0.880 3 61
1.800000 0.000000 0.800000 0.0 1.0 0.0 91 120 73 0.880 3 61
1.800000 0.000000 0.900000 0.0 1.0 0.0 91 120 73 0.880 3 61
1.800000 0.000000 1.000000 0.0 1.0 0.0 91 120 73 0.880 3 61
1.800000 0.000000 1.100000 0.0 1.0 0.0 91 120 73 0.880 3 61
1.800000 0.000000 1.200000 0.0 1.0 0.0 91 120 73 0.880 3 61
1.800000 0.000000 1.300000 0.0 1.0 0.0 91 120 73 0.880 3 61
1.800000 0.000000 1.400000 0.0 1.0 0.0 91 120 73 0.880 3 61
1.800000 0.000000 1.500000 0.0 1.0 0.0 91 120 73 0.880 3 61
1.800000 0.000000 1.600000 0.0 1.0 0.0 91 120 73 0.880 3 61
1.800000 0.000000 1.700000 0.0 1.0 0.0 91 120 73 0.880 3 61
1.800000 0.000000 1.800000 0.0 1.0 0.0 91 120 73 0.880 3 61
1.800000 0.000000 1.900000 0.0 1.0 0.0 91 120 73 0.880 3 61
1.800000 0.000000 2.000000 0.0 1.0 0.0 91 120 73 0.880 3 61
1.800000 0.000000 2.100000 0.0 1.0 0.0 91 120 73 0.880 3 61
1.800000 0.000000 2.200000 0.0 1.0 0.0 91 120 73 0.880 3 61
1.800000 0.000000 2.300000 0.0 1.0 0.0 91 120 73 0.880 3 61
1.800000 0.000000 2.400000 0.0 1.0 0.0 91 120 73 0.880 3 61
1.800000 0.000000 2.500000 0.0 1.0 0.0 91 120 73 0.880 3 61
1.800000 0.000000 2.600000 0.0 1.0 0.0 91 120 73 0.880 3 61
1.800000 0.000000 2.700000 0.0 1.0 0.0 91 120 73 0.880 3 61
1.800000 0.000000 2.800000 0.0 1.0 0.0 91 120 73 0.880 3 61
1.800000 0.000000 2.900000 0.0 1.0 0.0 91 120 73 0.880 3 61
1.800000 0.000000 3.000000 0.0 1.0 0.0 91 120 73 0.880 3 61
1.800000 0.000000 3.100000 0.0 1.0 0.0 91 120 73 0.880 3 61
1.800000 0.000000 3.200000 0.0 1.0 0.0 91 120 73 0.880 3 61
1.800000 0.000000 3.300000 0.0 1.0 0.0 91 120 73 0.880 3 61
1.800000 0.000000 3.400000 0.0 1.0 0.0 91 120 73 0.880 3 61
1.800000 0.000000 3.500000 0.0 1.0 0.0 91 120 73 0.880 3 61
1.800000 0.000000 3.600000 0.0 1.0 0.0 91 120 73 0.880 3 61
1.800000 0.000000 3.700000 0.0 1.0 0.0 91 120 73 0.880 3 61
1.800000 0.000000 3.800000 0.0 1.0 0.0 91 120 73 0.880 3 61
1.800000 0.000000 3.900000 0.0 1.0 0.0 91 120 73 0.880 3 61
1.800000 0.000000 4.000000 0.0 1.0 0.0 91 120 73 0.880 3 61
1.900000 0.000000 -2.000000 0.0 1.0 0.0 91 120 73 0.880 3 61
1.900000 0.000000 -1.900000 0.0 1.0 0.0 91 120 73 0.880 3 61
1.900000 0.000000 -1.800000 0.0 1.0 0.0 91 120 73 0.880 3 61
1.900000 0.000000 -1.700000 0.0 1.0 0.0 91 120 73 0.880 3 61
1.900000 0.000000 -1.600000 0.0 1.0 0.0 91 120 73 0.880 3 61
1.900000 0.000000 -1.500000 0.0 1.0 0.0 91 120 73 0.880 3 61
1.900000 0.000000 -1.400000 0.0 1.0 0.0 91 120 73 0.880 3 61
1.900000 0.000000 -1.300000 0.0 1.0 0.0 91 120 73 0.880 3 61
1.900000 0.000000 -1.200000 0.0 1.0 0.0 91 120 73 0.880 3 61
1.900000 0.000000 -1.100000 0.0 1.0 0.0 91 120 73 0.880 3 61
1.900000 0.000000 -1.000000 0.0 1.0 0.0 91 120 73 0.880 3 61
1.900000 0.000000 -0.900000 0.0 1.0 0.0 91 120 73 0.880 3 61
1.900000 0.000000 -0.800000 0.0 1.0 0.0 91 120 73 0.880 3 61
1.900000 0.000000 -0.700000 0.0 1.0 0.0 91 120 73 0.880 3 61
1.900000 0.000000 -0.600000 0.0 1.0 0.0 91 120 73 0.880 3 61
1.900000 0.000000 -0.500000 0.0 1.0 0.0 91 120 73 0.880 3 61
1.900000 0.000000 -0.400000 0.0 1.0 0.0 91 120 73 0.880 3 61
1.900000 0.000000 -0.300000 0.0 1.0 0.0 91 120 73 0.880 3 61
1.900000 0.000000 -0.200000 0.0 1.0 0.0 91 120 73 0.880 3 61
1.900000 0.000000 -0.100000 0.0 1.0 0.0 91 120 73 0.880 3 61
1.900000 0.000000 0.000000 0.0 1.0 0.0 91 120 73 0.880 3 61
1.900000 0.000000 0.100000 0.0 1.0 0.0 91 120 73 0.880 3 61
1.900000 0.000000 0.200000 0.0 1.0 0.0 91 120 73 0.880 3 61
1.900000 0.000000 0.300000 0.0 1.0 0.0 91 120 73 0.880 3 61
1.900000 0.000000 0.400000 0.0 1.0 0.0 91 120 73 0.880 3 61
1.900000 0.000000 0.500000 0.0 1.0 0.0 91 120 73 0.880 3 61
1.900000 0.000000 0.600000 0.0 1.0 0.0 91 120 73 0.880 3 61
1.900000 0.000000 0.700000 0.0 1.0 0.0 91 120 73 0.880 3 61
1.900000 0.000000 0.800000 0.0 1.0 0.0 91 120 73 0.880 3 61
1.900000 0.000000 0.900000 0.0 1.0 0.0 91 120 73 0.880 3 61
1.900000 0.000000 1.000000 0.0 1.0 0.0 91 120 73 0.880 3 61
1.900000 0.000000 1.100000 0.0 1.0 0.0 91 120 73 0.880 3 61
1.900000 0.000000 1.200000 0.0 1.0 0.0 91 120 73 0.880 3 61
1.900000 0.000000 1.300000 0.0 1.0 0.0 91 120 73 0.880 3 61
1.900000 0.000000 1.400000 0.0 1.0 0.0 91 120 73 0.880 3 61
1.900000 0.000000 1.500000 0.0 1.0 0.0 91 120 73 0.880 3 61
1.900000 0.000000 1.600000 0.0 1.0 0.0 91 120 73 0.880 3 61
1.900000 0.000000 1.700000 0.0 1.0 0.0 91 120 73 0.880 3 61
1.900000 0.000000 1.800000 0.0 1.0 0.0 91 120 73 0.880 3 61
1.900000 0.000000 1.900000 0.0 1.0 0.0 91 120 73 0.880 3 61
1.900000 0.000000 2.000000 0.0 1.0 0.0 91 120 73 0.880 3 61
1.900000 0.000000 2.100000 0.0 1.0 0.0 91 120 73 0.880 3 61
1.900000 0.000000 2.200000 0.0 1.0 0.0 91 120 73 0.880 3 61
1.900000 0.000000 2.300000 0.0 1.0 0.0 91 120 73 0.880 3 61
1.900000 0.000000 2.400000 0.0 1.0 0.0 91 120 73 0.880 3 61
1.900000 0.000000 2.500000 0.0 1.0 0.0 91 120 73 0.880 3 61
1.900000 0.000000 2.600000 0.0 1.0 0.0 91 120 73 0.880 3 61
1.900000 0.000000 2.700000 0.0 1.0 0.0 91 120 73 0.880 3 61
1.900000 0.000000 2.800000 0.0 1.0 0.0 91 120 73 0.880 3 61
1.900000 0.000000 2.900000 0.0 1.0 0.0 91 120 73 0.880 3 61
1.900000 0.000000 3.000000 0.0 1.0 0.0 91 120 73 0.880 3 61
1.900000 0.000000 3.100000 0.0 1.0 0.0 91 120 73 0.880 3 61
1.900000 0.000000 3.200000 0.0 1.0 0.0 91 120 73 0.880 3 61
1.900000 0.000000 3.300000 0.0 1.0 0.0 91 120 73 0.880 3 61
1.900000 0.000000 3.400000 0.0 1.0 0.0 91 120 73 0.880 3 61
1.900000 0.000000 3.500000 0.0 1.0 0.0 91 120 73 0.880 3 61
1.900000 0.000000 3.600000 0.0 1.0 0.0 91 120 73 0.880 3 61
1.900000 0.000000 3.700000 0.0 1.0 0.0 91 120 73 0.880 3 61
1.900000 0.000000 3.800000 0.0 1.0 0.0 91 120 73 0.880 3 61
1.900000 0.000000 3.900000 0.0 1.0 0.0 91 120 73 0.880 3 61
1.900000 0.000000 4.000000 0.0 1.0 0.0 91 120 73 0.880 3 61
2.000000 0.000000 -2.000000 0.0 1.0 0.0 91 120 73 0.880 3 61
2.000000 0.000000 -1.900000 0.0 1.0 0.0 91 120 73 0.880 3 61
2.000000 0.000000 -1.800000 0.0 1.0 0.0 91 120 73 0.880 3 61
2.000000 0.000000 -1.700000 0.0 1.0 0.0 91 120 73 0.880 3 61
2.000000 0.000000 -1.600000 0.0 1.0 0.0 91 120 73 0.880 3 61
2.000000 0.000000 -1.500000 0.0 1.0 0.0 91 120 73 0.880 3 61
2.000000 0.000000 -1.400000 0.0 1.0 0.0 91 120 73 0.880 3 61
2.000000 0.000000 -1.300000 0.0 1.0 0.0 91 120 73 0.880 3 61
2.000000 0.000000 -1.200000 0.0 1.0 0.0 91 120 73 0.880 3 61
2.000000 0.000000 -1.100000 0.0 1.0 0.0 91 120 73 0.880 3 61
2.000000 0.000000 -1.000000 0.0 1.0 0.0 91 120 73 0.880 3 61
2.000000 0.000000 -0.900000 0.0 1.0 0.0 91 120 73 0.880 3 61
2.000000 0.000000 -0.800000 0.0 1.0 0.0 91 120 73 0.880 3 61
2.000000 0.000000 -0.700000 0.0 1.0 0.0 91 120 73 0.880 3 61
2.000000 0.000000 -0.600000 0.0 1.0 0.0 91 120 73 0.880 3 61
2.000000 0.000000 -0.500000 0.0 1.0 0.0 91 120 73 0.880 3 61
2.000000 0.000000 -0.400000 0.0 1.0 0.0 91 120 73 0.880 3 61
2.000000 0.000000 -0.300000 0.0 1.0 0.0 91 120 73 0.880 3 61
2.000000 0.000000 -0.200000 0.0 1.0 0.0 91 120 73 0.880 3 61
2.000000 0.000000 -0.100000 0.0 1.0 0.0 91 120 73 0.880 3 61
2.000000 0.000000 0.000000 0.0 1.0 0.0 91 120 73 0.880 3 61
2.000000 0.000000 0.100000 0.0 1.0 0.0 91 120 73 0.880 3 61
2.000000 0.000000 0.200000 0.0 1.0 0.0 91 120 73 0.880 3 61
2.000000 0.000000 0.300000 0.0 1.0 0.0 91 120 73 0.880 3 61
2.000000 0.000000 0.400000 0.0 1.0 0.0 91 120 73 0.880 3 61
2.000000 0.000000 0.500000 0.0 1.0 0.0 91 120 73 0.880 3 61
2.000000 0.000000 0.600000 0.0 1.0 0.0 91 120 73 0.880 3 61
2.000000 0.000000 0.700000 0.0 1.0 0.0 91 120 73 0.880 3 61
2.000000 0.000000 0.800000 0.0 1.0 0.0 91 120 73 0.880 3 61
2.000000 0.000000 0.900000 0.0 1.0 0.0 91 120 73 0.880 3 61
2.000000 0.000000 1.000000 0.0 1.0 0.0 91 120 73 0.880 3 61
2.000000 0.000000 1.100000 0.0 1.0 0.0 91 120 73 0.880 3 61
2.000000 0.000000 1.200000 0.0 1.0 0.0 91 120 73 0.880 3 61
2.000000 0.000000 1.300000 0.0 1.0 0.0 91 120 73 0.880 3 61
2.000000 0.000000 1.400000 0.0 1.0 0.0 91 120 73 0.880 3 61
2.000000 0.000000 1.500000 0.0 1.0 0.0 91 120 73 0.880 3 61
2.000000 0.000000 1.600000 0.0 1.0 0.0 91 120 73 0.880 3 61
2.000000 0.000000 1.700000 0.0 1.0 0.0 91 120 73 0.880 3 61
2.000000 0.000000 1.800000 0.0 1.0 0.0 91 120 73 0.880 3 61
2.000000 0.000000 1.900000 0.0 1.0 0.0 91 120 73 0.880 3 61
2.000000 0.000000 2.000000 0.0 1.0 0.0 91 120 73 0.880 3 61
2.000000 0.000000 2.100000 0.0 1.0 0.0 91 120 73 0.880 3 61
2.000000 0.000000 2.200000 0.0 1.0 0.0 91 120 73 0.880 3 61
2.000000 0.000000 2.300000 0.0 1.0 0.0 91 120 73 0.880 3 61
2.000000 0.000000 2.400000 0.0 1.0 0.0 91 120 73 0.880 3 61
2.000000 0.000000 2.500000 0.0 1.0 0.0 91 120 73 0.880 3 61
2.000000 0.000000 2.600000 0.0 1.0 0.0 91 120 73 0.880 3 61
2.000000 0.000000 2.700000 0.0 1.0 0.0 91 120 73 0.880 3 61
2.000000 0.000000 2.800000 0.0 1.0 0.0 91 120 73 0.880 3 61
2.000000 0.000000 2.900000 0.0 1.0 0.0 91 120 73 0.880 3 61
2.000000 0.000000 3.000000 0.0 1.0 0.0 91 120 73 0.880 3 61
2.000000 0.000000 3.100000 0.0 1.0 0.0 91 120 73 0.880 3 61
2.000000 0.000000 3.200000 0.0 1.0 0.0 91 120 73 0.880 3 61
2.000000 0.000000 3.300000 0.0 1.0 0.0 91 120 73 0.880 3 61
2.000000 0.000000 3.400000 0.0 1.0 0.0 91 120 73 0.880 3 61
2.000000 0.000000 3.500000 0.0 1.0 0.0 91 120 73 0.880 3 61
2.000000 0.000000 3.600000 0.0 1.0 0.0 91 120 73 0.880 3 61
2.000000 0.000000 3.700000 0.0 1.0 0.0 91 120 73 0.880 3 61
2.000000 0.000000 3.800000 0.0 1.0 0.0 91 120 73 0.880 3 61
2.000000 0.000000 3.900000 0.0 1.0 0.0 91 120 73 0.880 3 61
2.000000 0.000000 4.000000 0.0 1.0 0.0 91 120 73 0.880 3 61
2.100000 0.000000 -2.000000 0.0 1.0 0.0 91 120 73 0.880 3 61
2.100000 0.000000 -1.900000 0.0 1.0 0.0 91 120 73 0.880 3 61
2.100000 0.000000 -1.800000 0.0 1.0 0.0 91 120 73 0.880 3 61
2.100000 0.000000 -1.700000 0.0 1.0 0.0 91 120 73 0.880 3 61
2.100000 0.000000 -1.600000 0.0 1.0 0.0 91 120 73 0.880 3 61
2.100000 0.000000 -1.500000 0.0 1.0 0.0 91 120 73 0.880 3 61
2.100000 0.000000 -1.400000 0.0 1.0 0.0 91 120 73 0.880 3 61
2.100000 0.000000 -1.300000 0.0 1.0 0.0 91 120 73 0.880 3 61
2.100000 0.000000 -1.200000 0.0 1.0 0.0 91 120 73 0.880 3 61
2.100000 0.000000 -1.100000 0.0 1.0 0.0 91 120 73 0.880 3 61
2.100000 0.000000 -1.000000 0.0 1.0 0.0 91 120 73 0.880 3 61
2.100000 0.000000 -0.900000 0.0 1.0 0.0 91 120 73 0.880 3 61
2.100000 0.000000 -0.800000 0.0 1.0 0.0 91 120 73 0.880 3 61
2.100000 0.000000 -0.700000 0.0 1.0 0.0 91 120 73 0.880 3 61
2.100000 0.000000 -0.600000 0.0 1.0 0.0 91 120 73 0.880 3 61
2.100000 0.000000 -0.500000 0.0 1.0 0.0 91 120 73 0.880 3 61
2.100000 0.000000 -0.400000 0.0 1.0 0.0 91 120 73 0.880 3 61
2.100000 0.000000 -0.300000 0.0 1.0 0.0 91 120 73 0.880 3 61
2.100000 0.000000 -0.200000 0.0 1.0 0.0 91 120 73 0.880 3 61
2.100000 0.000000 -0.100000 0.0 1.0 0.0 91 120 73 0.880 3 61
2.100000 0.000000 0.000000 0.0 1.0 0.0 91 120 73 0.880 3 61
2.100000 0.000000 0.100000 0.0 1.0 0.0 91 120 73 0.880 3 61
2.100000 0.000000 0.200000 0.0 1.0 0.0 91 120 73 0.880 3 61
2.100000 0.000000 0.300000 0.0 1.0 0.0 91 120 73 0.880 3 61
2.100000 0.000000 0.400000 0.0 1.0 0.0 91 120 73 0.880 3 61
2.100000 0.000000 0.500000 0.0 1.0 0.0 91 120 73 0.880 3 61
2.100000 0.000000 0.600000 0.0 1.0 0.0 91 120 73 0.880 3 61
2.100000 0.000000 0.700000 0.0 1.0 0.0 91 120 73 0.880 3 61
2.100000 0.000000 0.800000 0.0 1.0 0.0 91 120 73 0.880 3 61
2.100000 0.000000 0.900000 0.0 1.0 0.0 91 120 73 0.880 3 61
2.100000 0.000000 1.000000 0.0 1.0 0.0 91 120 73 0.880 3 61
2.100000 0.000000 1.100000 0.0 1.0 0.0 91 120 73 0.880 3 61
2.100000 0.000000 1.200000 0.0 1.0 0.0 91 120 73 0.880 3 61
2.100000 0.000000 1.300000 0.0 1.0 0.0 91 120 73 0.880 3 61
2.100000 0.000000 1.400000 0.0 1.0 0.0 91 120 73 0.880 3 61
2.100000 0.000000 1.500000 0.0 1.0 0.0 91 120 73 0.880 3 61
2.100000 0.000000 1.600000 0.0 1.0 0.0 91 120 73 0.880 3 61
2.100000 0.000000 1.700000 0.0 1.0 0.0 91 120 73 0.880 3 61
2.100000 0.000000 1.800000 0.0 1.0 0.0 91 120 73 0.880 3 61
2.100000 0.000000 1.900000 0.0 1.0 0.0 91 120 73 0.880 3 61
2.100000 0.000000 2.000000 0.0 1.0 0.0 91 120 73 0.880 3 61
2.100000 0.000000 2.100000 0.0 1.0 0.0 91 120 73 0.880 3 61
2.100000 0.000000 2.200000 0.0 1.0 0.0 91 120 73 0.880 3 61
2.100000 0.000000 2.300000 0.0 1.0 0.0 91 120 73 0.880 3 61
2.100000 0.000000 2.400000 0.0 1.0 0.0 91 120 73 0.880 3 61
2.100000 0.000000 2.500000 0.0 1.0 0.0 91 120 73 0.880 3 61
2.100000 0.000000 2.600000 0.0 1.0 0.0 91 120 73 0.880 3 61
2.100000 0.000000 2.700000 0.0 1.0 0.0 91 120 73 0.880 3 61
2.100000 0.000000 2.800000 0.0 1.0 0.0 91 120 73 0.880 3 61
2.100000 0.000000 2.900000 0.0 1.0 0.0 91 120 73 0.880 3 61
2.100000 0.000000 3.000000 0.0 1.0 0.0 91 120 73 0.880 3 61
2.100000 0.000000 3.100000 0.0 1.0 0.0 91 120 73 0.880 3 61
2.100000 0.000000 3.200000 0.0 1.0 0.0 91 120 73 0.880 3 61
2.100000 0.000000 3.300000 0.0 1.0 0.0 91 120 73 0.880 3 61
2.100000 0.000000 3.400000 0.0 1.0 0.0 91 120 73 0.880 3 61
2.100000 0.000000 3.500000 0.0 1.0 0.0 91 120 73 0.880 3 61
2.100000 0.000000 3.600000 0.0 1.0 0.0 91 120 73 0.880 3 61
2.100000 0.000000 3.700000 0.0 1.0 0.0 91 120 73 0.880 3 61
2.100000 0.000000 3.800000 0.0 1.0 0.0 91 120 73 0.880 3 61
2.100000 0.000000 3.900000 0.0 1.0 0.0 91 120 73 0.880 3 61
2.100000 0.000000 4.000000 0.0 1.0 0.0 91 120 73 0.880 3 61
2.200000 0.000000 -2.000000 0.0 1.0 0.0 91 120 73 0.880 3 61
2.200000 0.000000 -1.900000 0.0 1.0 0.0 91 120 73 0.880 3 61
2.200000 0.000000 -1.800000 0.0 1.0 0.0 91 120 73 0.880 3 61
2.200000 0.000000 -1.700000 0.0 1.0 0.0 91 120 73 0.880 3 61
2.200000 0.000000 -1.600000 0.0 1.0 0.0 91 120 73 0.880 3 61
2.200000 0.000000 -1.500000 0.0 1.0 0.0 91 120 73 0.880 3 61
2.200000 0.000000 -1.400000 0.0 1.0 0.0 91 120 73 0.880 3 61
2.200000 0.000000 -1.300000 0.0 1.0 0.0 91 120 73 0.880 3 61
2.200000 0.000000 -1.200000 0.0 1.0 0.0 91 120 73 0.880 3 61
2.200000 0.000000 -1.100000 0.0 1.0 0.0 91 120 73 0.880 3 61
2.200000 0.000000 -1.000000 0.0 1.0 0.0 91 120 73 0.880 3 61
2.200000 0.000000 -0.900000 0.0 1.0 0.0 91 120 73 0.880 3 61
2.200000 0.000000 -0.800000 0.0 1.0 0.0 91 120 73 0.880 3 61
2.200000 0.000000 -0.700000 0.0 1.0 0.0 91 120 73 0.880 3 61
2.200000 0.000000 -0.600000 0.0 1.0 0.0 91 120 73 0.880 3 61
2.200000 0.000000 -0.500000 0.0 1.0 0.0 91 120 73 0.880 3 61
2.200000 0.000000 -0.400000 0.0 1.0 0.0 91 120 73 0.880 3 61
2.200000 0.000000 -0.300000 0.0 1.0 0.0 91 120 73 0.880 3 61
2.200000 0.000000 -0.200000 0.0 1.0 0.0 91 120 73 0.880 3 61
2.200000 0.000000 -0.100000 0.0 1.0 0.0 91 120 73 0.880 3 61
2.200000 0.000000 0.000000 0.0 1.0 0.0 91 120 73 0.880 3 61
2.200000 0.000000 0.100000 0.0 1.0 0.0 91 120 73 0.880 3 61
2.200000 0.000000 0.200000 0.0 1.0 0.0 91 120 73 0.880 3 61
2.200000 0.000000 0.300000 0.0 1.0 0.0 91 120 73 0.880 3 61
2.200000 0.000000 0.400000 0.0 1.0 0.0 91 120 73 0.880 3 61
2.200000 0.000000 0.500000 0.0 1.0 0.0 91 120 73 0.880 3 61
2.200000 0.000000 0.600000 0.0 1.0 0.0 91 120 73 0.880 3 61
2.200000 0.000000 0.700000 0.0 1.0 0.0 91 120 73 0.880 3 61
2.200000 0.000000 0.800000 0.0 1.0 0.0 91 120 73 0.880 3 61
2.200000 0.000000 0.900000 0.0 1.0 0.0 91 120 73 0.880 3 61
2.200000 0.000000 1.000000 0.0 1.0 0.0 91 120 73 0.880 3 61
2.200000 0.000000 1.100000 0.0 1.0 0.0 91 120 73 0.880 3 61
2.200000 0.000000 1.200000 0.0 1.0 0.0 91 120 73 0.880 3 61
2.200000 0.000000 1.300000 0.0 1.0 0.0 91 120 73 0.880 3 61
2.200000 0.000000 1.400000 0.0 1.0 0.0 91 120 73 0.880 3 61
2.200000 0.000000 1.500000 0.0 1.0 0.0 91 120 73 0.880 3 61
2.200000 0.000000 1.600000 0.0 1.0 0.0 91 120 73 0.880 3 61
2.200000 0.000000 1.700000 0.0 1.0 0.0 91 120 73 0.880 3 61
2.200000 0.000000 1.800000 0.0 1.0 0.0 91 120 73 0.880 3 61
2.200000 0.000000 1.900000 0.0 1.0 0.0 91 120 73 0.880 3 61
2.200000 0.000000 2.000000 0.0 1.0 0.0 91 120 73 0.880 3 61
2.200000 0.000000 2.100000 0.0 1.0 0.0 91 120 73 0.880 3 61
2.200000 0.000000 2.200000 0.0 1.0 0.0 91 120 73 0.880 3 61
2.200000 0.000000 2.300000 0.0 1.0 0.0 91 120 73 0.880 3 61
2.200000 0.000000 2.400000 0.0 1.0 0.0 91 120 73 0.880 3 61
2.200000 0.000000 2.500000 0.0 1.0 0.0 91 120 73 0.880 3 61
2.200000 0.000000 2.600000 0.0 1.0 0.0 91 120 73 0.880 3 61
2.200000 0.000000 2.700000 0.0 1.0 0.0 91 120 73 0.880 3 61
2.200000 0.000000 2.800000 0.0 1.0 0.0 91 120 73 0.880 3 61
2.200000 0.000000 2.900000 0.0 1.0 0.0 91 120 73 0.880 3 61
2.200000 0.000000 3.000000 0.0 1.0 0.0 91 120 73 0.880 3 61
2.200000 0.000000 3.100000 0.0 1.0 0.0 91 120 73 0.880 3 61
2.200000 0.000000 3.200000 0.0 1.0 0.0 91 120 73 0.880 3 61
2.200000 0.000000 3.300000 0.0 1.0 0.0 91 120 73 0.880 3 61
2.200000 0.000000 3.400000 0.0 1.0 0.0 91 120 73 0.880 3 61
2.200000 0.000000 3.500000 0.0 1.0 0.0 91 120 73 0.880 3 61
2.200000 0.000000 3.600000 0.0 1.0 0.0 91 120 73 0.880 3 61
2.200000 0.000000 3.700000 0.0 1.0 0.0 91 120 73 0.880 3 61
2.200000 0.000000 3.800000 0.0 1.0 0.0 91 120 73 0.880 3 61
2.200000 0.000000 3.900000 0.0 1.0 0.0 91 120 73 0.880 3 61
2.200000 0.000000 4.000000 0.0 1.0 0.0 91 120 73 0.880 3 61
2.300000 0.000000 -2.000000 0.0 1.0 0.0 91 120 73 0.880 3 61
2.300000 0.000000 -1.900000 0.0 1.0 0.0 91 120 73 0.880 3 61
2.300000 0.000000 -1.800000 0.0 1.0 0.0 91 120 73 0.880 3 61
2.300000 0.000000 -1.700000 0.0 1.0 0.0 91 120 73 0.880 3 61
2.300000 0.000000 -1.600000 0.0 1.0 0.0 91 120 73 0.880 3 61
2.300000 0.000000 -1.500000 0.0 1.0 0.0 91 120 73 0.880 3 61
2.300000 0.000000 -1.400000 0.0 1.0 0.0 91 120 73 0.880 3 61
2.300000 0.000000 -1.300000 0.0 1.0 0.0 91 120 73 0.880 3 61
2.300000 0.000000 -1.200000 0.0 1.0 0.0 91 120 73 0.880 3 61
2.300000 0.000000 -1.100000 0.0 1.0 0.0 91 120 73 0.880 3 61
2.300000 0.000000 -1.000000 0.0 1.0 0.0 91 120 73 0.880 3 61
2.300000 0.000000 -0.900000 0.0 1.0 0.0 91 120 73 0.880 3 61
2.300000 0.000000 -0.800000 0.0 1.0 0.0 91 120 73 0.880 3 61
2.300000 0.000000 -0.700000 0.0 1.0 0.0 91 120 73 0.880 3 61
2.300000 0.000000 -0.600000 0.0 1.0 0.0 91 120 73 0.880 3 61
2.300000 0.000000 -0.500000 0.0 1.0 0.0 91 120 73 0.880 3 61
2.300000 0.000000 -0.400000 0.0 1.0 0.0 91 120 73 0.880 3 61
2.300000 0.000000 -0.300000 0.0 1.0 0.0 91 120 73 0.880 3 61
2.300000 0.000000 -0.200000 0.0 1.0 0.0 91 120 73 0.880 3 61
2.300000 0.000000 -0.100000 0.0 1.0 0.0 91 120 73 0.880 3 61
2.300000 0.000000 0.000000 0.0 1.0 0.0 91 120 73 0.880 3 61
2.300000 0.000000 0.100000 0.0 1.0 0.0 91 120 73 0.880 3 61
2.300000 0.000000 0.200000 0.0 1.0 0.0 91 120 73 0.880 3 61
2.300000 0.000000 0.300000 0.0 1.0 0.0 91 120 73 0.880 3 61
2.300000 0.000000 0.400000 0.0 1.0 0.0 91 120 73 0.880 3 61
2.300000 0.000000 0.500000 0.0 1.0 0.0 91 120 73 0.880 3 61
2.300000 0.000000 0.600000 0.0 1.0 0.0 91 120 73 0.880 3 61
2.300000 0.000000 0.700000 0.0 1.0 0.0 91 120 73 0.880 3 61
2.300000 0.000000 0.800000 0.0 1.0 0.0 91 120 73 0.880 3 61
2.300000 0.000000 0.900000 0.0 1.0 0.0 91 120 73 0.880 3 61
2.300000 0.000000 1.000000 0.0 1.0 0.0 91 120 73 0.880 3 61
2.300000 0.000000 1.100000 0.0 1.0 0.0 91 120 73 0.880 3 61
2.300000 0.000000 1.200000 0.0 1.0 0.0 91 120 73 0.880 3 61
2.300000 0.000000 1.300000 0.0 1.0 0.0 91 120 73 0.880 3 61
2.300000 0.000000 1.400000 0.0 1.0 0.0 91 120 73 0.880 3 61
2.300000 0.000000 1.500000 0.0 1.0 0.0 91 120 73 0.880 3 61
2.300000 0.000000 1.600000 0.0 1.0 0.0 91 120 73 0.880 3 61
2.300000 0.000000 1.700000 0.0 1.0 0.0 91 120 73 0.880 3 61
2.300000 0.000000 1.800000 0.0 1.0 0.0 91 120 73 0.880 3 61
2.300000 0.000000 1.900000 0.0 1.0 0.0 91 120 73 0.880 3 61
2.300000 0.000000 2.000000 0.0 1.0 0.0 91 120 73 0.880 3 61
2.300000 0.000000 2.100000 0.0 1.0 0.0 91 120 73 0.880 3 61
2.300000 0.000000 2.200000 0.0 1.0 0.0 91 120 73 0.880 3 61
2.300000 0.000000 2.300000 0.0 1.0 0.0 91 120 73 0.880 3 61
2.300000 0.000000 2.400000 0.0 1.0 0.0 91 120 73 0.880 3 61
2.300000 0.000000 2.500000 0.0 1.0 0.0 91 120 73 0.880 3 61
2.300000 0.000000 2.600000 0.0 1.0 0.0 91 120 73 0.880 3 61
2.300000 0.000000 2.700000 0.0 1.0 0.0 91 120 73 0.880 3 61
2.300000 0.000000 2.800000 0.0 1.0 0.0 91 120 73 0.880 3 61
2.300000 0.000000 2.900000 0.0 1.0 0.0 91 120 73 0.880 3 61
2.300000 0.000000 3.000000 0.0 1.0 0.0 91 120 73 0.880 3 61
2.300000 0.000000 3.100000 0.0 1.0 0.0 91 120 73 0.880 3 61
2.300000 0.000000 3.200000 0.0 1.0 0.0 91 120 73 0.880 3 61
2.300000 0.000000 3.300000 0.0 1.0 0.0 91 120 73 0.880 3 61
2.300000 0.000000 3.400000 0.0 1.0 0.0 91 120 73 0.880 3 61
2.300000 0.000000 3.500000 0.0 1.0 0.0 91 120 73 0.880 3 61
2.300000 0.000000 3.600000 0.0 1.0 0.0 91 120 73 0.880 3 61
2.300000 0.000000 3.700000 0.0 1.0 0.0 91 120 73 0.880 3 61
2.300000 0.000000 3.800000 0.0 1.0 0.0 91 120 73 0.880 3 61
2.300000 0.000000 3.900000 0.0 1.0 0.0 91 120 73 0.880 3 61
2.300000 0.000000 4.000000 0.0 1.0 0.0 91 120 73 0.880 3 61
2.400000 0.000000 -2.000000 0.0 1.0 0.0 91 120 73 0.880 3 61
2.400000 0.000000 -1.900000 0.0 1.0 0.0 91 120 73 0.880 3 61
2.400000 0.000000 -1.800000 0.0 1.0 0.0 91 120 73 0.880 3 61
2.400000 0.000000 -1.700000 0.0 1.0 0.0 91 120 73 0.880 3 61
2.400000 0.000000 -1.600000 0.0 1.0 0.0 91 120 73 0.880 3 61
2.400000 0.000000 -1.500000 0.0 1.0 0.0 91 120 73 0.880 3 61
2.400000 0.000000 -1.400000 0.0 1.0 0.0 91 120 73 0.880 3 61
2.400000 0.000000 -1.300000 0.0 1.0 0.0 91 120 73 0.880 3 61
2.400000 0.000000 -1.200000 0.0 1.0 0.0 91 120 73 0.880 3 61
2.400000 0.000000 -1.100000 0.0 1.0 0.0 91 120 73 0.880 3 61
2.400000 0.000000 -1.000000 0.0 1.0 0.0 91 120 73 0.880 3 61
2.400000 0.000000 -0.900000 0.0 1.0 0.0 91 120 73 0.880 3 61
2.400000 0.000000 -0.800000 0.0 1.0 0.0 91 120 73 0.880 3 61
2.400000 0.000000 -0.700000 0.0 1.0 0.0 91 120 73 0.880 3 61
2.400000 0.000000 -0.600000 0.0 1.0 0.0 91 120 73 0.880 3 61
2.400000 0.000000 -0.500000 0.0 1.0 0.0 91 120 73 0.880 3 61
2.400000 0.000000 -0.400000 0.0 1.0 0.0 91 120 73 0.880 3 61
2.400000 0.000000 -0.300000 0.0 1.0 0.0 91 120 73 0.880 3 61
2.400000 0.000000 -0.200000 0.0 1.0 0.0 91 120 73 0.880 3 61
2.400000 0.000000 -0.100000 0.0 1.0 0.0 91 120 73 0.880 3 61
2.400000 0.000000 0.000000 0.0 1.0 0.0 91 120 73 0.880 3 61
2.400000 0.000000 0.100000 0.0 1.0 0.0 91 120 73 0.880 3 61
2.400000 0.000000 0.200000 0.0 1.0 0.0 91 120 73 0.880 3 61
2.400000 0.000000 0.300000 0.0 1.0 0.0 91 120 73 0.880 3 61
2.400000 0.000000 0.400000 0.0 1.0 0.0 91 120 73 0.880 3 61
2.400000 0.000000 0.500000 0.0 1.0 0.0 91 120 73 0.880 3 61
2.400000 0.000000 0.600000 0.0 1.0 0.0 91 120 73 0.880 3 61
2.400000 0.000000 0.700000 0.0 1.0 0.0 91 120 73 0.880 3 61
2.400000 0.000000 0.800000 0.0 1.0 0.0 91 120 73 0.880 3 61
2.400000 0.000000 0.900000 0.0 1.0 0.0 91 120 73 0.880 3 61
2.400000 0.000000 1.000000 0.0 1.0 0.0 91 120 73 0.880 3 61
2.400000 0.000000 1.100000 0.0 1.0 0.0 91 120 73 0.880 3 61
2.400000 0.000000 1.200000 0.0 1.0 0.0 91 120 73 0.880 3 61
2.400000 0.000000 1.300000 0.0 1.0 0.0 91 120 73 0.880 3 61
2.400000 0.000000 1.400000 0.0 1.0 0.0 91 120 73 0.880 3 61
2.400000 0.000000 1.500000 0.0 1.0 0.0 91 120 73 0.880 3 61
2.400000 0.000000 1.600000 0.0 1.0 0.0 91 120 73 0.880 3 61
2.400000 0.000000 1.700000 0.0 1.0 0.0 91 120 73 0.880 3 61
2.400000 0.000000 1.800000 0.0 1.0 0.0 91 120 73 0.880 3 61
2.400000 0.000000 1.900000 0.0 1.0 0.0 91 120 73 0.880 3 61
2.400000 0.000000 2.000000 0.0 1.0 0.0 91 120 73 0.880 3 61
2.400000 0.000000 2.100000 0.0 1.0 0.0 91 120 73 0.880 3 61
2.400000 0.000000 2.200000 0.0 1.0 0.0 91 120 73 0.880 3 61
2.400000 0.000000 2.300000 0.0 1.0 0.0 91 120 73 0.880 3 61
2.400000 0.000000 2.400000 0.0 1.0 0.0 91 120 73 0.880 3 61
2.400000 0.000000 2.500000 0.0 1.0 0.0 91 120 73 0.880 3 61
2.400000 0.000000 2.600000 0.0 1.0 0.0 91 120 73 0.880 3 61
2.400000 0.000000 2.700000 0.0 1.0 0.0 91 120 73 0.880 3 61
2.400000 0.000000 2.800000 0.0 1.0 0.0 91 120 73 0.880 3 61
2.400000 0.000000 2.900000 0.0 1.0 0.0 91 120 73 0.880 3 61
2.400000 0.000000 3.000000 0.0 1.0 0.0 91 120 73 0.880 3 61
2.400000 0.000000 3.100000 0.0 1.0 0.0 91 120 73 0.880 3 61
2.400000 0.000000 3.200000 0.0 1.0 0.0 91 120 73 0.880 3 61
2.400000 0.000000 3.300000 0.0 1.0 0.0 91 120 73 0.880 3 61
2.400000 0.000000 3.400000 0.0 1.0 0.0 91 120 73 0.880 3 61
2.400000 0.000000 3.500000 0.0 1.0 0.0 91 120 73 0.880 3 61
2.400000 0.000000 3.600000 0.0 1.0 0.0 91 120 73 0.880 3 61
2.400000 0.000000 3.700000 0.0 1.0 0.0 91 120 73 0.880 3 61
2.400000 0.000000 3.800000 0.0 1.0 0.0 91 120 73 0.880 3 61
2.400000 0.000000 3.900000 0.0 1.0 0.0 91 120 73 0.880 3 61
2.400000 0.000000 4.000000 0.0 1.0 0.0 91 120 73 0.880 3 61
2.500000 0.000000 -2.000000 0.0 1.0 0.0 91 120 73 0.880 3 61
2.500000 0.000000 -1.900000 0.0 1.0 0.0 91 120 73 0.880 3 61
2.500000 0.000000 -1.800000 0.0 1.0 0.0 91 120 73 0.880 3 61
2.500000 0.000000 -1.700000 0.0 1.0 0.0 91 120 73 0.880 3 61
2.500000 0.000000 -1.600000 0.0 1.0 0.0 91 120 73 0.880 3 61
2.500000 0.000000 -1.500000 0.0 1.0 0.0 91 120 73 0.880 3 61
2.500000 0.000000 -1.400000 0.0 1.0 0.0 91 120 73 0.880 3 61
2.500000 0.000000 -1.300000 0.0 1.0 0.0 91 120 73 0.880 3 61
2.500000 0.000000 -1.200000 0.0 1.0 0.0 91 120 73 0.880 3 61
2.500000 0.000000 -1.100000 0.0 1.0 0.0 91 120 73 0.880 3 61
2.500000 0.000000 -1.000000 0.0 1.0 0.0 91 120 73 0.880 3 61
2.500000 0.000000 -0.900000 0.0 1.0 0.0 91 120 73 0.880 3 61
2.500000 0.000000 -0.800000 0.0 1.0 0.0 91 120 73 0.880 3 61
2.500000 0.000000 -0.700000 0.0 1.0 0.0 91 120 73 0.880 3 61
2.500000 0.000000 -0.600000 0.0 1.0 0.0 91 120 73 0.880 3 61
2.500000 0.000000 -0.500000 0.0 1.0 0.0 91 120 73 0.880 3 61
2.500000 0.000000 -0.400000 0.0 1.0 0.0 91 120 73 0.880 3 61
2.500000 0.000000 -0.300000 0.0 1.0 0.0 91 120 73 0.880 3 61
2.500000 0.000000 -0.200000 0.0 1.0 0.0 91 120 73 0.880 3 61
2.500000 0.000000 -0.100000 0.0 1.0 0.0 91 120 73 0.880 3 61
2.500000 0.000000 0.000000 0.0 1.0 0.0 91 120 73 0.880 3 61
2.500000 0.000000 0.100000 0.0 1.0 0.0 91 120 73 0.880 3 61
2.500000 0.000000 0.200000 0.0 1.0 0.0 91 120 73 0.880 3 61
2.500000 0.000000 0.300000 0.0 1.0 0.0 91 120 73 0.880 3 61
2.500000 0.000000 0.400000 0.0 1.0 0.0 91 120 73 0.880 3 61
2.500000 0.000000 0.500000 0.0 1.0 0.0 91 120 73 0.880 3 61
2.500000 0.000000 0.600000 0.0 1.0 0.0 91 120 73 0.880 3 61
2.500000 0.000000 0.700000 0.0 1.0 0.0 91 120 73 0.880 3 61
2.500000 0.000000 0.800000 0.0 1.0 0.0 91 120 73 0.880 3 61
2.500000 0.000000 0.900000 0.0 1.0 0.0 91 120 73 0.880 3 61
2.500000 0.000000 1.000000 0.0 1.0 0.0 91 120 73 0.880 3 61
2.500000 0.000000 1.100000 0.0 1.0 0.0 91 120 73 0.880 3 61
2.500000 0.000000 1.200000 0.0 1.0 0.0 91 120 73 0.880 3 61
2.500000 0.000000 1.300000 0.0 1.0 0.0 91 120 73 0.880 3 61
2.500000 0.000000 1.400000 0.0 1.0 0.0 91 120 73 0.880 3 61
2.500000 0.000000 1.500000 0.0 1.0 0.0 91 120 73 0.880 3 61
2.500000 0.000000 1.600000 0.0 1.0 0.0 91 120 73 0.880 3 61
2.500000 0.000000 1.700000 0.0 1.0 0.0 91 120 73 0.880 3 61
2.500000 0.000000 1.800000 0.0 1.0 0.0 91 120 73 0.880 3 61
2.500000 0.000000 1.900000 0.0 1.0 0.0 91 120 73 0.880 3 61
2.500000 0.000000 2.000000 0.0 1.0 0.0 91 120 73 0.880 3 61
2.500000 0.000000 2.100000 0.0 1.0 0.0 91 120 73 0.880 3 61
2.500000 0.000000 2.200000 0.0 1.0 0.0 91 120 73 0.880 3 61
2.500000 0.000000 2.300000 0.0 1.0 0.0 91 120 73 0.880 3 61
2.500000 0.000000 2.400000 0.0 1.0 0.0 91 120 73 0.880 3 61
2.500000 0.000000 2.500000 0.0 1.0 0.0 91 120 73 0.880 3 61
2.500000 0.000000 2.600000 0.0 1.0 0.0 91 120 73 0.880 3 61
2.500000 0.000000 2.700000 0.0 1.0 0.0 91 120 73 0.880 3 61
2.500000 0.000000 2.800000 0.0 1.0 0.0 91 120 73 0.880 3 61
2.500000 0.000000 2.900000 0.0 1.0 0.0 91 120 73 0.880 3 61
2.500000 0.000000 3.000000 0.0 1.0 0.0 91 120 73 0.880 3 61
2.500000 0.000000 3.100000 0.0 1.0 0.0 91 120 73 0.880 3 61
2.500000 0.000000 3.200000 0.0 1.0 0.0 91 120 73 0.880 3 61
2.500000 0.000000 3.300000 0.0 1.0 0.0 91 120 73 0.880 3 61
2.500000 0.000000 3.400000 0.0 1.0 0.0 91 120 73 0.880 3 61
2.500000 0.000000 3.500000 0.0 1.0 0.0 91 120 73 0.880 3 61
2.500000 0.000000 3.600000 0.0 1.0 0.0 91 120 73 0.880 3 61
2.500000 0.000000 3.700000 0.0 1.0 0.0 91 120 73 0.880 3 61
2.500000 0.000000 3.800000 0.0 1.0 0.0 91 120 73 0.880 3 61
2.500000 0.000000 3.900000 0.0 1.0 0.0 91 120 73 0.880 3 61
2.500000 0.000000 4.000000 0.0 1.0 0.0 91 120 73 0.880 3 61
2.600000 0.000000 -2.000000 0.0 1.0 0.0 91 120 73 0.880 3 61
2.600000 0.000000 -1.900000 0.0 1.0 0.0 91 120 73 0.880 3 61
2.600000 0.000000 -1.800000 0.0 1.0 0.0 91 120 73 0.880 3 61
2.600000 0.000000 -1.700000 0.0 1.0 0.0 91 120 73 0.880 3 61
2.600000 0.000000 -1.600000 0.0 1.0 0.0 91 120 73 0.880 3 61
2.600000 0.000000 -1.500000 0.0 1.0 0.0 91 120 73 0.880 3 61
2.600000 0.000000 -1.400000 0.0 1.0 0.0 91 120 73 0.880 3 61
2.600000 0.000000 -1.300000 0.0 1.0 0.0 91 120 73 0.880 3 61
2.600000 0.000000 -1.200000 0.0 1.0 0.0 91 120 73 0.880 3 61
2.600000 0.000000 -1.100000 0.0 1.0 0.0 91 120 73 0.880 3 61
2.600000 0.000000 -1.000000 0.0 1.0 0.0 91 120 73 0.880 3 61
2.600000 0.000000 -0.900000 0.0 1.0 0.0 91 120 73 0.880 3 61
2.600000 0.000000 -0.800000 0.0 1.0 0.0 91 120 73 0.880 3 61
2.600000 0.000000 -0.700000 0.0 1.0 0.0 91 120 73 0.880 3 61
2.600000 0.000000 -0.600000 0.0 1.0 0.0 91 120 73 0.880 3 61
2.600000 0.000000 -0.500000 0.0 1.0 0.0 91 120 73 0.880 3 61
2.600000 0.000000 -0.400000 0.0 1.0 0.0 91 120 73 0.880 3 61
2.600000 0.000000 -0.300000 0.0 1.0 0.0 91 120 73 0.880 3 61
2.600000 0.000000 -0.200000 0.0 1.0 0.0 91 120 73 0.880 3 61
2.600000 0.000000 -0.100000 0.0 1.0 0.0 91 120 73 0.880 3 61
2.600000 0.000000 0.000000 0.0 1.0 0.0 91 120 73 0.880 3 61
2.600000 0.000000 0.100000 0.0 1.0 0.0 91 120 73 0.880 3 61
2.600000 0.000000 0.200000 0.0 1.0 0.0 91 120 73 0.880 3 61
2.600000 0.000000 0.300000 0.0 1.0 0.0 91 120 73 0.880 3 61
2.600000 0.000000 0.400000 0.0 1.0 0.0 91 120 73 0.880 3 61
2.600000 0.000000 0.500000 0.0 1.0 0.0 91 120 73 0.880 3 61
2.600000 0.000000 0.600000 0.0 1.0 0.0 91 120 73 0.880 3 61
2.600000 0.000000 0.700000 0.0 1.0 0.0 91 120 73 0.880 3 61
2.600000 0.000000 0.800000 0.0 1.0 0.0 91 120 73 0.880 3 61
2.600000 0.000000 0.900000 0.0 1.0 0.0 91 120 73 0.880 3 61
2.600000 0.000000 1.000000 0.0 1.0 0.0 91 120 73 0.880 3 61
2.600000 0.000000 1.100000 0.0 1.0 0.0 91 120 73 0.880 3 61
2.600000 0.000000 1.200000 0.0 1.0 0.0 91 120 73 0.880 3 61
2.600000 0.000000 1.300000 0.0 1.0 0.0 91 120 73 0.880 3 61
2.600000 0.000000 1.400000 0.0 1.0 0.0 91 120 73 0.880 3 61
2.600000 0.000000 1.500000 0.0 1.0 0.0 91 120 73 0.880 3 61
2.600000 0.000000 1.600000 0.0 1.0 0.0 91 120 73 0.880 3 61
2.600000 0.000000 1.700000 0.0 1.0 0.0 91 120 73 0.880 3 61
2.600000 0.000000 1.800000 0.0 1.0 0.0 91 120 73 0.880 3 61
2.600000 0.000000 1.900000 0.0 1.0 0.0 91 120 73 0.880 3 61
2.600000 0.000000 2.000000 0.0 1.0 0.0 91 120 73 0.880 3 61
2.600000 0.000000 2.100000 0.0 1.0 0.0 91 120 73 0.880 3 61
2.600000 0.000000 2.200000 0.0 1.0 0.0 91 120 73 0.880 3 61
2.600000 0.000000 2.300000 0.0 1.0 0.0 91 120 73 0.880 3 61
2.600000 0.000000 2.400000 0.0 1.0 0.0 91 120 73 0.880 3 61
2.600000 0.000000 2.500000 0.0 1.0 0.0 91 120 73 0.880 3 61
2.600000 0.000000 2.600000 0.0 1.0 0.0 91 120 73 0.880 3 61
2.600000 0.000000 2.700000 0.0 1.0 0.0 91 120 73 0.880 3 61
2.600000 0.000000 2.800000 0.0 1.0 0.0 91 120 73 0.880 3 61
2.600000 0.000000 2.900000 0.0 1.0 0.0 91 120 73 0.880 3 61
2.600000 0.000000 3.000000 0.0 1.0 0.0 91 120 73 0.880 3 61
2.600000 0.000000 3.100000 0.0 1.0 0.0 91 120 73 0.880 3 61
2.600000 0.000000 3.200000 0.0 1.0 0.0 91 120 73 0.880 3 61
2.600000 0.000000 3.300000 0.0 1.0 0.0 91 120 73 0.880 3 61
2.600000 0.000000 3.400000 0.0 1.0 0.0 91 120 73 0.880 3 61
2.600000 0.000000 3.500000 0.0 1.0 0.0 91 120 73 0.880 3 61
2.600000 0.000000 3.600000 0.0 1.0 0.0 91 120 73 0.880 3 61
2.600000 0.000000 3.700000 0.0 1.0 0.0 91 120 73 0.880 3 61
2.600000 0.000000 3.800000 0.0 1.0 0.0 91 120 73 0.880 3 61
2.600000 0.000000 3.900000 0.0 1.0 0.0 91 120 73 0.880 3 61
2.600000 0.000000 4.000000 0.0 1.0 0.0 91 120 73 0.880 3 61
2.700000 0.000000 -2.000000 0.0 1.0 0.0 91 120 73 0.880 3 61
2.700000 0.000000 -1.900000 0.0 1.0 0.0 91 120 73 0.880 3 61
2.700000 0.000000 -1.800000 0.0 1.0 0.0 91 120 73 0.880 3 61
2.700000 0.000000 -1.700000 0.0 1.0 0.0 91 120 73 0.880 3 61
2.700000 0.000000 -1.600000 0.0 1.0 0.0 91 120 73 0.880 3 61
2.700000 0.000000 -1.500000 0.0 1.0 0.0 91 120 73 0.880 3 61
2.700000 0.000000 -1.400000 0.0 1.0 0.0 91 120 73 0.880 3 61
2.700000 0.000000 -1.300000 0.0 1.0 0.0 91 120 73 0.880 3 61
2.700000 0.000000 -1.200000 0.0 1.0 0.0 91 120 73 0.880 3 61
2.700000 0.000000 -1.100000 0.0 1.0 0.0 91 120 73 0.880 3 61
2.700000 0.000000 -1.000000 0.0 1.0 0.0 91 120 73 0.880 3 61
2.700000 0.000000 -0.900000 0.0 1.0 0.0 91 120 73 0.880 3 61
2.700000 0.000000 -0.800000 0.0 1.0 0.0 91 120 73 0.880 3 61
2.700000 0.000000 -0.700000 0.0 1.0 0.0 91 120 73 0.880 3 61
2.700000 0.000000 -0.600000 0.0 1.0 0.0 91 120 73 0.880 3 61
2.700000 0.000000 -0.500000 0.0 1.0 0.0 91 120 73 0.880 3 61
2.700000 0.000000 -0.400000 0.0 1.0 0.0 91 120 73 0.880 3 61
2.700000 0.000000 -0.300000 0.0 1.0 0.0 91 120 73 0.880 3 61
2.700000 0.000000 -0.200000 0.0 1.0 0.0 91 120 73 0.880 3 61
2.700000 0.000000 -0.100000 0.0 1.0 0.0 91 120 73 0.880 3 61
2.700000 0.000000 0.000000 0.0 1.0 0.0 91 120 73 0.880 3 61
2.700000 0.000000 0.100000 0.0 1.0 0.0 91 120 73 0.880 3 61
2.700000 0.000000 0.200000 0.0 1.0 0.0 91 120 73 0.880 3 61
2.700000 0.000000 0.300000 0.0 1.0 0.0 91 120 73 0.880 3 61
2.700000 0.000000 0.400000 0.0 1.0 0.0 91 120 73 0.880 3 61
2.700000 0.000000 0.500000 0.0 1.0 0.0 91 120 73 0.880 3 61
2.700000 0.000000 0.600000 0.0 1.0 0.0 91 120 73 0.880 3 61
2.700000 0.000000 0.700000 0.0 1.0 0.0 91 120 73 0.880 3 61
2.700000 0.000000 0.800000 0.0 1.0 0.0 91 120 73 0.880 3 61
2.700000 0.000000 0.900000 0.0 1.0 0.0 91 120 73 0.880 3 61
2.700000 0.000000 1.000000 0.0 1.0 0.0 91 120 73 0.880 3 61
2.700000 0.000000 1.100000 0.0 1.0 0.0 91 120 73 0.880 3 61
2.700000 0.000000 1.200000 0.0 1.0 0.0 91 120 73 0.880 3 61
2.700000 0.000000 1.300000 0.0 1.0 0.0 91 120 73 0.880 3 61
2.700000 0.000000 1.400000 0.0 1.0 0.0 91 120 73 0.880 3 61
2.700000 0.000000 1.500000 0.0 1.0 0.0 91 120 73 0.880 3 61
2.700000 0.000000 1.600000 0.0 1.0 0.0 91 120 73 0.880 3 61
2.700000 0.000000 1.700000 0.0 1.0 0.0 91 120 73 0.880 3 61
2.700000 0.000000 1.800000 0.0 1.0 0.0 91 120 73 0.880 3 61
2.700000 0.000000 1.900000 0.0 1.0 0.0 91 120 73 0.880 3 61
2.700000 0.000000 2.000000 0.0 1.0 0.0 91 120 73 0.880 3 61
2.700000 0.000000 2.100000 0.0 1.0 0.0 91 120 73 0.880 3 61
2.700000 0.000000 2.200000 0.0 1.0 0.0 91 120 73 0.880 3 61
2.700000 0.000000 2.300000 0.0 1.0 0.0 91 120 73 0.880 3 61
2.700000 0.000000 2.400000 0.0 1.0 0.0 91 120 73 0.880 3 61
2.700000 0.000000 2.500000 0.0 1.0 0.0 91 120 73 0.880 3 61
2.700000 0.000000 2.600000 0.0 1.0 0.0 91 120 73 0.880 3 61
2.700000 0.000000 2.700000 0.0 1.0 0.0 91 120 73 0.880 3 61
2.700000 0.000000 2.800000 0.0 1.0 0.0 91 120 73 0.880 3 61
2.700000 0.000000 2.900000 0.0 1.0 0.0 91 120 73 0.880 3 61
2.700000 0.000000 3.000000 0.0 1.0 0.0 91 120 73 0.880 3 61
2.700000 0.000000 3.100000 0.0 1.0 0.0 91 120 73 0.880 3 61
2.700000 0.000000 3.200000 0.0 1.0 0.0 91 120 73 0.880 3 61
2.700000 0.000000 3.300000 0.0 1.0 0.0 91 120 73 0.880 3 61
2.700000 0.000000 3.400000 0.0 1.0 0.0 91 120 73 0.880 3 61
2.700000 0.000000 3.500000 0.0 1.0 0.0 91 120 73 0.880 3 61
2.700000 0.000000 3.600000 0.0 1.0 0.0 91 120 73 0.880 3 61
2.700000 0.000000 3.700000 0.0 1.0 0.0 91 120 73 0.880 3 61
2.700000 0.000000 3.800000 0.0 1.0 0.0 91 120 73 0.880 3 61
2.700000 0.000000 3.900000 0.0 1.0 0.0 91 120 73 0.880 3 61
2.700000 0.000000 4.000000 0.0 1.0 0.0 91 120 73 0.880 3 61
2.800000 0.000000 -2.000000 0.0 1.0 0.0 91 120 73 0.880 3 61
2.800000 0.000000 -1.900000 0.0 1.0 0.0 91 120 73 0.880 3 61
2.800000 0.000000 -1.800000 0.0 1.0 0.0 91 120 73 0.880 3 61
2.800000 0.000000 -1.700000 0.0 1.0 0.0 91 120 73 0.880 3 61
2.800000 0.000000 -1.600000 0.0 1.0 0.0 91 120 73 0.880 3 61
2.800000 0.000000 -1.500000 0.0 1.0 0.0 91 120 73 0.880 3 61
2.800000 0.000000 -1.400000 0.0 1.0 0.0 91 120 73 0.880 3 61
2.800000 0.000000 -1.300000 0.0 1.0 0.0 91 120 73 0.880 3 61
2.800000 0.000000 -1.200000 0.0 1.0 0.0 91 120 73 0.880 3 61
2.800000 0.000000 -1.100000 0.0 1.0 0.0 91 120 73 0.880 3 61
2.800000 0.000000 -1.000000 0.0 1.0 0.0 91 120 73 0.880 3 61
2.800000 0.000000 -0.900000 0.0 1.0 0.0 91 120 73 0.880 3 61
2.800000 0.000000 -0.800000 0.0 1.0 0.0 91 120 73 0.880 3 61
2.800000 0.000000 -0.700000 0.0 1.0 0.0 91 120 73 0.880 3 61
2.800000 0.000000 -0.600000 0.0 1.0 0.0 91 120 73 0.880 3 61
2.800000 0.000000 -0.500000 0.0 1.0 0.0 91 120 73 0.880 3 61
2.800000 0.000000 -0.400000 0.0 1.0 0.0 91 120 73 0.880 3 61
2.800000 0.000000 -0.300000 0.0 1.0 0.0 91 120 73 0.880 3 61
2.800000 0.000000 -0.200000 0.0 1.0 0.0 91 120 73 0.880 3 61
2.800000 0.000000 -0.100000 0.0 1.0 0.0 91 120 73 0.880 3 61
2.800000 0.000000 0.000000 0.0 1.0 0.0 91 120 73 0.880 3 61
2.800000 0.000000 0.100000 0.0 1.0 0.0 91 120 73 0.880 3 61
2.800000 0.000000 0.200000 0.0 1.0 0.0 91 120 73 0.880 3 61
2.800000 0.000000 0.300000 0.0 1.0 0.0 91 120 73 0.880 3 61
2.800000 0.000000 0.400000 0.0 1.0 0.0 91 120 73 0.880 3 61
2.800000 0.000000 0.500000 0.0 1.0 0.0 91 120 73 0.880 3 61
2.800000 0.000000 0.600000 0.0 1.0 0.0 91 120 73 0.880 3 61
2.800000 0.000000 0.700000 0.0 1.0 0.0 91 120 73 0.880 3 61
2.800000 0.000000 0.800000 0.0 1.0 0.0 91 120 73 0.880 3 61
2.800000 0.000000 0.900000 0.0 1.0 0.0 91 120 73 0.880 3 61
2.800000 0.000000 1.000000 0.0 1.0 0.0 91 120 73 0.880 3 61
2.800000 0.000000 1.100000 0.0 1.0 0.0 91 120 73 0.880 3 61
2.800000 0.000000 1.200000 0.0 1.0 0.0 91 120 73 0.880 3 61
2.800000 0.000000 1.300000 0.0 1.0 0.0 91 120 73 0.880 3 61
2.800000 0.000000 1.400000 0.0 1.0 0.0 91 120 73 0.880 3 61
2.800000 0.000000 1.500000 0.0 1.0 0.0 91 120 73 0.880 3 61
2.800000 0.000000 1.600000 0.0 1.0 0.0 91 120 73 0.880 3 61
2.800000 0.000000 1.700000 0.0 1.0 0.0 91 120 73 0.880 3 61
2.800000 0.000000 1.800000 0.0 1.0 0.0 91 120 73 0.880 3 61
2.800000 0.000000 1.900000 0.0 1.0 0.0 91 120 73 0.880 3 61
2.800000 0.000000 2.000000 0.0 1.0 0.0 91 120 73 0.880 3 61
2.800000 0.000000 2.100000 0.0 1.0 0.0 91 120 73 0.880 3 61
2.800000 0.000000 2.200000 0.0 1.0 0.0 91 120 73 0.880 3 61
2.800000 0.000000 2.300000 0.0 1.0 0.0 91 120 73 0.880 3 61
2.800000 0.000000 2.400000 0.0 1.0 0.0 91 120 73 0.880 3 61
2.800000 0.000000 2.500000 0.0 1.0 0.0 91 120 73 0.880 3 61
2.800000 0.000000 2.600000 0.0 1.0 0.0 91 120 73 0.880 3 61
2.800000 0.000000 2.700000 0.0 1.0 0.0 91 120 73 0.880 3 61
2.800000 0.000000 2.800000 0.0 1.0 0.0 91 120 73 0.880 3 61
2.800000 0.000000 2.900000 0.0 1.0 0.0 91 120 73 0.880 3 61
2.800000 0.000000 3.000000 0.0 1.0 0.0 91 120 73 0.880 3 61
2.800000 0.000000 3.100000 0.0 1.0 0.0 91 120 73 0.880 3 61
2.800000 0.000000 3.200000 0.0 1.0 0.0 91 120 73 0.880 3 61
2.800000 0.000000 3.300000 0.0 1.0 0.0 91 120 73 0.880 3 61
2.800000 0.000000 3.400000 0.0 1.0 0.0 91 120 73 0.880 3 61
2.800000 0.000000 3.500000 0.0 1.0 0.0 91 120 73 0.880 3 61
2.800000 0.000000 3.600000 0.0 1.0 0.0 91 120 73 0.880 3 61
2.800000 0.000000 3.700000 0.0 1.0 0.0 91 120 73 0.880 3 61
2.800000 0.000000 3.800000 0.0 1.0 0.0 91 120 73 0.880 3 61
2.800000 0.000000 3.900000 0.0 1.0 0.0 91 120 73 0.880 3 61
2.800000 0.000000 4.000000 0.0 1.0 0.0 91 120 73 0.880 3 61
2.900000 0.000000 -2.000000 0.0 1.0 0.0 91 120 73 0.880 3 61
2.900000 0.000000 -1.900000 0.0 1.0 0.0 91 120 73 0.880 3 61
2.900000 0.000000 -1.800000 0.0 1.0 0.0 91 120 73 0.880 3 61
2.900000 0.000000 -1.700000 0.0 1.0 0.0 91 120 73 0.880 3 61
2.900000 0.000000 -1.600000 0.0 1.0 0.0 91 120 73 0.880 3 61
2.900000 0.000000 -1.500000 0.0 1.0 0.0 91 120 73 0.880 3 61
2.900000 0.000000 -1.400000 0.0 1.0 0.0 91 120 73 0.880 3 61
2.900000 0.000000 -1.300000 0.0 1.0 0.0 91 120 73 0.880 3 61
2.900000 0.000000 -1.200000 0.0 1.0 0.0 91 120 73 0.880 3 61
2.900000 0.000000 -1.100000 0.0 1.0 0.0 91 120 73 0.880 3 61
2.900000 0.000000 -1.000000 0.0 1.0 0.0 91 120 73 0.880 3 61
2.900000 0.000000 -0.900000 0.0 1.0 0.0 91 120 73 0.880 3 61
2.900000 0.000000 -0.800000 0.0 1.0 0.0 91 120 73 0.880 3 61
2.900000 0.000000 -0.700000 0.0 1.0 0.0 91 120 73 0.880 3 61
2.900000 0.000000 -0.600000 0.0 1.0 0.0 91 120 73 0.880 3 61
2.900000 0.000000 -0.500000 0.0 1.0 0.0 91 120 73 0.880 3 61
2.900000 0.000000 -0.400000 0.0 1.0 0.0 91 120 73 0.880 3 61
2.900000 0.000000 -0.300000 0.0 1.0 0.0 91 120 73 0.880 3 61
2.900000 0.000000 -0.200000 0.0 1.0 0.0 91 120 73 0.880 3 61
2.900000 0.000000 -0.100000 0.0 1.0 0.0 91 120 73 0.880 3 61
2.900000 0.000000 0.000000 0.0 1.0 0.0 91 120 73 0.880 3 61
2.900000 0.000000 0.100000 0.0 1.0 0.0 91 120 73 0.880 3 61
2.900000 0.000000 0.200000 0.0 1.0 0.0 91 120 73 0.880 3 61
2.900000 0.000000 0.300000 0.0 1.0 0.0 91 120 73 0.880 3 61
2.900000 0.000000 0.400000 0.0 1.0 0.0 91 120 73 0.880 3 61
2.900000 0.000000 0.500000 0.0 1.0 0.0 91 120 73 0.880 3 61
2.900000 0.000000 0.600000 0.0 1.0 0.0 91 120 73 0.880 3 61
2.900000 0.000000 0.700000 0.0 1.0 0.0 91 120 73 0.880 3 61
2.900000 0.000000 0.800000 0.0 1.0 0.0 91 120 73 0.880 3 61
2.900000 0.000000 0.900000 0.0 1.0 0.0 91 120 73 0.880 3 61
2.900000 0.000000 1.000000 0.0 1.0 0.0 91 120 73 0.880 3 61
2.900000 0.000000 1.100000 0.0 1.0 0.0 91 120 73 0.880 3 61
2.900000 0.000000 1.200000 0.0 1.0 0.0 91 120 73 0.880 3 61
2.900000 0.000000 1.300000 0.0 1.0 0.0 91 120 73 0.880 3 61
2.900000 0.000000 1.400000 0.0 1.0 0.0 91 120 73 0.880 3 61
2.900000 0.000000 1.500000 0.0 1.0 0.0 91 120 73 0.880 3 61
2.900000 0.000000 1.600000 0.0 1.0 0.0 91 120 73 0.880 3 61
2.900000 0.000000 1.700000 0.0 1.0 0.0 91 120 73 0.880 3 61
2.900000 0.000000 1.800000 0.0 1.0 0.0 91 120 73 0.880 3 61
2.900000 0.000000 1.900000 0.0 1.0 0.0 91 120 73 0.880 3 61
2.900000 0.000000 2.000000 0.0 1.0 0.0 91 120 73 0.880 3 61
2.900000 0.000000 2.100000 0.0 1.0 0.0 91 120 73 0.880 3 61
2.900000 0.000000 2.200000 0.0 1.0 0.0 91 120 73 0.880 3 61
2.900000 0.000000 2.300000 0.0 1.0 0.0 91 120 73 0.880 3 61
2.900000 0.000000 2.400000 0.0 1.0 0.0 91 120 73 0.880 3 61
2.900000 0.000000 2.500000 0.0 1.0 0.0 91 120 73 0.880 3 61
2.900000 0.000000 2.600000 0.0 1.0 0.0 91 120 73 0.880 3 61
2.900000 0.000000 2.700000 0.0 1.0 0.0 91 120 73 0.880 3 61
2.900000 0.000000 2.800000 0.0 1.0 0.0 91 120 73 0.880 3 61
2.900000 0.000000 2.900000 0.0 1.0 0.0 91 120 73 0.880 3 61
2.900000 0.000000 3.000000 0.0 1.0 0.0 91 120 73 0.880 3 61
2.900000 0.000000 3.100000 0.0 1.0 0.0 91 120 73 0.880 3 61
2.900000 0.000000 3.200000 0.0 1.0 0.0 91 120 73 0.880 3 61
2.900000 0.000000 3.300000 0.0 1.0 0.0 91 120 73 0.880 3 61
2.900000 0.000000 3.400000 0.0 1.0 0.0 91 120 73 0.880 3 61
2.900000 0.000000 3.500000 0.0 1.0 0.0 91 120 73 0.880 3 61
2.900000 0.000000 3.600000 0.0 1.0 0.0 91 120 73 0.880 3 61
2.900000 0.000000 3.700000 0.0 1.0 0.0 91 120 73 0.880 3 61
2.900000 0.000000 3.800000 0.0 1.0 0.0 91 120 73 0.880 3 61
2.900000 0.000000 3.900000 0.0 1.0 0.0 91 120 73 0.880 3 61
2.900000 0.000000 4.000000 0.0 1.0 0.0 91 120 73 0.880 3 61
3.000000 0.000000 -2.000000 0.0 1.0 0.0 91 120 73 0.880 3 61
3.000000 0.000000 -1.900000 0.0 1.0 0.0 91 120 73 0.880 3 61
3.000000 0.000000 -1.800000 0.0 1.0 0.0 91 120 73 0.880 3 61
3.000000 0.000000 -1.700000 0.0 1.0 0.0 91 120 73 0.880 3 61
3.000000 0.000000 -1.600000 0.0 1.0 0.0 91 120 73 0.880 3 61
3.000000 0.000000 -1.500000 0.0 1.0 0.0 91 120 73 0.880 3 61
3.000000 0.000000 -1.400000 0.0 1.0 0.0 91 120 73 0.880 3 61
3.000000 0.000000 -1.300000 0.0 1.0 0.0 91 120 73 0.880 3 61
3.000000 0.000000 -1.200000 0.0 1.0 0.0 91 120 73 0.880 3 61
3.000000 0.000000 -1.100000 0.0 1.0 0.0 91 120 73 0.880 3 61
3.000000 0.000000 -1.000000 0.0 1.0 0.0 91 120 73 0.880 3 61
3.000000 0.000000 -0.900000 0.0 1.0 0.0 91 120 73 0.880 3 61
3.000000 0.000000 -0.800000 0.0 1.0 0.0 91 120 73 0.880 3 61
3.000000 0.000000 -0.700000 0.0 1.0 0.0 91 120 73 0.880 3 61
3.000000 0.000000 -0.600000 0.0 1.0 0.0 91 120 73 0.880 3 61
3.000000 0.000000 -0.500000 0.0 1.0 0.0 91 120 73 0.880 3 61
3.000000 0.000000 -0.400000 0.0 1.0 0.0 91 120 73 0.880 3 61
3.000000 0.000000 -0.300000 0.0 1.0 0.0 91 120 73 0.880 3 61
3.000000 0.000000 -0.200000 0.0 1.0 0.0 91 120 73 0.880 3 61
3.000000 0.000000 -0.100000 0.0 1.0 0.0 91 120 73 0.880 3 61
3.000000 0.000000 0.000000 0.0 1.0 0.0 91 120 73 0.880 3 61
3.000000 0.000000 0.100000 0.0 1.0 0.0 91 120 73 0.880 3 61
3.000000 0.000000 0.200000 0.0 1.0 0.0 91 120 73 0.880 3 61
3.000000 0.000000 0.300000 0.0 1.0 0.0 91 120 73 0.880 3 61
3.000000 0.000000 0.400000 0.0 1.0 0.0 91 120 73 0.880 3 61
3.000000 0.000000 0.500000 0.0 1.0 0.0 91 120 73 0.880 3 61
3.000000 0.000000 0.600000 0.0 1.0 0.0 91 120 73 0.880 3 61
3.000000 0.000000 0.700000 0.0 1.0 0.0 91 120 73 0.880 3 61
3.000000 0.000000 0.800000 0.0 1.0 0.0 91 120 73 0.880 3 61
3.000000 0.000000 0.900000 0.0 1.0 0.0 91 120 73 0.880 3 61
3.000000 0.000000 1.000000 0.0 1.0 0.0 91 120 73 0.880 3 61
3.000000 0.000000 1.100000 0.0 1.0 0.0 91 120 73 0.880 3 61
3.000000 0.000000 1.200000 0.0 1.0 0.0 91 120 73 0.880 3 61
3.000000 0.000000 1.300000 0.0 1.0 0.0 91 120 73 0.880 3 61
3.000000 0.000000 1.400000 0.0 1.0 0.0 91 120 73 0.880 3 61
3.000000 0.000000 1.500000 0.0 1.0 0.0 91 120 73 0.880 3 61
3.000000 0.000000 1.600000 0.0 1.0 0.0 91 120 73 0.880 3 61
3.000000 0.000000 1.700000 0.0 1.0 0.0 91 120 73 0.880 3 61
3.000000 0.000000 1.800000 0.0 1.0 0.0 91 120 73 0.880 3 61
3.000000 0.000000 1.900000 0.0 1.0 0.0 91 120 73 0.880 3 61
3.000000 0.000000 2.000000 0.0 1.0 0.0 91 120 73 0.880 3 61
3.000000 0.000000 2.100000 0.0 1.0 0.0 91 120 73 0.880 3 61
3.000000 0.000000 2.200000 0.0 1.0 0.0 91 120 73 0.880 3 61
3.000000 0.000000 2.300000 0.0 1.0 0.0 91 120 73 0.880 3 61
3.000000 0.000000 2.400000 0.0 1.0 0.0 91 120 73 0.880 3 61
3.000000 0.000000 2.500000 0.0 1.0 0.0 91 120 73 0.880 3 61
3.000000 0.000000 2.600000 0.0 1.0 0.0 91 120 73 0.880 3 61
3.000000 0.000000 2.700000 0.0 1.0 0.0 91 120 73 0.880 3 61
3.000000 0.000000 2.800000 0.0 1.0 0.0 91 120 73 0.880 3 61
3.000000 0.000000 2.900000 0.0 1.0 0.0 91 120 73 0.880 3 61
3.000000 0.000000 3.000000 0.0 1.0 0.0 91 120 73 0.880 3 61
3.000000 0.000000 3.100000 0.0 1.0 0.0 91 120 73 0.880 3 61
3.000000 0.000000 3.200000 0.0 1.0 0.0 91 120 73 0.880 3 61
3.000000 0.000000 3.300000 0.0 1.0 0.0 91 120 73 0.880 3 61
3.000000 0.000000 3.400000 0.0 1.0 0.0 91 120 73 0.880 3 61
3.000000 0.000000 3.500000 0.0 1.0 0.0 91 120 73 0.880 3 61
3.000000 0.000000 3.600000 0.0 1.0 0.0 91 120 73 0.880 3 61
3.000000 0.000000 3.700000 0.0 1.0 0.0 91 120 73 0.880 3 61
3.000000 0.000000 3.800000 0.0 1.0 0.0 91 120 73 0.880 3 61
3.000000 0.000000 3.900000 0.0 1.0 0.0 91 120 73 0.880 3 61
3.000000 0.000000 4.000000 0.0 1.0 0.0 91 120 73 0.880 3 61
3.100000 0.000000 -2.000000 0.0 1.0 0.0 91 120 73 0.880 3 61
3.100000 0.000000 -1.900000 0.0 1.0 0.0 91 120 73 0.880 3 61
3.100000 0.000000 -1.800000 0.0 1.0 0.0 91 120 73 0.880 3 61
3.100000 0.000000 -1.700000 0.0 1.0 0.0 91 120 73 0.880 3 61
3.100000 0.000000 -1.600000 0.0 1.0 0.0 91 120 73 0.880 3 61
3.100000 0.000000 -1.500000 0.0 1.0 0.0 91 120 73 0.880 3 61
3.100000 0.000000 -1.400000 0.0 1.0 0.0 91 120 73 0.880 3 61
3.100000 0.000000 -1.300000 0.0 1.0 0.0 91 120 73 0.880 3 61
3.100000 0.000000 -1.200000 0.0 1.0 0.0 91 120 73 0.880 3 61
3.100000 0.000000 -1.100000 0.0 1.0 0.0 91 120 73 0.880 3 61
3.100000 0.000000 -1.000000 0.0 1.0 0.0 91 120 73 0.880 3 61
3.100000 0.000000 -0.900000 0.0 1.0 0.0 91 120 73 0.880 3 61
3.100000 0.000000 -0.800000 0.0 1.0 0.0 91 120 73 0.880 3 61
3.100000 0.000000 -0.700000 0.0 1.0 0.0 91 120 73 0.880 3 61
3.100000 0.000000 -0.600000 0.0 1.0 0.0 91 120 73 0.880 3 61
3.100000 0.000000 -0.500000 0.0 1.0 0.0 91 120 73 0.880 3 61
3.100000 0.000000 -0.400000 0.0 1.0 0.0 91 120 73 0.880 3 61
3.100000 0.000000 -0.300000 0.0 1.0 0.0 91 120 73 0.880 3 61
3.100000 0.000000 -0.200000 0.0 1.0 0.0 91 120 73 0.880 3 61
3.100000 0.000000 -0.100000 0.0 1.0 0.0 91 120 73 0.880 3 61
3.100000 0.000000 0.000000 0.0 1.0 0.0 91 120 73 0.880 3 61
3.100000 0.000000 0.100000 0.0 1.0 0.0 91 120 73 0.880 3 61
3.100000 0.000000 0.200000 0.0 1.0 0.0 91 120 73 0.880 3 61
3.100000 0.000000 0.300000 0.0 1.0 0.0 91 120 73 0.880 3 61
3.100000 0.000000 0.400000 0.0 1.0 0.0 91 120 73 0.880 3 61
3.100000 0.000000 0.500000 0.0 1.0 0.0 91 120 73 0.880 3 61
3.100000 0.000000 0.600000 0.0 1.0 0.0 91 120 73 0.880 3 61
3.100000 0.000000 0.700000 0.0 1.0 0.0 91 120 73 0.880 3 61
3.100000 0.000000 0.800000 0.0 1.0 0.0 91 120 73 0.880 3 61
3.100000 0.000000 0.900000 0.0 1.0 0.0 91 120 73 0.880 3 61
3.100000 0.000000 1.000000 0.0 1.0 0.0 91 120 73 0.880 3 61
3.100000 0.000000 1.100000 0.0 1.0 0.0 91 120 73 0.880 3 61
3.100000 0.000000 1.200000 0.0 1.0 0.0 91 120 73 0.880 3 61
3.100000 0.000000 1.300000 0.0 1.0 0.0 91 120 73 0.880 3 61
3.100000 0.000000 1.400000 0.0 1.0 0.0 91 120 73 0.880 3 61
3.100000 0.000000 1.500000 0.0 1.0 0.0 91 120 73 0.880 3 61
3.100000 0.000000 1.600000 0.0 1.0 0.0 91 120 73 0.880 3 61
3.100000 0.000000 1.700000 0.0 1.0 0.0 91 120 73 0.880 3 61
3.100000 0.000000 1.800000 0.0 1.0 0.0 91 120 73 0.880 3 61
3.100000 0.000000 1.900000 0.0 1.0 0.0 91 120 73 0.880 3 61
3.100000 0.000000 2.000000 0.0 1.0 0.0 91 120 73 0.880 3 61
3.100000 0.000000 2.100000 0.0 1.0 0.0 91 120 73 0.880 3 61
3.100000 0.000000 2.200000 0.0 1.0 0.0 91 120 73 0.880 3 61
3.100000 0.000000 2.300000 0.0 1.0 0.0 91 120 73 0.880 3 61
3.100000 0.000000 2.400000 0.0 1.0 0.0 91 120 73 0.880 3 61
3.100000 0.000000 2.500000 0.0 1.0 0.0 91 120 73 0.880 3 61
3.100000 0.000000 2.600000 0.0 1.0 0.0 91 120 73 0.880 3 61
3.100000 0.000000 2.700000 0.0 1.0 0.0 91 120 73 0.880 3 61
3.100000 0.000000 2.800000 0.0 1.0 0.0 91 120 73 0.880 3 61
3.100000 0.000000 2.900000 0.0 1.0 0.0 91 120 73 0.880 3 61
3.100000 0.000000 3.000000 0.0 1.0 0.0 91 120 73 0.880 3 61
3.100000 0.000000 3.100000 0.0 1.0 0.0 91 120 73 0.880 3 61
3.100000 0.000000 3.200000 0.0 1.0 0.0 91 120 73 0.880 3 61
3.100000 0.000000 3.300000 0.0 1.0 0.0 91 120 73 0.880 3 61
3.100000 0.000000 3.400000 0.0 1.0 0.0 91 120 73 0.880 3 61
3.100000 0.000000 3.500000 0.0 1.0 0.0 91 120 73 0.880 3 61
3.100000 0.000000 3.600000 0.0 1.0 0.0 91 120 73 0.880 3 61
3.100000 0.000000 3.700000 0.0 1.0 0.0 91 120 73 0.880 3 61
3.100000 0.000000 3.800000 0.0 1.0 0.0 91 120 73 0.880 3 61
3.100000 0.000000 3.900000 0.0 1.0 0.0 91 120 73 0.880 3 61
3.100000 0.000000 4.000000 0.0 1.0 0.0 91 120 73 0.880 3 61
3.200000 0.000000 -2.000000 0.0 1.0 0.0 91 120 73 0.880 3 61
3.200000 0.000000 -1.900000 0.0 1.0 0.0 91 120 73 0.880 3 61
3.200000 0.000000 -1.800000 0.0 1.0 0.0 91 120 73 0.880 3 61
3.200000 0.000000 -1.700000 0.0 1.0 0.0 91 120 73 0.880 3 61
3.200000 0.000000 -1.600000 0.0 1.0 0.0 91 120 73 0.880 3 61
3.200000 0.000000 -1.500000 0.0 1.0 0.0 91 120 73 0.880 3 61
3.200000 0.000000 -1.400000 0.0 1.0 0.0 91 120 73 0.880 3 61
3.200000 0.000000 -1.300000 0.0 1.0 0.0 91 120 73 0.880 3 61
3.200000 0.000000 -1.200000 0.0 1.0 0.0 91 120 73 0.880 3 61
3.200000 0.000000 -1.100000 0.0 1.0 0.0 91 120 73 0.880 3 61
3.200000 0.000000 -1.000000 0.0 1.0 0.0 91 120 73 0.880 3 61
3.200000 0.000000 -0.900000 0.0 1.0 0.0 91 120 73 0.880 3 61
3.200000 0.000000 -0.800000 0.0 1.0 0.0 91 120 73 0.880 3 61
3.200000 0.000000 -0.700000 0.0 1.0 0.0 91 120 73 0.880 3 61
3.200000 0.000000 -0.600000 0.0 1.0 0.0 91 120 73 0.880 3 61
3.200000 0.000000 -0.500000 0.0 1.0 0.0 91 120 73 0.880 3 61
3.200000 0.000000 -0.400000 0.0 1.0 0.0 91 120 73 0.880 3 61
3.200000 0.000000 -0.300000 0.0 1.0 0.0 91 120 73 0.880 3 61
3.200000 0.000000 -0.200000 0.0 1.0 0.0 91 120 73 0.880 3 61
3.200000 0.000000 -0.100000 0.0 1.0 0.0 91 120 73 0.880 3 61
3.200000 0.000000 0.000000 0.0 1.0 0.0 91 120 73 0.880 3 61
3.200000 0.000000 0.100000 0.0 1.0 0.0 91 120 73 0.880 3 61
3.200000 0.000000 0.200000 0.0 1.0 0.0 91 120 73 0.880 3 61
3.200000 0.000000 0.300000 0.0 1.0 0.0 91 120 73 0.880 3 61
3.200000 0.000000 0.400000 0.0 1.0 0.0 91 120 73 0.880 3 61
3.200000 0.000000 0.500000 0.0 1.0 0.0 91 120 73 0.880 3 61
3.200000 0.000000 0.600000 0.0 1.0 0.0 91 120 73 0.880 3 61
3.200000 0.000000 0.700000 0.0 1.0 0.0 91 120 73 0.880 3 61
3.200000 0.000000 0.800000 0.0 1.0 0.0 91 120 73 0.880 3 61
3.200000 0.000000 0.900000 0.0 1.0 0.0 91 120 73 0.880 3 61
3.200000 0.000000 1.000000 0.0 1.0 0.0 91 120 73 0.880 3 61
3.200000 0.000000 1.100000 0.0 1.0 0.0 91 120 73 0.880 3 61
3.200000 0.000000 1.200000 0.0 1.0 0.0 91 120 73 0.880 3 61
3.200000 0.000000 1.300000 0.0 1.0 0.0 91 120 73 0.880 3 61
3.200000 0.000000 1.400000 0.0 1.0 0.0 91 120 73 0.880 3 61
3.200000 0.000000 1.500000 0.0 1.0 0.0 91 120 73 0.880 3 61
3.200000 0.000000 1.600000 0.0 1.0 0.0 91 120 73 0.880 3 61
3.200000 0.000000 1.700000 0.0 1.0 0.0 91 120 73 0.880 3 61
3.200000 0.000000 1.800000 0.0 1.0 0.0 91 120 73 0.880 3 61
3.200000 0.000000 1.900000 0.0 1.0 0.0 91 120 73 0.880 3 61
3.200000 0.000000 2.000000 0.0 1.0 0.0 91 120 73 0.880 3 61
3.200000 0.000000 2.100000 0.0 1.0 0.0 91 120 73 0.880 3 61
3.200000 0.000000 2.200000 0.0 1.0 0.0 91 120 73 0.880 3 61
3.200000 0.000000 2.300000 0.0 1.0 0.0 91 120 73 0.880 3 61
3.200000 0.000000 2.400000 0.0 1.0 0.0 91 120 73 0.880 3 61
3.200000 0.000000 2.500000 0.0 1.0 0.0 91 120 73 0.880 3 61
3.200000 0.000000 2.600000 0.0 1.0 0.0 91 120 73 0.880 3 61
3.200000 0.000000 2.700000 0.0 1.0 0.0 91 120 73 0.880 3 61
3.200000 0.000000 2.800000 0.0 1.0 0.0 91 120 73 0.880 3 61
3.200000 0.000000 2.900000 0.0 1.0 0.0 91 120 73 0.880 3 61
3.200000 0.000000 3.000000 0.0 1.0 0.0 91 120 73 0.880 3 61
3.200000 0.000000 3.100000 0.0 1.0 0.0 91 120 73 0.880 3 61
3.200000 0.000000 3.200000 0.0 1.0 0.0 91 120 73 0.880 3 61
3.200000 0.000000 3.300000 0.0 1.0 0.0 91 120 73 0.880 3 61
3.200000 0.000000 3.400000 0.0 1.0 0.0 91 120 73 0.880 3 61
3.200000 0.000000 3.500000 0.0 1.0 0.0 91 120 73 0.880 3 61
3.200000 0.000000 3.600000 0.0 1.0 0.0 91 120 73 0.880 3 61
3.200000 0.000000 3.700000 0.0 1.0 0.0 91 120 73 0.880 3 61
3.200000 0.000000 3.800000 0.0 1.0 0.0 91 120 73 0.880 3 61
3.200000 0.000000 3.900000 0.0 1.0 0.0 91 120 73 0.880 3 61
3.200000 0.000000 4.000000 0.0 1.0 0.0 91 120 73 0.880 3 61
3.300000 0.000000 -2.000000 0.0 1.0 0.0 91 120 73 0.880 3 61
3.300000 0.000000 -1.900000 0.0 1.0 0.0 91 120 73 0.880 3 61
3.300000 0.000000 -1.800000 0.0 1.0 0.0 91 120 73 0.880 3 61
3.300000 0.000000 -1.700000 0.0 1.0 0.0 91 120 73 0.880 3 61
3.300000 0.000000 -1.600000 0.0 1.0 0.0 91 120 73 0.880 3 61
3.300000 0.000000 -1.500000 0.0 1.0 0.0 91 120 73 0.880 3 61
3.300000 0.000000 -1.400000 0.0 1.0 0.0 91 120 73 0.880 3 61
3.300000 0.000000 -1.300000 0.0 1.0 0.0 91 120 73 0.880 3 61
3.300000 0.000000 -1.200000 0.0 1.0 0.0 91 120 73 0.880 3 61
3.300000 0.000000 -1.100000 0.0 1.0 0.0 91 120 73 0.880 3 61
3.300000 0.000000 -1.000000 0.0 1.0 0.0 91 120 73 0.880 3 61
3.300000 0.000000 -0.900000 0.0 1.0 0.0 91 120 73 0.880 3 61
3.300000 0.000000 -0.800000 0.0 1.0 0.0 91 120 73 0.880 3 61
3.300000 0.000000 -0.700000 0.0 1.0 0.0 91 120 73 0.880 3 61
3.300000 0.000000 -0.600000 0.0 1.0 0.0 91 120 73 0.880 3 61
3.300000 0.000000 -0.500000 0.0 1.0 0.0 91 120 73 0.880 3 61
3.300000 0.000000 -0.400000 0.0 1.0 0.0 91 120 73 0.880 3 61
3.300000 0.000000 -0.300000 0.0 1.0 0.0 91 120 73 0.880 3 61
3.300000 0.000000 -0.200000 0.0 1.0 0.0 91 120 73 0.880 3 61
3.300000 0.000000 -0.100000 0.0 1.0 0.0 91 120 73 0.880 3 61
3.300000 0.000000 0.000000 0.0 1.0 0.0 91 120 73 0.880 3 61
3.300000 0.000000 0.100000 0.0 1.0 0.0 91 120 73 0.880 3 61
3.300000 0.000000 0.200000 0.0 1.0 0.0 91 120 73 0.880 3 61
3.300000 0.000000 0.300000 0.0 1.0 0.0 91 120 73 0.880 3 61
3.300000 0.000000 0.400000 0.0 1.0 0.0 91 120 73 0.880 3 61
3.300000 0.000000 0.500000 0.0 1.0 0.0 91 120 73 0.880 3 61
3.300000 0.000000 0.600000 0.0 1.0 0.0 91 120 73 0.880 3 61
3.300000 0.000000 0.700000 0.0 1.0 0.0 91 120 73 0.880 3 61
3.300000 0.000000 0.800000 0.0 1.0 0.0 91 120 73 0.880 3 61
3.300000 0.000000 0.900000 0.0 1.0 0.0 91 120 73 0.880 3 61
3.300000 0.000000 1.000000 0.0 1.0 0.0 91 120 73 0.880 3 61
3.300000 0.000000 1.100000 0.0 1.0 0.0 91 120 73 0.880 3 61
3.300000 0.000000 1.200000 0.0 1.0 0.0 91 120 73 0.880 3 61
3.300000 0.000000 1.300000 0.0 1.0 0.0 91 120 73 0.880 3 61
3.300000 0.000000 1.400000 0.0 1.0 0.0 91 120 73 0.880 3 61
3.300000 0.000000 1.500000 0.0 1.0 0.0 91 120 73 0.880 3 61
3.300000 0.000000 1.600000 0.0 1.0 0.0 91 120 73 0.880 3 61
3.300000 0.000000 1.700000 0.0 1.0 0.0 91 120 73 0.880 3 61
3.300000 0.000000 1.800000 0.0 1.0 0.0 91 120 73 0.880 3 61
3.300000 0.000000 1.900000 0.0 1.0 0.0 91 120 73 0.880 3 61
3.300000 0.000000 2.000000 0.0 1.0 0.0 91 120 73 0.880 3 61
3.300000 0.000000 2.100000 0.0 1.0 0.0 91 120 73 0.880 3 61
3.300000 0.000000 2.200000 0.0 1.0 0.0 91 120 73 0.880 3 61
3.300000 0.000000 2.300000 0.0 1.0 0.0 91 120 73 0.880 3 61
3.300000 0.000000 2.400000 0.0 1.0 0.0 91 120 73 0.880 3 61
3.300000 0.000000 2.500000 0.0 1.0 0.0 91 120 73 0.880 3 61
3.300000 0.000000 2.600000 0.0 1.0 0.0 91 120 73 0.880 3 61
3.300000 0.000000 2.700000 0.0 1.0 0.0 91 120 73 0.880 3 61
3.300000 0.000000 2.800000 0.0 1.0 0.0 91 120 73 0.880 3 61
3.300000 0.000000 2.900000 0.0 1.0 0.0 91 120 73 0.880 3 61
3.300000 0.000000 3.000000 0.0 1.0 0.0 91 120 73 0.880 3 61
3.300000 0.000000 3.100000 0.0 1.0 0.0 91 120 73 0.880 3 61
3.300000 0.000000 3.200000 0.0 1.0 0.0 91 120 73 0.880 3 61
3.300000 0.000000 3.300000 0.0 1.0 0.0 91 120 73 0.880 3 61
3.300000 0.000000 3.400000 0.0 1.0 0.0 91 120 73 0.880 3 61
3.300000 0.000000 3.500000 0.0 1.0 0.0 91 120 73 0.880 3 61
3.300000 0.000000 3.600000 0.0 1.0 0.0 91 120 73 0.880 3 61
3.300000 0.000000 3.700000 0.0 1.0 0.0 91 120 73 0.880 3 61
3.300000 0.000000 3.800000 0.0 1.0 0.0 91 120 73 0.880 3 61
3.300000 0.000000 3.900000 0.0 1.0 0.0 91 120 73 0.880 3 61
3.300000 0.000000 4.000000 0.0 1.0 0.0 91 120 73 0.880 3 61
3.400000 0.000000 -2.000000 0.0 1.0 0.0 91 120 73 0.880 3 61
3.400000 0.000000 -1.900000 0.0 1.0 0.0 91 120 73 0.880 3 61
3.400000 0.000000 -1.800000 0.0 1.0 0.0 91 120 73 0.880 3 61
3.400000 0.000000 -1.700000 0.0 1.0 0.0 91 120 73 0.880 3 61
3.400000 0.000000 -1.600000 0.0 1.0 0.0 91 120 73 0.880 3 61
3.400000 0.000000 -1.500000 0.0 1.0 0.0 91 120 73 0.880 3 61
3.400000 0.000000 -1.400000 0.0 1.0 0.0 91 120 73 0.880 3 61
3.400000 0.000000 -1.300000 0.0 1.0 0.0 91 120 73 0.880 3 61
3.400000 0.000000 -1.200000 0.0 1.0 0.0 91 120 73 0.880 3 61
3.400000 0.000000 -1.100000 0.0 1.0 0.0 91 120 73 0.880 3 61
3.400000 0.000000 -1.000000 0.0 1.0 0.0 91 120 73 0.880 3 61
3.400000 0.000000 -0.900000 0.0 1.0 0.0 91 120 73 0.880 3 61
3.400000 0.000000 -0.800000 0.0 1.0 0.0 91 120 73 0.880 3 61
3.400000 0.000000 -0.700000 0.0 1.0 0.0 91 120 73 0.880 3 61
3.400000 0.000000 -0.600000 0.0 1.0 0.0 91 120 73 0.880 3 61
3.400000 0.000000 -0.500000 0.0 1.0 0.0 91 120 73 0.880 3 61
3.400000 0.000000 -0.400000 0.0 1.0 0.0 91 120 73 0.880 3 61
3.400000 0.000000 -0.300000 0.0 1.0 0.0 91 120 73 0.880 3 61
3.400000 0.000000 -0.200000 0.0 1.0 0.0 91 120 73 0.880 3 61
3.400000 0.000000 -0.100000 0.0 1.0 0.0 91 120 73 0.880 3 61
3.400000 0.000000 0.000000 0.0 1.0 0.0 91 120 73 0.880 3 61
3.400000 0.000000 0.100000 0.0 1.0 0.0 91 120 73 0.880 3 61
3.400000 0.000000 0.200000 0.0 1.0 0.0 91 120 73 0.880 3 61
3.400000 0.000000 0.300000 0.0 1.0 0.0 91 120 73 0.880 3 61
3.400000 0.000000 0.400000 0.0 1.0 0.0 91 120 73 0.880 3 61
3.400000 0.000000 0.500000 0.0 1.0 0.0 91 120 73 0.880 3 61
3.400000 0.000000 0.600000 0.0 1.0 0.0 91 120 73 0.880 3 61
3.400000 0.000000 0.700000 0.0 1.0 0.0 91 120 73 0.880 3 61
3.400000 0.000000 0.800000 0.0 1.0 0.0 91 120 73 0.880 3 61
3.400000 0.000000 0.900000 0.0 1.0 0.0 91 120 73 0.880 3 61
3.400000 0.000000 1.000000 0.0 1.0 0.0 91 120 73 0.880 3 61
3.400000 0.000000 1.100000 0.0 1.0 0.0 91 120 73 0.880 3 61
3.400000 0.000000 1.200000 0.0 1.0 0.0 91 120 73 0.880 3 61
3.400000 0.000000 1.300000 0.0 1.0 0.0 91 120 73 0.880 3 61
3.400000 0.000000 1.400000 0.0 1.0 0.0 91 120 73 0.880 3 61
3.400000 0.000000 1.500000 0.0 1.0 0.0 91 120 73 0.880 3 61
3.400000 0.000000 1.600000 0.0 1.0 0.0 91 120 73 0.880 3 61
3.400000 0.000000 1.700000 0.0 1.0 0.0 91 120 73 0.880 3 61
3.400000 0.000000 1.800000 0.0 1.0 0.0 91 120 73 0.880 3 61
3.400000 0.000000 1.900000 0.0 1.0 0.0 91 120 73 0.880 3 61
3.400000 0.000000 2.000000 0.0 1.0 0.0 91 120 73 0.880 3 61
3.400000 0.000000 2.100000 0.0 1.0 0.0 91 120 73 0.880 3 61
3.400000 0.000000 2.200000 0.0 1.0 0.0 91 120 73 0.880 3 61
3.400000 0.000000 2.300000 0.0 1.0 0.0 91 120 73 0.880 3 61
3.400000 0.000000 2.400000 0.0 1.0 0.0 91 120 73 0.880 3 61
3.400000 0.000000 2.500000 0.0 1.0 0.0 91 120 73 0.880 3 61
3.400000 0.000000 2.600000 0.0 1.0 0.0 91 120 73 0.880 3 61
3.400000 0.000000 2.700000 0.0 1.0 0.0 91 120 73 0.880 3 61
3.400000 0.000000 2.800000 0.0 1.0 0.0 91 120 73 0.880 3 61
3.400000 0.000000 2.900000 0.0 1.0 0.0 91 120 73 0.880 3 61
3.400000 0.000000 3.000000 0.0 1.0 0.0 91 120 73 0.880 3 61
3.400000 0.000000 3.100000 0.0 1.0 0.0 91 120 73 0.880 3 61
3.400000 0.000000 3.200000 0.0 1.0 0.0 91 120 73 0.880 3 61
3.400000 0.000000 3.300000 0.0 1.0 0.0 91 120 73 0.880 3 61
3.400000 0.000000 3.400000 0.0 1.0 0.0 91 120 73 0.880 3 61
3.400000 0.000000 3.500000 0.0 1.0 0.0 91 120 73 0.880 3 61
3.400000 0.000000 3.600000 0.0 1.0 0.0 91 120 73 0.880 3 61
3.400000 0.000000 3.700000 0.0 1.0 0.0 91 120 73 0.880 3 61
3.400000 0.000000 3.800000 0.0 1.0 0.0 91 120 73 0.880 3 61
3.400000 0.000000 3.900000 0.0 1.0 0.0 91 120 73 0.880 3 61
3.400000 0.000000 4.000000 0.0 1.0 0.0 91 120 73 0.880 3 61
3.500000 0.000000 -2.000000 0.0 1.0 0.0 91 120 73 0.880 3 61
3.500000 0.000000 -1.900000 0.0 1.0 0.0 91 120 73 0.880 3 61
3.500000 0.000000 -1.800000 0.0 1.0 0.0 91 120 73 0.880 3 61
3.500000 0.000000 -1.700000 0.0 1.0 0.0 91 120 73 0.880 3 61
3.500000 0.000000 -1.600000 0.0 1.0 0.0 91 120 73 0.880 3 61
3.500000 0.000000 -1.500000 0.0 1.0 0.0 91 120 73 0.880 3 61
3.500000 0.000000 -1.400000 0.0 1.0 0.0 91 120 73 0.880 3 61
3.500000 0.000000 -1.300000 0.0 1.0 0.0 91 120 73 0.880 3 61
3.500000 0.000000 -1.200000 0.0 1.0 0.0 91 120 73 0.880 3 61
3.500000 0.000000 -1.100000 0.0 1.0 0.0 91 120 73 0.880 3 61
3.500000 0.000000 -1.000000 0.0 1.0 0.0 91 120 73 0.880 3 61
3.500000 0.000000 -0.900000 0.0 1.0 0.0 91 120 73 0.880 3 61
3.500000 0.000000 -0.800000 0.0 1.0 0.0 91 120 73 0.880 3 61
3.500000 0.000000 -0.700000 0.0 1.0 0.0 91 120 73 0.880 3 61
3.500000 0.000000 -0.600000 0.0 1.0 0.0 91 120 73 0.880 3 61
3.500000 0.000000 -0.500000 0.0 1.0 0.0 91 120 73 0.880 3 61
3.500000 0.000000 -0.400000 0.0 1.0 0.0 91 120 73 0.880 3 61
3.500000 0.000000 -0.300000 0.0 1.0 0.0 91 120 73 0.880 3 61
3.500000 0.000000 -0.200000 0.0 1.0 0.0 91 120 73 0.880 3 61
3.500000 0.000000 -0.100000 0.0 1.0 0.0 91 120 73 0.880 3 61
3.500000 0.000000 0.000000 0.0 1.0 0.0 91 120 73 0.880 3 61
3.500000 0.000000 0.100000 0.0 1.0 0.0 91 120 73 0.880 3 61
3.500000 0.000000 0.200000 0.0 1.0 0.0 91 120 73 0.880 3 61
3.500000 0.000000 0.300000 0.0 1.0 0.0 91 120 73 0.880 3 61
3.500000 0.000000 0.400000 0.0 1.0 0.0 91 120 73 0.880 3 61
3.500000 0.000000 0.500000 0.0 1.0 0.0 91 120 73 0.880 3 61
3.500000 0.000000 0.600000 0.0 1.0 0.0 91 120 73 0.880 3 61
3.500000 0.000000 0.700000 0.0 1.0 0.0 91 120 73 0.880 3 61
3.500000 0.000000 0.800000 0.0 1.0 0.0 91 120 73 0.880 3 61
3.500000 0.000000 0.900000 0.0 1.0 0.0 91 120 73 0.880 3 61
3.500000 0.000000 1.000000 0.0 1.0 0.0 91 120 73 0.880 3 61
3.500000 0.000000 1.100000 0.0 1.0 0.0 91 120 73 0.880 3 61
3.500000 0.000000 1.200000 0.0 1.0 0.0 91 120 73 0.880 3 61
3.500000 0.000000 1.300000 0.0 1.0 0.0 91 120 73 0.880 3 61
3.500000 0.000000 1.400000 0.0 1.0 0.0 91 120 73 0.880 3 61
3.500000 0.000000 1.500000 0.0 1.0 0.0 91 120 73 0.880 3 61
3.500000 0.000000 1.600000 0.0 1.0 0.0 91 120 73 0.880 3 61
3.500000 0.000000 1.700000 0.0 1.0 0.0 91 120 73 0.880 3 61
3.500000 0.000000 1.800000 0.0 1.0 0.0 91 120 73 0.880 3 61
3.500000 0.000000 1.900000 0.0 1.0 0.0 91 120 73 0.880 3 61
3.500000 0.000000 2.000000 0.0 1.0 0.0 91 120 73 0.880 3 61
3.500000 0.000000 2.100000 0.0 1.0 0.0 91 120 73 0.880 3 61
3.500000 0.000000 2.200000 0.0 1.0 0.0 91 120 73 0.880 3 61
3.500000 0.000000 2.300000 0.0 1.0 0.0 91 120 73 0.880 3 61
3.500000 0.000000 2.400000 0.0 1.0 0.0 91 120 73 0.880 3 61
3.500000 0.000000 2.500000 0.0 1.0 0.0 91 120 73 0.880 3 61
3.500000 0.000000 2.600000 0.0 1.0 0.0 91 120 73 0.880 3 61
3.500000 0.000000 2.700000 0.0 1.0 0.0 91 120 73 0.880 3 61
3.500000 0.000000 2.800000 0.0 1.0 0.0 91 120 73 0.880 3 61
3.500000 0.000000 2.900000 0.0 1.0 0.0 91 120 73 0.880 3 61
3.500000 0.000000 3.000000 0.0 1.0 0.0 91 120 73 0.880 3 61
3.500000 0.000000 3.100000 0.0 1.0 0.0 91 120 73 0.880 3 61
3.500000 0.000000 3.200000 0.0 1.0 0.0 91 120 73 0.880 3 61
3.500000 0.000000 3.300000 0.0 1.0 0.0 91 120 73 0.880 3 61
3.500000 0.000000 3.400000 0.0 1.0 0.0 91 120 73 0.880 3 61
3.500000 0.000000 3.500000 0.0 1.0 0.0 91 120 73 0.880 3 61
3.500000 0.000000 3.600000 0.0 1.0 0.0 91 120 73 0.880 3 61
3.500000 0.000000 3.700000 0.0 1.0 0.0 91 120 73 0.880 3 61
3.500000 0.000000 3.800000 0.0 1.0 0.0 91 120 73 0.880 3 61
3.500000 0.000000 3.900000 0.0 1.0 0.0 91 120 73 0.880 3 61
3.500000 0.000000 4.000000 0.0 1.0 0.0 91 120 73 0.880 3 61
3.600000 0.000000 -2.000000 0.0 1.0 0.0 91 120 73 0.880 3 61
3.600000 0.000000 -1.900000 0.0 1.0 0.0 91 120 73 0.880 3 61
3.600000 0.000000 -1.800000 0.0 1.0 0.0 91 120 73 0.880 3 61
3.600000 0.000000 -1.700000 0.0 1.0 0.0 91 120 73 0.880 3 61
3.600000 0.000000 -1.600000 0.0 1.0 0.0 91 120 73 0.880 3 61
3.600000 0.000000 -1.500000 0.0 1.0 0.0 91 120 73 0.880 3 61
3.600000 0.000000 -1.400000 0.0 1.0 0.0 91 120 73 0.880 3 61
3.600000 0.000000 -1.300000 0.0 1.0 0.0 91 120 73 0.880 3 61
3.600000 0.000000 -1.200000 0.0 1.0 0.0 91 120 73 0.880 3 61
3.600000 0.000000 -1.100000 0.0 1.0 0.0 91 120 73 0.880 3 61
3.600000 0.000000 -1.000000 0.0 1.0 0.0 91 120 73 0.880 3 61
3.600000 0.000000 -0.900000 0.0 1.0 0.0 91 120 73 0.880 3 61
3.600000 0.000000 -0.800000 0.0 1.0 0.0 91 120 73 0.880 3 61
3.600000 0.000000 -0.700000 0.0 1.0 0.0 91 120 73 0.880 3 61
3.600000 0.000000 -0.600000 0.0 1.0 0.0 91 120 73 0.880 3 61
3.600000 0.000000 -0.500000 0.0 1.0 0.0 91 120 73 0.880 3 61
3.600000 0.000000 -0.400000 0.0 1.0 0.0 91 120 73 0.880 3 61
3.600000 0.000000 -0.300000 0.0 1.0 0.0 91 120 73 0.880 3 61
3.600000 0.000000 -0.200000 0.0 1.0 0.0 91 120 73 0.880 3 61
3.600000 0.000000 -0.100000 0.0 1.0 0.0 91 120 73 0.880 3 61
3.600000 0.000000 0.000000 0.0 1.0 0.0 91 120 73 0.880 3 61
3.600000 0.000000 0.100000 0.0 1.0 0.0 91 120 73 0.880 3 61
3.600000 0.000000 0.200000 0.0 1.0 0.0 91 120 73 0.880 3 61
3.600000 0.000000 0.300000 0.0 1.0 0.0 91 120 73 0.880 3 61
3.600000 0.000000 0.400000 0.0 1.0 0.0 91 120 73 0.880 3 61
3.600000 0.000000 0.500000 0.0 1.0 0.0 91 120 73 0.880 3 61
3.600000 0.000000 0.600000 0.0 1.0 0.0 91 120 73 0.880 3 61
3.600000 0.000000 0.700000 0.0 1.0 0.0 91 120 73 0.880 3 61
3.600000 0.000000 0.800000 0.0 1.0 0.0 91 120 73 0.880 3 61
3.600000 0.000000 0.900000 0.0 1.0 0.0 91 120 73 0.880 3 61
3.600000 0.000000 1.000000 0.0 1.0 0.0 91 120 73 0.880 3 61
3.600000 0.000000 1.100000 0.0 1.0 0.0 91 120 73 0.880 3 61
3.600000 0.000000 1.200000 0.0 1.0 0.0 91 120 73 0.880 3 61
3.600000 0.000000 1.300000 0.0 1.0 0.0 91 120 73 0.880 3 61
3.600000 0.000000 1.400000 0.0 1.0 0.0 91 120 73 0.880 3 61
3.600000 0.000000 1.500000 0.0 1.0 0.0 91 120 73 0.880 3 61
3.600000 0.000000 1.600000 0.0 1.0 0.0 91 120 73 0.880 3 61
3.600000 0.000000 1.700000 0.0 1.0 0.0 91 120 73 0.880 3 61
3.600000 0.000000 1.800000 0.0 1.0 0.0 91 120 73 0.880 3 61
3.600000 0.000000 1.900000 0.0 1.0 0.0 91 120 73 0.880 3 61
3.600000 0.000000 2.000000 0.0 1.0 0.0 91 120 73 0.880 3 61
3.600000 0.000000 2.100000 0.0 1.0 0.0 91 120 73 0.880 3 61
3.600000 0.000000 2.200000 0.0 1.0 0.0 91 120 73 0.880 3 61
3.600000 0.000000 2.300000 0.0 1.0 0.0 91 120 73 0.880 3 61
3.600000 0.000000 2.400000 0.0 1.0 0.0 91 120 73 0.880 3 61
3.600000 0.000000 2.500000 0.0 1.0 0.0 91 120 73 0.880 3 61
3.600000 0.000000 2.600000 0.0 1.0 0.0 91 120 73 0.880 3 61
3.600000 0.000000 2.700000 0.0 1.0 0.0 91 120 73 0.880 3 61
3.600000 0.000000 2.800000 0.0 1.0 0.0 91 120 73 0.880 3 61
3.600000 0.000000 2.900000 0.0 1.0 0.0 91 120 73 0.880 3 61
3.600000 0.000000 3.000000 0.0 1.0 0.0 91 120 73 0.880 3 61
3.600000 0.000000 3.100000 0.0 1.0 0.0 91 120 73 0.880 3 61
3.600000 0.000000 3.200000 0.0 1.0 0.0 91 120 73 0.880 3 61
3.600000 0.000000 3.300000 0.0 1.0 0.0 91 120 73 0.880 3 61
3.600000 0.000000 3.400000 0.0 1.0 0.0 91 120 73 0.880 3 61
3.600000 0.000000 3.500000 0.0 1.0 0.0 91 120 73 0.880 3 61
3.600000 0.000000 3.600000 0.0 1.0 0.0 91 120 73 0.880 3 61
3.600000 0.000000 3.700000 0.0 1.0 0.0 91 120 73 0.880 3 61
3.600000 0.000000 3.800000 0.0 1.0 0.0 91 120 73 0.880 3 61
3.600000 0.000000 3.900000 0.0 1.0 0.0 91 120 73 0.880 3 61
3.600000 0.000000 4.000000 0.0 1.0 0.0 91 120 73 0.880 3 61
3.700000 0.000000 -2.000000 0.0 1.0 0.0 91 120 73 0.880 3 61
3.700000 0.000000 -1.900000 0.0 1.0 0.0 91 120 73 0.880 3 61
3.700000 0.000000 -1.800000 0.0 1.0 0.0 91 120 73 0.880 3 61
3.700000 0.000000 -1.700000 0.0 1.0 0.0 91 120 73 0.880 3 61
3.700000 0.000000 -1.600000 0.0 1.0 0.0 91 120 73 0.880 3 61
3.700000 0.000000 -1.500000 0.0 1.0 0.0 91 120 73 0.880 3 61
3.700000 0.000000 -1.400000 0.0 1.0 0.0 91 120 73 0.880 3 61
3.700000 0.000000 -1.300000 0.0 1.0 0.0 91 120 73 0.880 3 61
3.700000 0.000000 -1.200000 0.0 1.0 0.0 91 120 73 0.880 3 61
3.700000 0.000000 -1.100000 0.0 1.0 0.0 91 120 73 0.880 3 61
3.700000 0.000000 -1.000000 0.0 1.0 0.0 91 120 73 0.880 3 61
3.700000 0.000000 -0.900000 0.0 1.0 0.0 91 120 73 0.880 3 61
3.700000 0.000000 -0.800000 0.0 1.0 0.0 91 120 73 0.880 3 61
3.700000 0.000000 -0.700000 0.0 1.0 0.0 91 120 73 0.880 3 61
3.700000 0.000000 -0.600000 0.0 1.0 0.0 91 120 73 0.880 3 61
3.700000 0.000000 -0.500000 0.0 1.0 0.0 91 120 73 0.880 3 61
3.700000 0.000000 -0.400000 0.0 1.0 0.0 91 120 73 0.880 3 61
3.700000 0.000000 -0.300000 0.0 1.0 0.0 91 120 73 0.880 3 61
3.700000 0.000000 -0.200000 0.0 1.0 0.0 91 120 73 0.880 3 61
3.700000 0.000000 -0.100000 0.0 1.0 0.0 91 120 73 0.880 3 61
3.700000 0.000000 0.000000 0.0 1.0 0.0 91 120 73 0.880 3 61
3.700000 0.000000 0.100000 0.0 1.0 0.0 91 120 73 0.880 3 61
3.700000 0.000000 0.200000 0.0 1.0 0.0 91 120 73 0.880 3 61
3.700000 0.000000 0.300000 0.0 1.0 0.0 91 120 73 0.880 3 61
3.700000 0.000000 0.400000 0.0 1.0 0.0 91 120 73 0.880 3 61
3.700000 0.000000 0.500000 0.0 1.0 0.0 91 120 73 0.880 3 61
3.700000 0.000000 0.600000 0.0 1.0 0.0 91 120 73 0.880 3 61
3.700000 0.000000 0.700000 0.0 1.0 0.0 91 120 73 0.880 3 61
3.700000 0.000000 0.800000 0.0 1.0 0.0 91 120 73 0.880 3 61
3.700000 0.000000 0.900000 0.0 1.0 0.0 91 120 73 0.880 3 61
3.700000 0.000000 1.000000 0.0 1.0 0.0 91 120 73 0.880 3 61
3.700000 0.000000 1.100000 0.0 1.0 0.0 91 120 73 0.880 3 61
3.700000 0.000000 1.200000 0.0 1.0 0.0 91 120 73 0.880 3 61
3.700000 0.000000 1.300000 0.0 1.0 0.0 91 120 73 0.880 3 61
3.700000 0.000000 1.400000 0.0 1.0 0.0 91 120 73 0.880 3 61
3.700000 0.000000 1.500000 0.0 1.0 0.0 91 120 73 0.880 3 61
3.700000 0.000000 1.600000 0.0 1.0 0.0 91 120 73 0.880 3 61
3.700000 0.000000 1.700000 0.0 1.0 0.0 91 120 73 0.880 3 61
3.700000 0.000000 1.800000 0.0 1.0 0.0 91 120 73 0.880 3 61
3.700000 0.000000 1.900000 0.0 1.0 0.0 91 120 73 0.880 3 61
3.700000 0.000000 2.000000 0.0 1.0 0.0 91 120 73 0.880 3 61
3.700000 0.000000 2.100000 0.0 1.0 0.0 91 120 73 0.880 3 61
3.700000 0.000000 2.200000 0.0 1.0 0.0 91 120 73 0.880 3 61
3.700000 0.000000 2.300000 0.0 1.0 0.0 91 120 73 0.880 3 61
3.700000 0.000000 2.400000 0.0 1.0 0.0 91 120 73 0.880 3 61
3.700000 0.000000 2.500000 0.0 1.0 0.0 91 120 73 0.880 3 61
3.700000 0.000000 2.600000 0.0 1.0 0.0 91 120 73 0.880 3 61
3.700000 0.000000 2.700000 0.0 1.0 0.0 91 120 73 0.880 3 61
3.700000 0.000000 2.800000 0.0 1.0 0.0 91 120 73 0.880 3 61
3.700000 0.000000 2.900000 0.0 1.0 0.0 91 120 73 0.880 3 61
3.700000 0.000000 3.000000 0.0 1.0 0.0 91 120 73 0.880 3 61
3.700000 0.000000 3.100000 0.0 1.0 0.0 91 120 73 0.880 3 61
3.700000 0.000000 3.200000 0.0 1.0 0.0 91 120 73 0.880 3 61
3.700000 0.000000 3.300000 0.0 1.0 0.0 91 120 73 0.880 3 61
3.700000 0.000000 3.400000 0.0 1.0 0.0 91 120 73 0.880 3 61
3.700000 0.000000 3.500000 0.0 1.0 0.0 91 120 73 0.880 3 61
3.700000 0.000000 3.600000 0.0 1.0 0.0 91 120 73 0.880 3 61
3.700000 0.000000 3.700000 0.0 1.0 0.0 91 120 73 0.880 3 61
3.700000 0.000000 3.800000 0.0 1.0 0.0 91 120 73 0.880 3 61
3.700000 0.000000 3.900000 0.0 1.0 0.0 91 120 73 0.880 3 61
3.700000 0.000000 4.000000 0.0 1.0 0.0 91 120 73 0.880 3 61
3.800000 0.000000 -2.000000 0.0 1.0 0.0 91 120 73 0.880 3 61
3.800000 0.000000 -1.900000 0.0 1.0 0.0 91 120 73 0.880 3 61
3.800000 0.000000 -1.800000 0.0 1.0 0.0 91 120 73 0.880 3 61
3.800000 0.000000 -1.700000 0.0 1.0 0.0 91 120 73 0.880 3 61
3.800000 0.000000 -1.600000 0.0 1.0 0.0 91 120 73 0.880 3 61
3.800000 0.000000 -1.500000 0.0 1.0 0.0 91 120 73 0.880 3 61
3.800000 0.000000 -1.400000 0.0 1.0 0.0 91 120 73 0.880 3 61
3.800000 0.000000 -1.300000 0.0 1.0 0.0 91 120 73 0.880 3 61
3.800000 0.000000 -1.200000 0.0 1.0 0.0 91 120 73 0.880 3 61
3.800000 0.000000 -1.100000 0.0 1.0 0.0 91 120 73 0.880 3 61
3.800000 0.000000 -1.000000 0.0 1.0 0.0 91 120 73 0.880 3 61
3.800000 0.000000 -0.900000 0.0 1.0 0.0 91 120 73 0.880 3 61
3.800000 0.000000 -0.800000 0.0 1.0 0.0 91 120 73 0.880 3 61
3.800000 0.000000 -0.700000 0.0 1.0 0.0 91 120 73 0.880 3 61
3.800000 0.000000 -0.600000 0.0 1.0 0.0 91 120 73 0.880 3 61
3.800000 0.000000 -0.500000 0.0 1.0 0.0 91 120 73 0.880 3 61
3.800000 0.000000 -0.400000 0.0 1.0 0.0 91 120 73 0.880 3 61
3.800000 0.000000 -0.300000 0.0 1.0 0.0 91 120 73 0.880 3 61
3.800000 0.000000 -0.200000 0.0 1.0 0.0 91 120 73 0.880 3 61
3.800000 0.000000 -0.100000 0.0 1.0 0.0 91 120 73 0.880 3 61
3.800000 0.000000 0.000000 0.0 1.0 0.0 91 120 73 0.880 3 61
3.800000 0.000000 0.100000 0.0 1.0 0.0 91 120 73 0.880 3 61
3.800000 0.000000 0.200000 0.0 1.0 0.0 91 120 73 0.880 3 61
3.800000 0.000000 0.300000 0.0 1.0 0.0 91 120 73 0.880 3 61
3.800000 0.000000 0.400000 0.0 1.0 0.0 91 120 73 0.880 3 61
3.800000 0.000000 0.500000 0.0 1.0 0.0 91 120 73 0.880 3 61
3.800000 0.000000 0.600000 0.0 1.0 0.0 91 120 73 0.880 3 61
3.800000 0.000000 0.700000 0.0 1.0 0.0 91 120 73 0.880 3 61
3.800000 0.000000 0.800000 0.0 1.0 0.0 91 120 73 0.880 3 61
3.800000 0.000000 0.900000 0.0 1.0 0.0 91 120 73 0.880 3 61
3.800000 0.000000 1.000000 0.0 1.0 0.0 91 120 73 0.880 3 61
3.800000 0.000000 1.100000 0.0 1.0 0.0 91 120 73 0.880 3 61
3.800000 0.000000 1.200000 0.0 1.0 0.0 91 120 73 0.880 3 61
3.800000 0.000000 1.300000 0.0 1.0 0.0 91 120 73 0.880 3 61
3.800000 0.000000 1.400000 0.0 1.0 0.0 91 120 73 0.880 3 61
3.800000 0.000000 1.500000 0.0 1.0 0.0 91 120 73 0.880 3 61
3.800000 0.000000 1.600000 0.0 1.0 0.0 91 120 73 0.880 3 61
3.800000 0.000000 1.700000 0.0 1.0 0.0 91 120 73 0.880 3 61
3.800000 0.000000 1.800000 0.0 1.0 0.0 91 120 73 0.880 3 61
3.800000 0.000000 1.900000 0.0 1.0 0.0 91 120 73 0.880 3 61
3.800000 0.000000 2.000000 0.0 1.0 0.0 91 120 73 0.880 3 61
3.800000 0.000000 2.100000 0.0 1.0 0.0 91 120 73 0.880 3 61
3.800000 0.000000 2.200000 0.0 1.0 0.0 91 120 73 0.880 3 61
3.800000 0.000000 2.300000 0.0 1.0 0.0 91 120 73 0.880 3 61
3.800000 0.000000 2.400000 0.0 1.0 0.0 91 120 73 0.880 3 61
3.800000 0.000000 2.500000 0.0 1.0 0.0 91 120 73 0.880 3 61
3.800000 0.000000 2.600000 0.0 1.0 0.0 91 120 73 0.880 3 61
3.800000 0.000000 2.700000 0.0 1.0 0.0 91 120 73 0.880 3 61
3.800000 0.000000 2.800000 0.0 1.0 0.0 91 120 73 0.880 3 61
3.800000 0.000000 2.900000 0.0 1.0 0.0 91 120 73 0.880 3 61
3.800000 0.000000 3.000000 0.0 1.0 0.0 91 120 73 0.880 3 61
3.800000 0.000000 3.100000 0.0 1.0 0.0 91 120 73 0.880 3 61
3.800000 0.000000 3.200000 0.0 1.0 0.0 91 120 73 0.880 3 61
3.800000 0.000000 3.300000 0.0 1.0 0.0 91 120 73 0.880 3 61
3.800000 0.000000 3.400000 0.0 1.0 0.0 91 120 73 0.880 3 61
3.800000 0.000000 3.500000 0.0 1.0 0.0 91 120 73 0.880 3 61
3.800000 0.000000 3.600000 0.0 1.0 0.0 91 120 73 0.880 3 61
3.800000 0.000000 3.700000 0.0 1.0 0.0 91 120 73 0.880 3 61
3.800000 0.000000 3.800000 0.0 1.0 0.0 91 120 73 0.880 3 61
3.800000 0.000000 3.900000 0.0 1.0 0.0 91 120 73 0.880 3 61
3.800000 0.000000 4.000000 0.0 1.0 0.0 91 120 73 0.880 3 61
3.900000 0.000000 -2.000000 0.0 1.0 0.0 91 120 73 0.880 3 61
3.900000 0.000000 -1.900000 0.0 1.0 0.0 91 120 73 0.880 3 61
3.900000 0.000000 -1.800000 0.0 1.0 0.0 91 120 73 0.880 3 61
3.900000 0.000000 -1.700000 0.0 1.0 0.0 91 120 73 0.880 3 61
3.900000 0.000000 -1.600000 0.0 1.0 0.0 91 120 73 0.880 3 61
3.900000 0.000000 -1.500000 0.0 1.0 0.0 91 120 73 0.880 3 61
3.900000 0.000000 -1.400000 0.0 1.0 0.0 91 120 73 0.880 3 61
3.900000 0.000000 -1.300000 0.0 1.0 0.0 91 120 73 0.880 3 61
3.900000 0.000000 -1.200000 0.0 1.0 0.0 91 120 73 0.880 3 61
3.900000 0.000000 -1.100000 0.0 1.0 0.0 91 120 73 0.880 3 61
3.900000 0.000000 -1.000000 0.0 1.0 0.0 91 120 73 0.880 3 61
3.900000 0.000000 -0.900000 0.0 1.0 0.0 91 120 73 0.880 3 61
3.900000 0.000000 -0.800000 0.0 1.0 0.0 91 120 73 0.880 3 61
3.900000 0.000000 -0.700000 0.0 1.0 0.0 91 120 73 0.880 3 61
3.900000 0.000000 -0.600000 0.0 1.0 0.0 91 120 73 0.880 3 61
3.900000 0.000000 -0.500000 0.0 1.0 0.0 91 120 73 0.880 3 61
3.900000 0.000000 -0.400000 0.0 1.0 0.0 91 120 73 0.880 3 61
3.900000 0.000000 -0.300000 0.0 1.0 0.0 91 120 73 0.880 3 61
3.900000 0.000000 -0.200000 0.0 1.0 0.0 91 120 73 0.880 3 61
3.900000 0.000000 -0.100000 0.0 1.0 0.0 91 120 73 0.880 3 61
3.900000 0.000000 0.000000 0.0 1.0 0.0 91 120 73 0.880 3 61
3.900000 0.000000 0.100000 0.0 1.0 0.0 91 120 73 0.880 3 61
3.900000 0.000000 0.200000 0.0 1.0 0.0 91 120 73 0.880 3 61
3.900000 0.000000 0.300000 0.0 1.0 0.0 91 120 73 0.880 3 61
3.900000 0.000000 0.400000 0.0 1.0 0.0 91 120 73 0.880 3 61
3.900000 0.000000 0.500000 0.0 1.0 0.0 91 120 73 0.880 3 61
3.900000 0.000000 0.600000 0.0 1.0 0.0 91 120 73 0.880 3 61
3.900000 0.000000 0.700000 0.0 1.0 0.0 91 120 73 0.880 3 61
3.900000 0.000000 0.800000 0.0 1.0 0.0 91 120 73 0.880 3 61
3.900000 0.000000 0.900000 0.0 1.0 0.0 91 120 73 0.880 3 61
3.900000 0.000000 1.000000 0.0 1.0 0.0 91 120 73 0.880 3 61
3.900000 0.000000 1.100000 0.0 1.0 0.0 91 120 73 0.880 3 61
3.900000 0.000000 1.200000 0.0 1.0 0.0 91 120 73 0.880 3 61
3.900000 0.000000 1.300000 0.0 1.0 0.0 91 120 73 0.880 3 61
3.900000 0.000000 1.400000 0.0 1.0 0.0 91 120 73 0.880 3 61
3.900000 0.000000 1.500000 0.0 1.0 0.0 91 120 73 0.880 3 61
3.900000 0.000000 1.600000 0.0 1.0 0.0 91 120 73 0.880 3 61
3.900000 0.000000 1.700000 0.0 1.0 0.0 91 120 73 0.880 3 61
3.900000 0.000000 1.800000 0.0 1.0 0.0 91 120 73 0.880 3 61
3.900000 0.000000 1.900000 0.0 1.0 0.0 91 120 73 0.880 3 61
3.900000 0.000000 2.000000 0.0 1.0 0.0 91 120 73 0.880 3 61
3.900000 0.000000 2.100000 0.0 1.0 0.0 91 120 73 0.880 3 61
3.900000 0.000000 2.200000 0.0 1.0 0.0 91 120 73 0.880 3 61
3.900000 0.000000 2.300000 0.0 1.0 0.0 91 120 73 0.880 3 61
3.900000 0.000000 2.400000 0.0 1.0 0.0 91 120 73 0.880 3 61
3.900000 0.000000 2.500000 0.0 1.0 0.0 91 120 73 0.880 3 61
3.900000 0.000000 2.600000 0.0 1.0 0.0 91 120 73 0.880 3 61
3.900000 0.000000 2.700000 0.0 1.0 0.0 91 120 73 0.880 3 61
3.900000 0.000000 2.800000 0.0 1.0 0.0 91 120 73 0.880 3 61
3.900000 0.000000 2.900000 0.0 1.0 0.0 91 120 73 0.880 3 61
3.900000 0.000000 3.000000 0.0 1.0 0.0 91 120 73 0.880 3 61
3.900000 0.000000 3.100000 0.0 1.0 0.0 91 120 73 0.880 3 61
3.900000 0.000000 3.200000 0.0 1.0 0.0 91 120 73 0.880 3 61
3.900000 0.000000 3.300000 0.0 1.0 0.0 91 120 73 0.880 3 61
3.900000 0.000000 3.400000 0.0 1.0 0.0 91 120 73 0.880 3 61
3.900000 0.000000 3.500000 0.0 1.0 0.0 91 120 73 0.880 3 61
3.900000 0.000000 3.600000 0.0 1.0 0.0 91 120 73 0.880 3 61
3.900000 0.000000 3.700000 0.0 1.0 0.0 91 120 73 0.880 3 61
3.900000 0.000000 3.800000 0.0 1.0 0.0 91 120 73 0.880 3 61
3.900000 0.000000 3.900000 0.0 1.0 0.0 91 120 73 0.880 3 61
3.900000 0.000000 4.000000 0.0 1.0 0.0 91 120 73 0.880 3 61
4.000000 0.000000 -2.000000 0.0 1.0 0.0 91 120 73 0.880 3 61
4.000000 0.000000 -1.900000 0.0 1.0 0.0 91 120 73 0.880 3 61
4.000000 0.000000 -1.800000 0.0 1.0 0.0 91 120 73 0.880 3 61
4.000000 0.000000 -1.700000 0.0 1.0 0.0 91 120 73 0.880 3 61
4.000000 0.000000 -1.600000 0.0 1.0 0.0 91 120 73 0.880 3 61
4.000000 0.000000 -1.500000 0.0 1.0 0.0 91 120 73 0.880 3 61
4.000000 0.000000 -1.400000 0.0 1.0 0.0 91 120 73 0.880 3 61
4.000000 0.000000 -1.300000 0.0 1.0 0.0 91 120 73 0.880 3 61
4.000000 0.000000 -1.200000 0.0 1.0 0.0 91 120 73 0.880 3 61
4.000000 0.000000 -1.100000 0.0 1.0 0.0 91 120 73 0.880 3 61
4.000000 0.000000 -1.000000 0.0 1.0 0.0 91 120 73 0.880 3 61
4.000000 0.000000 -0.900000 0.0 1.0 0.0 91 120 73 0.880 3 61
4.000000 0.000000 -0.800000 0.0 1.0 0.0 91 120 73 0.880 3 61
4.000000 0.000000 -0.700000 0.0 1.0 0.0 91 120 73 0.880 3 61
4.000000 0.000000 -0.600000 0.0 1.0 0.0 91 120 73 0.880 3 61
4.000000 0.000000 -0.500000 0.0 1.0 0.0 91 120 73 0.880 3 61
4.000000 0.000000 -0.400000 0.0 1.0 0.0 91 120 73 0.880 3 61
4.000000 0.000000 -0.300000 0.0 1.0 0.0 91 120 73 0.880 3 61
4.000000 0.000000 -0.200000 0.0 1.0 0.0 91 120 73 0.880 3 61
4.000000 0.000000 -0.100000 0.0 1.0 0.0 91 120 73 0.880 3 61
4.000000 0.000000 0.000000 0.0 1.0 0.0 91 120 73 0.880 3 61
4.000000 0.000000 0.100000 0.0 1.0 0.0 91 120 73 0.880 3 61
4.000000 0.000000 0.200000 0.0 1.0 0.0 91 120 73 0.880 3 61
4.000000 0.000000 0.300000 0.0 1.0 0.0 91 120 73 0.880 3 61
4.000000 0.000000 0.400000 0.0 1.0 0.0 91 120 73 0.880 3 61
4.000000 0.000000 0.500000 0.0 1.0 0.0 91 120 73 0.880 3 61
4.000000 0.000000 0.600000 0.0 1.0 0.0 91 120 73 0.880 3 61
4.000000 0.000000 0.700000 0.0 1.0 0.0 91 120 73 0.880 3 61
4.000000 0.000000 0.800000 0.0 1.0 0.0 91 120 73 0.880 3 61
4.000000 0.000000 0.900000 0.0 1.0 0.0 91 120 73 0.880 3 61
4.000000 0.000000 1.000000 0.0 1.0 0.0 91 120 73 0.880 3 61
4.000000 0.000000 1.100000 0.0 1.0 0.0 91 120 73 0.880 3 61
4.000000 0.000000 1.200000 0.0 1.0 0.0 91 120 73 0.880 3 61
4.000000 0.000000 1.300000 0.0 1.0 0.0 91 120 73 0.880 3 61
4.000000 0.000000 1.400000 0.0 1.0 0.0 91 120 73 0.880 3 61
4.000000 0.000000 1.500000 0.0 1.0 0.0 91 120 73 0.880 3 61
4.000000 0.000000 1.600000 0.0 1.0 0.0 91 120 73 0.880 3 61
4.000000 0.000000 1.700000 0.0 1.0 0.0 91 120 73 0.880 3 61
4.000000 0.000000 1.800000 0.0 1.0 0.0 91 120 73 0.880 3 61
4.000000 0.000000 1.900000 0.0 1.0 0.0 91 120 73 0.880 3 61
4.000000 0.000000 2.000000 0.0 1.0 0.0 91 120 73 0.880 3 61
4.000000 0.000000 2.100000 0.0 1.0 0.0 91 120 73 0.880 3 61
4.000000 0.000000 2.200000 0.0 1.0 0.0 91 120 73 0.880 3 61
4.000000 0.000000 2.300000 0.0 1.0 0.0 91 120 73 0.880 3 61
4.000000 0.000000 2.400000 0.0 1.0 0.0 91 120 73 0.880 3 61
4.000000 0.000000 2.500000 0.0 1.0 0.0 91 120 73 0.880 3 61
4.000000 0.000000 2.600000 0.0 1.0 0.0 91 120 73 0.880 3 61
4.000000 0.000000 2.700000 0.0 1.0 0.0 91 120 73 0.880 3 61
4.000000 0.000000 2.800000 0.0 1.0 0.0 91 120 73 0.880 3 61
4.000000 0.000000 2.900000 0.0 1.0 0.0 91 120 73 0.880 3 61
4.000000 0.000000 3.000000 0.0 1.0 0.0 91 120 73 0.880 3 61
4.000000 0.000000 3.100000 0.0 1.0 0.0 91 120 73 0.880 3 61
4.000000 0.000000 3.200000 0.0 1.0 0.0 91 120 73 0.880 3 61
4.000000 0.000000 3.300000 0.0 1.0 0.0 91 120 73 0.880 3 61
4.000000 0.000000 3.400000 0.0 1.0 0.0 91 120 73 0.880 3 61
4.000000 0.000000 3.500000 0.0 1.0 0.0 91 120 73 0.880 3 61
4.000000 0.000000 3.600000 0.0 1.0 0.0 91 120 73 0.880 3 61
4.000000 0.000000 3.700000 0.0 1.0 0.0 91 120 73 0.880 3 61
4.000000 0.000000 3.800000 0.0 1.0 0.0 91 120 73 0.880 3 61
4.000000 0.000000 3.900000 0.0 1.0 0.0 91 120 73 0.880 3 61
4.000000 0.000000 4.000000 0.0 1.0 0.0 91 120 73 0.880 3 61
2.500000 0.000000 0.500000 0.0 0.0 1.0 151 125 105 0.820 3 62
2.500000 0.100000 0.500000 0.0 0.0 1.0 151 125 105 0.820 3 62
2.500000 0.200000 0.500000 0.0 0.0 1.0 151 125 105 0.820 3 62
2.500000 0.300000 0.500000 0.0 0.0 1.0 151 125 105 0.820 3 62
2.500000 0.400000 0.500000 0.0 0.0 1.0 151 125 105 0.820 3 62
2.500000 0.500000 0.500000 0.0 0.0 1.0 151 125 105 0.820 3 62
2.500000 0.600000 0.500000 0.0 0.0 1.0 151 125 105 0.820 3 62
2.500000 0.700000 0.500000 0.0 0.0 1.0 151 125 105 0.820 3 62
2.500000 0.800000 0.500000 0.0 0.0 1.0 151 125 105 0.820 3 62
2.500000 0.900000 0.500000 0.0 0.0 1.0 151 125 105 0.820 3 62
2.500000 1.000000 0.500000 0.0 0.0 1.0 151 125 105 0.820 3 62
2.500000 1.100000 0.500000 0.0 0.0 1.0 151 125 105 0.820 3 62
2.500000 1.200000 0.500000 0.0 0.0 1.0 151 125 105 0.820 3 62
2.500000 1.300000 0.500000 0.0 0.0 1.0 151 125 105 0.820 3 62
2.500000 1.400000 0.500000 0.0 0.0 1.0 151 125 105 0.820 3 62
2.500000 1.500000 0.500000 0.0 0.0 1.0 151 125 105 0.820 3 62
2.500000 1.600000 0.500000 0.0 0.0 1.0 151 125 105 0.820 3 62
2.500000 1.700000 0.500000 0.0 0.0 1.0 151 125 105 0.820 3 62
2.500000 1.800000 0.500000 0.0 0.0 1.0 151 125 105 0.820 3 62
2.500000 1.900000 0.500000 0.0 0.0 1.0 151 125 105 0.820 3 62
2.500000 2.000000 0.500000 0.0 0.0 1.0 151 125 105 0.820 3 62
2.500000 2.100000 0.500000 0.0 0.0 1.0 151 125 105 0.820 3 62
2.500000 2.200000 0.500000 0.0 0.0 1.0 151 125 105 0.820 3 62
2.500000 2.300000 0.500000 0.0 0.0 1.0 151 125 105 0.820 3 62
2.500000 2.400000 0.500000 0.0 0.0 1.0 151 125 105 0.820 3 62
2.500000 2.500000 0.500000 0.0 0.0 1.0 151 125 105 0.820 3 62
2.600000 0.000000 0.500000 0.0 0.0 1.0 151 125 105 0.820 3 62
2.600000 0.100000 0.500000 0.0 0.0 1.0 151 125 105 0.820 3 62
2.600000 0.200000 0.500000 0.0 0.0 1.0 151 125 105 0.820 3 62
2.600000 0.300000 0.500000 0.0 0.0 1.0 151 125 105 0.820 3 62
2.600000 0.400000 0.500000 0.0 0.0 1.0 151 125 105 0.820 3 62
2.600000 0.500000 0.500000 0.0 0.0 1.0 151 125 105 0.820 3 62
2.600000 0.600000 0.500000 0.0 0.0 1.0 151 125 105 0.820 3 62
2.600000 0.700000 0.500000 0.0 0.0 1.0 151 125 105 0.820 3 62
2.600000 0.800000 0.500000 0.0 0.0 1.0 151 125 105 0.820 3 62
2.600000 0.900000 0.500000 0.0 0.0 1.0 151 125 105 0.820 3 62
2.600000 1.000000 0.500000 0.0 0.0 1.0 151 125 105 0.820 3 62
2.600000 1.100000 0.500000 0.0 0.0 1.0 151 125 105 0.820 3 62
2.600000 1.200000 0.500000 0.0 0.0 1.0 151 125 105 0.820 3 62
2.600000 1.300000 0.500000 0.0 0.0 1.0 151 125 105 0.820 3 62
2.600000 1.400000 0.500000 0.0 0.0 1.0 151 125 105 0.820 3 62
2.600000 1.500000 0.500000 0.0 0.0 1.0 151 125 105 0.820 3 62
2.600000 1.600000 0.500000 0.0 0.0 1.0 151 125 105 0.820 3 62
2.600000 1.700000 0.500000 0.0 0.0 1.0 151 125 105 0.820 3 62
2.600000 1.800000 0.500000 0.0 0.0 1.0 151 125 105 0.820 3 62
2.600000 1.900000 0.500000 0.0 0.0 1.0 151 125 105 0.820 3 62
2.600000 2.000000 0.500000 0.0 0.0 1.0 151 125 105 0.820 3 62
2.600000 2.100000 0.500000 0.0 0.0 1.0 151 125 105 0.820 3 62
2.600000 2.200000 0.500000 0.0 0.0 1.0 151 125 105 0.820 3 62
2.600000 2.300000 0.500000 0.0 0.0 1.0 151 125 105 0.820 3 62
2.600000 2.400000 0.500000 0.0 0.0 1.0 151 125 105 0.820 3 62
2.600000 2.500000 0.500000 0.0 0.0 1.0 151 125 105 0.820 3 62
2.700000 0.000000 0.500000 0.0 0.0 1.0 151 125 105 0.820 3 62
2.700000 0.100000 0.500000 0.0 0.0 1.0 151 125 105 0.820 3 62
2.700000 0.200000 0.500000 0.0 0.0 1.0 151 125 105 0.820 3 62
2.700000 0.300000 0.500000 0.0 0.0 1.0 151 125 105 0.820 3 62
2.700000 0.400000 0.500000 0.0 0.0 1.0 151 125 105 0.820 3 62
2.700000 0.500000 0.500000 0.0 0.0 1.0 151 125 105 0.820 3 62
2.700000 0.600000 0.500000 0.0 0.0 1.0 151 125 105 0.820 3 62
2.700000 0.700000 0.500000 0.0 0.0 1.0 151 125 105 0.820 3 62
2.700000 0.800000 0.500000 0.0 0.0 1.0 151 125 105 0.820 3 62
2.700000 0.900000 0.500000 0.0 0.0 1.0 151 125 105 0.820 3 62
2.700000 1.000000 0.500000 0.0 0.0 1.0 151 125 105 0.820 3 62
2.700000 1.100000 0.500000 0.0 0.0 1.0 151 125 105 0.820 3 62
2.700000 1.200000 0.500000 0.0 0.0 1.0 151 125 105 0.820 3 62
2.700000 1.300000 0.500000 0.0 0.0 1.0 151 125 105 0.820 3 62
2.700000 1.400000 0.500000 0.0 0.0 1.0 151 125 105 0.820 3 62
2.700000 1.500000 0.500000 0.0 0.0 1.0 151 125 105 0.820 3 62
2.700000 1.600000 0.500000 0.0 0.0 1.0 151 125 105 0.820 3 62
2.700000 1.700000 0.500000 0.0 0.0 1.0 151 125 105 0.820 3 62
2.700000 1.800000 0.500000 0.0 0.0 1.0 151 125 105 0.820 3 62
2.700000 1.900000 0.500000 0.0 0.0 1.0 151 125 105 0.820 3 62
2.700000 2.000000 0.500000 0.0 0.0 1.0 151 125 105 0.820 3 62
2.700000 2.100000 0.500000 0.0 0.0 1.0 151 125 105 0.820 3 62
2.700000 2.200000 0.500000 0.0 0.0 1.0 151 125 105 0.820 3 62
2.700000 2.300000 0.500000 0.0 0.0 1.0 151 125 105 0.820 3 62
2.700000 2.400000 0.500000 0.0 0.0 1.0 151 125 105 0.820 3 62
2.700000 2.500000 0.500000 0.0 0.0 1.0 151 125 105 0.820 3 62
2.800000 0.000000 0.500000 0.0 0.0 1.0 151 125 105 0.820 3 62
2.800000 0.100000 0.500000 0.0 0.0 1.0 151 125 105 0.820 3 62
2.800000 0.200000 0.500000 0.0 0.0 1.0 151 125 105 0.820 3 62
2.800000 0.300000 0.500000 0.0 0.0 1.0 151 125 105 0.820 3 62
2.800000 0.400000 0.500000 0.0 0.0 1.0 151 125 105 0.820 3 62
2.800000 0.500000 0.500000 0.0 0.0 1.0 151 125 105 0.820 3 62
2.800000 0.600000 0.500000 0.0 0.0 1.0 151 125 105 0.820 3 62
2.800000 0.700000 0.500000 0.0 0.0 1.0 151 125 105 0.820 3 62
2.800000 0.800000 0.500000 0.0 0.0 1.0 151 125 105 0.820 3 62
2.800000 0.900000 0.500000 0.0 0.0 1.0 151 125 105 0.820 3 62
2.800000 1.000000 0.500000 0.0 0.0 1.0 151 125 105 0.820 3 62
2.800000 1.100000 0.500000 0.0 0.0 1.0 151 125 105 0.820 3 62
2.800000 1.200000 0.500000 0.0 0.0 1.0 151 125 105 0.820 3 62
2.800000 1.300000 0.500000 0.0 0.0 1.0 151 125 105 0.820 3 62
2.800000 1.400000 0.500000 0.0 0.0 1.0 151 125 105 0.820 3 62
2.800000 1.500000 0.500000 0.0 0.0 1.0 151 125 105 0.820 3 62
2.800000 1.600000 0.500000 0.0 0.0 1.0 151 125 105 0.820 3 62
2.800000 1.700000 0.500000 0.0 0.0 1.0 151 125 105 0.820 3 62
2.800000 1.800000 0.500000 0.0 0.0 1.0 151 125 105 0.820 3 62
2.800000 1.900000 0.500000 0.0 0.0 1.0 151 125 105 0.820 3 62
2.800000 2.000000 0.500000 0.0 0.0 1.0 151 125 105 0.820 3 62
2.800000 2.100000 0.500000 0.0 0.0 1.0 151 125 105 0.820 3 62
2.800000 2.200000 0.500000 0.0 0.0 1.0 151 125 105 0.820 3 62
2.800000 2.300000 0.500000 0.0 0.0 1.0 151 125 105 0.820 3 62
2.800000 2.400000 0.500000 0.0 0.0 1.0 151 125 105 0.820 3 62
2.800000 2.500000 0.500000 0.0 0.0 1.0 151 125 105 0.820 3 62
2.900000 0.000000 0.500000 0.0 0.0 1.0 151 125 105 0.820 3 62
2.900000 0.100000 0.500000 0.0 0.0 1.0 151 125 105 0.820 3 62
2.900000 0.200000 0.500000 0.0 0.0 1.0 151 125 105 0.820 3 62
2.900000 0.300000 0.500000 0.0 0.0 1.0 151 125 105 0.820 3 62
2.900000 0.400000 0.500000 0.0 0.0 1.0 151 125 105 0.820 3 62
2.900000 0.500000 0.500000 0.0 0.0 1.0 151 125 105 0.820 3 62
2.900000 0.600000 0.500000 0.0 0.0 1.0 151 125 105 0.820 3 62
2.900000 0.700000 0.500000 0.0 0.0 1.0 151 125 105 0.820 3 62
2.900000 0.800000 0.500000 0.0 0.0 1.0 151 125 105 0.820 3 62
2.900000 0.900000 0.500000 0.0 0.0 1.0 151 125 105 0.820 3 62
2.900000 1.000000 0.500000 0.0 0.0 1.0 151 125 105 0.820 3 62
2.900000 1.100000 0.500000 0.0 0.0 1.0 151 125 105 0.820 3 62
2.900000 1.200000 0.500000 0.0 0.0 1.0 151 125 105 0.820 3 62
2.900000 1.300000 0.500000 0.0 0.0 1.0 151 125 105 0.820 3 62
2.900000 1.400000 0.500000 0.0 0.0 1.0 151 125 105 0.820 3 62
2.900000 1.500000 0.500000 0.0 0.0 1.0 151 125 105 0.820 3 62
2.900000 1.600000 0.500000 0.0 0.0 1.0 151 125 105 0.820 3 62
2.900000 1.700000 0.500000 0.0 0.0 1.0 151 125 105 0.820 3 62
2.900000 1.800000 0.500000 0.0 0.0 1.0 151 125 105 0.820 3 62
2.900000 1.900000 0.500000 0.0 0.0 1.0 151 125 105 0.820 3 62
2.900000 2.000000 0.500000 0.0 0.0 1.0 151 125 105 0.820 3 62
2.900000 2.100000 0.500000 0.0 0.0 1.0 151 125 105 0.820 3 62
2.900000 2.200000 0.500000 0.0 0.0 1.0 151 125 105 0.820 3 62
2.900000 2.300000 0.500000 0.0 0.0 1.0 151 125 105 0.820 3 62
2.900000 2.400000 0.500000 0.0 0.0 1.0 151 125 105 0.820 3 62
2.900000 2.500000 0.500000 0.0 0.0 1.0 151 125 105 0.820 3 62
3.000000 0.000000 0.500000 0.0 0.0 1.0 151 125 105 0.820 3 62
3.000000 0.100000 0.500000 0.0 0.0 1.0 151 125 105 0.820 3 62
3.000000 0.200000 0.500000 0.0 0.0 1.0 151 125 105 0.820 3 62
3.000000 0.300000 0.500000 0.0 0.0 1.0 151 125 105 0.820 3 62
3.000000 0.400000 0.500000 0.0 0.0 1.0 151 125 105 0.820 3 62
3.000000 0.500000 0.500000 0.0 0.0 1.0 151 125 105 0.820 3 62
3.000000 0.600000 0.500000 0.0 0.0 1.0 151 125 105 0.820 3 62
3.000000 0.700000 0.500000 0.0 0.0 1.0 151 125 105 0.820 3 62
3.000000 0.800000 0.500000 0.0 0.0 1.0 151 125 105 0.820 3 62
3.000000 0.900000 0.500000 0.0 0.0 1.0 151 125 105 0.820 3 62
3.000000 1.000000 0.500000 0.0 0.0 1.0 151 125 105 0.820 3 62
3.000000 1.100000 0.500000 0.0 0.0 1.0 151 125 105 0.820 3 62
3.000000 1.200000 0.500000 0.0 0.0 1.0 151 125 105 0.820 3 62
3.000000 1.300000 0.500000 0.0 0.0 1.0 151 125 105 0.820 3 62
3.000000 1.400000 0.500000 0.0 0.0 1.0 151 125 105 0.820 3 62
3.000000 1.500000 0.500000 0.0 0.0 1.0 151 125 105 0.820 3 62
3.000000 1.600000 0.500000 0.0 0.0 1.0 151 125 105 0.820 3 62
3.000000 1.700000 0.500000 0.0 0.0 1.0 151 125 105 0.820 3 62
3.000000 1.800000 0.500000 0.0 0.0 1.0 151 125 105 0.820 3 62
3.000000 1.900000 0.500000 0.0 0.0 1.0 151 125 105 0.820 3 62
3.000000 2.000000 0.500000 0.0 0.0 1.0 151 125 105 0.820 3 62
3.000000 2.100000 0.500000 0.0 0.0 1.0 151 125 105 0.820 3 62
3.000000 2.200000 0.500000 0.0 0.0 1.0 151 125 105 0.820 3 62
3.000000 2.300000 0.500000 0.0 0.0 1.0 151 125 105 0.820 3 62
3.000000 2.400000 0.500000 0.0 0.0 1.0 151 125 105 0.820 3 62
3.000000 2.500000 0.500000 0.0 0.0 1.0 151 125 105 0.820 3 62
3.100000 0.000000 0.500000 0.0 0.0 1.0 151 125 105 0.820 3 62
3.100000 0.100000 0.500000 0.0 0.0 1.0 151 125 105 0.820 3 62
3.100000 0.200000 0.500000 0.0 0.0 1.0 151 125 105 0.820 3 62
3.100000 0.300000 0.500000 0.0 0.0 1.0 151 125 105 0.820 3 62
3.100000 0.400000 0.500000 0.0 0.0 1.0 151 125 105 0.820 3 62
3.100000 0.500000 0.500000 0.0 0.0 1.0 151 125 105 0.820 3 62
3.100000 0.600000 0.500000 0.0 0.0 1.0 151 125 105 0.820 3 62
3.100000 0.700000 0.500000 0.0 0.0 1.0 151 125 105 0.820 3 62
3.100000 0.800000 0.500000 0.0 0.0 1.0 151 125 105 0.820 3 62
3.100000 0.900000 0.500000 0.0 0.0 1.0 151 125 105 0.820 3 62
3.100000 1.000000 0.500000 0.0 0.0 1.0 151 125 105 0.820 3 62
3.100000 1.100000 0.500000 0.0 0.0 1.0 151 125 105 0.820 3 62
3.100000 1.200000 0.500000 0.0 0.0 1.0 151 125 105 0.820 3 62
3.100000 1.300000 0.500000 0.0 0.0 1.0 151 125 105 0.820 3 62
3.100000 1.400000 0.500000 0.0 0.0 1.0 151 125 105 0.820 3 62
3.100000 1.500000 0.500000 0.0 0.0 1.0 151 125 105 0.820 3 62
3.100000 1.600000 0.500000 0.0 0.0 1.0 151 125 105 0.820 3 62
3.100000 1.700000 0.500000 0.0 0.0 1.0 151 125 105 0.820 3 62
3.100000 1.800000 0.500000 0.0 0.0 1.0 151 125 105 0.820 3 62
3.100000 1.900000 0.500000 0.0 0.0 1.0 151 125 105 0.820 3 62
3.100000 2.000000 0.500000 0.0 0.0 1.0 151 125 105 0.820 3 62
3.100000 2.100000 0.500000 0.0 0.0 1.0 151 125 105 0.820 3 62
3.100000 2.200000 0.500000 0.0 0.0 1.0 151 125 105 0.820 3 62
3.100000 2.300000 0.500000 0.0 0.0 1.0 151 125 105 0.820 3 62
3.100000 2.400000 0.500000 0.0 0.0 1.0 151 125 105 0.820 3 62
3.100000 2.500000 0.500000 0.0 0.0 1.0 151 125 105 0.820 3 62
3.200000 0.000000 0.500000 0.0 0.0 1.0 151 125 105 0.820 3 62
3.200000 0.100000 0.500000 0.0 0.0 1.0 151 125 105 0.820 3 62
3.200000 0.200000 0.500000 0.0 0.0 1.0 151 125 105 0.820 3 62
3.200000 0.300000 0.500000 0.0 0.0 1.0 151 125 105 0.820 3 62
3.200000 0.400000 0.500000 0.0 0.0 1.0 151 125 105 0.820 3 62
3.200000 0.500000 0.500000 0.0 0.0 1.0 151 125 105 0.820 3 62
3.200000 0.600000 0.500000 0.0 0.0 1.0 151 125 105 0.820 3 62
3.200000 0.700000 0.500000 0.0 0.0 1.0 151 125 105 0.820 3 62
3.200000 0.800000 0.500000 0.0 0.0 1.0 151 125 105 0.820 3 62
3.200000 0.900000 0.500000 0.0 0.0 1.0 151 125 105 0.820 3 62
3.200000 1.000000 0.500000 0.0 0.0 1.0 151 125 105 0.820 3 62
3.200000 1.100000 0.500000 0.0 0.0 1.0 151 125 105 0.820 3 62
3.200000 1.200000 0.500000 0.0 0.0 1.0 151 125 105 0.820 3 62
3.200000 1.300000 0.500000 0.0 0.0 1.0 151 125 105 0.820 3 62
3.200000 1.400000 0.500000 0.0 0.0 1.0 151 125 105 0.820 3 62
3.200000 1.500000 0.500000 0.0 0.0 1.0 151 125 105 0.820 3 62
3.200000 1.600000 0.500000 0.0 0.0 1.0 151 125 105 0.820 3 62
3.200000 1.700000 0.500000 0.0 0.0 1.0 151 125 105 0.820 3 62
3.200000 1.800000 0.500000 0.0 0.0 1.0 151 125 105 0.820 3 62
3.200000 1.900000 0.500000 0.0 0.0 1.0 151 125 105 0.820 3 62
3.200000 2.000000 0.500000 0.0 0.0 1.0 151 125 105 0.820 3 62
3.200000 2.100000 0.500000 0.0 0.0 1.0 151 125 105 0.820 3 62
3.200000 2.200000 0.500000 0.0 0.0 1.0 151 125 105 0.820 3 62
3.200000 2.300000 0.500000 0.0 0.0 1.0 151 125 105 0.820 3 62
3.200000 2.400000 0.500000 0.0 0.0 1.0 151 125 105 0.820 3 62
3.200000 2.500000 0.500000 0.0 0.0 1.0 151 125 105 0.820 3 62
3.300000 0.000000 0.500000 0.0 0.0 1.0 151 125 105 0.820 3 62
3.300000 0.100000 0.500000 0.0 0.0 1.0 151 125 105 0.820 3 62
3.300000 0.200000 0.500000 0.0 0.0 1.0 151 125 105 0.820 3 62
3.300000 0.300000 0.500000 0.0 0.0 1.0 151 125 105 0.820 3 62
3.300000 0.400000 0.500000 0.0 0.0 1.0 151 125 105 0.820 3 62
3.300000 0.500000 0.500000 0.0 0.0 1.0 151 125 105 0.820 3 62
3.300000 0.600000 0.500000 0.0 0.0 1.0 151 125 105 0.820 3 62
3.300000 0.700000 0.500000 0.0 0.0 1.0 151 125 105 0.820 3 62
3.300000 0.800000 0.500000 0.0 0.0 1.0 151 125 105 0.820 3 62
3.300000 0.900000 0.500000 0.0 0.0 1.0 151 125 105 0.820 3 62
3.300000 1.000000 0.500000 0.0 0.0 1.0 151 125 105 0.820 3 62
3.300000 1.100000 0.500000 0.0 0.0 1.0 151 125 105 0.820 3 62
3.300000 1.200000 0.500000 0.0 0.0 1.0 151 125 105 0.820 3 62
3.300000 1.300000 0.500000 0.0 0.0 1.0 151 125 105 0.820 3 62
3.300000 1.400000 0.500000 0.0 0.0 1.0 151 125 105 0.820 3 62
3.300000 1.500000 0.500000 0.0 0.0 1.0 151 125 105 0.820 3 62
3.300000 1.600000 0.500000 0.0 0.0 1.0 151 125 105 0.820 3 62
3.300000 1.700000 0.500000 0.0 0.0 1.0 151 125 105 0.820 3 62
3.300000 1.800000 0.500000 0.0 0.0 1.0 151 125 105 0.820 3 62
3.300000 1.900000 0.500000 0.0 0.0 1.0 151 125 105 0.820 3 62
3.300000 2.000000 0.500000 0.0 0.0 1.0 151 125 105 0.820 3 62
3.300000 2.100000 0.500000 0.0 0.0 1.0 151 125 105 0.820 3 62
3.300000 2.200000 0.500000 0.0 0.0 1.0 151 125 105 0.820 3 62
3.300000 2.300000 0.500000 0.0 0.0 1.0 151 125 105 0.820 3 62
3.300000 2.400000 0.500000 0.0 0.0 1.0 151 125 105 0.820 3 62
3.300000 2.500000 0.500000 0.0 0.0 1.0 151 125 105 0.820 3 62
3.400000 0.000000 0.500000 0.0 0.0 1.0 151 125 105 0.820 3 62
3.400000 0.100000 0.500000 0.0 0.0 1.0 151 125 105 0.820 3 62
3.400000 0.200000 0.500000 0.0 0.0 1.0 151 125 105 0.820 3 62
3.400000 0.300000 0.500000 0.0 0.0 1.0 151 125 105 0.820 3 62
3.400000 0.400000 0.500000 0.0 0.0 1.0 151 125 105 0.820 3 62
3.400000 0.500000 0.500000 0.0 0.0 1.0 151 125 105 0.820 3 62
3.400000 0.600000 0.500000 0.0 0.0 1.0 151 125 105 0.820 3 62
3.400000 0.700000 0.500000 0.0 0.0 1.0 151 125 105 0.820 3 62
3.400000 0.800000 0.500000 0.0 0.0 1.0 151 125 105 0.820 3 62
3.400000 0.900000 0.500000 0.0 0.0 1.0 151 125 105 0.820 3 62
3.400000 1.000000 0.500000 0.0 0.0 1.0 151 125 105 0.820 3 62
3.400000 1.100000 0.500000 0.0 0.0 1.0 151 125 105 0.820 3 62
3.400000 1.200000 0.500000 0.0 0.0 1.0 151 125 105 0.820 3 62
3.400000 1.300000 0.500000 0.0 0.0 1.0 151 125 105 0.820 3 62
3.400000 1.400000 0.500000 0.0 0.0 1.0 151 125 105 0.820 3 62
3.400000 1.500000 0.500000 0.0 0.0 1.0 151 125 105 0.820 3 62
3.400000 1.600000 0.500000 0.0 0.0 1.0 151 125 105 0.820 3 62
3.400000 1.700000 0.500000 0.0 0.0 1.0 151 125 105 0.820 3 62
3.400000 1.800000 0.500000 0.0 0.0 1.0 151 125 105 0.820 3 62
3.400000 1.900000 0.500000 0.0 0.0 1.0 151 125 105 0.820 3 62
3.400000 2.000000 0.500000 0.0 0.0 1.0 151 125 105 0.820 3 62
3.400000 2.100000 0.500000 0.0 0.0 1.0 151 125 105 0.820 3 62
3.400000 2.200000 0.500000 0.0 0.0 1.0 151 125 105 0.820 3 62
3.400000 2.300000 0.500000 0.0 0.0 1.0 151 125 105 0.820 3 62
3.400000 2.400000 0.500000 0.0 0.0 1.0 151 125 105 0.820 3 62
3.400000 2.500000 0.500000 0.0 0.0 1.0 151 125 105 0.820 3 62
3.500000 0.000000 0.500000 0.0 0.0 1.0 151 125 105 0.820 3 62
3.500000 0.100000 0.500000 0.0 0.0 1.0 151 125 105 0.820 3 62
3.500000 0.200000 0.500000 0.0 0.0 1.0 151 125 105 0.820 3 62
3.500000 0.300000 0.500000 0.0 0.0 1.0 151 125 105 0.820 3 62
3.500000 0.400000 0.500000 0.0 0.0 1.0 151 125 105 0.820 3 62
3.500000 0.500000 0.500000 0.0 0.0 1.0 151 125 105 0.820 3 62
3.500000 0.600000 0.500000 0.0 0.0 1.0 151 125 105 0.820 3 62
3.500000 0.700000 0.500000 0.0 0.0 1.0 151 125 105 0.820 3 62
3.500000 0.800000 0.500000 0.0 0.0 1.0 151 125 105 0.820 3 62
3.500000 0.900000 0.500000 0.0 0.0 1.0 151 125 105 0.820 3 62
3.500000 1.000000 0.500000 0.0 0.0 1.0 151 125 105 0.820 3 62
3.500000 1.100000 0.500000 0.0 0.0 1.0 151 125 105 0.820 3 62
3.500000 1.200000 0.500000 0.0 0.0 1.0 151 125 105 0.820 3 62
3.500000 1.300000 0.500000 0.0 0.0 1.0 151 125 105 0.820 3 62
3.500000 1.400000 0.500000 0.0 0.0 1.0 151 125 105 0.820 3 62
3.500000 1.500000 0.500000 0.0 0.0 1.0 151 125 105 0.820 3 62
3.500000 1.600000 0.500000 0.0 0.0 1.0 151 125 105 0.820 3 62
3.500000 1.700000 0.500000 0.0 0.0 1.0 151 125 105 0.820 3 62
3.500000 1.800000 0.500000 0.0 0.0 1.0 151 125 105 0.820 3 62
3.500000 1.900000 0.500000 0.0 0.0 1.0 151 125 105 0.820 3 62
3.500000 2.000000 0.500000 0.0 0.0 1.0 151 125 105 0.820 3 62
3.500000 2.100000 0.500000 0.0 0.0 1.0 151 125 105 0.820 3 62
3.500000 2.200000 0.500000 0.0 0.0 1.0 151 125 105 0.820 3 62
3.500000 2.300000 0.500000 0.0 0.0 1.0 151 125 105 0.820 3 62
3.500000 2.400000 0.500000 0.0 0.0 1.0 151 125 105 0.820 3 62
3.500000 2.500000 0.500000 0.0 0.0 1.0 151 125 105 0.820 3 62
