ply
format ascii 1.0
comment synthetic observed-surface fixture; generated, not reconstructed
element vertex 2542
property float x
property float y
property float z
property float nx
property float ny
property float nz
property uchar red
property uchar green
property uchar blue
property float confidence
property uint support_count
property uint source_view_id
end_header
-3.000000 0.000000 0.000000 0.0 0.0 1.0 178 91 65 0.950 4 20
-3.000000 0.100000 0.000000 0.0 0.0 1.0 178 91 65 0.950 4 20
-3.000000 0.200000 0.000000 0.0 0.0 1.0 178 91 65 0.950 4 20
-3.000000 0.300000 0.000000 0.0 0.0 1.0 178 91 65 0.950 4 20
-3.000000 0.400000 0.000000 0.0 0.0 1.0 178 91 65 0.950 4 20
-3.000000 0.500000 0.000000 0.0 0.0 1.0 178 91 65 0.950 4 20
-3.000000 0.600000 0.000000 0.0 0.0 1.0 178 91 65 0.950 4 20
-3.000000 0.700000 0.000000 0.0 0.0 1.0 178 91 65 0.950 4 20
-3.000000 0.800000 0.000000 0.0 0.0 1.0 178 91 65 0.950 4 20
-3.000000 0.900000 0.000000 0.0 0.0 1.0 178 91 65 0.950 4 20
-3.000000 1.000000 0.000000 0.0 0.0 1.0 178 91 65 0.950 4 20
-3.000000 1.100000 0.000000 0.0 0.0 1.0 178 91 65 0.950 4 20
-3.000000 1.200000 0.000000 0.0 0.0 1.0 178 91 65 0.950 4 20
-3.000000 1.300000 0.000000 0.0 0.0 1.0 178 91 65 0.950 4 20
-3.000000 1.400000 0.000000 0.0 0.0 1.0 178 91 65 0.950 4 20
-3.000000 1.500000 0.000000 0.0 0.0 1.0 178 91 65 0.950 4 20
-3.000000 1.600000 0.000000 0.0 0.0 1.0 178 91 65 0.950 4 20
-3.000000 1.700000 0.000000 0.0 0.0 1.0 178 91 65 0.950 4 20
-3.000000 1.800000 0.000000 0.0 0.0 1.0 178 91 65 0.950 4 20
-3.000000 1.900000 0.000000 0.0 0.0 1.0 178 91 65 0.950 4 20
-3.000000 2.000000 0.000000 0.0 0.0 1.0 178 91 65 0.950 4 20
-3.000000 2.100000 0.000000 0.0 0.0 1.0 178 91 65 0.950 4 20
-3.000000 2.200000 0.000000 0.0 0.0 1.0 178 91 65 0.950 4 20
-3.000000 2.300000 0.000000 0.0 0.0 1.0 178 91 65 0.950 4 20
-3.000000 2.400000 0.000000 0.0 0.0 1.0 178 91 65 0.950 4 20
-3.000000 2.500000 0.000000 0.0 0.0 1.0 178 91 65 0.950 4 20
-3.000000 2.600000 0.000000 0.0 0.0 1.0 178 91 65 0.950 4 20
-3.000000 2.700000 0.000000 0.0 0.0 1.0 178 91 65 0.950 4 20
-3.000000 2.800000 0.000000 0.0 0.0 1.0 178 91 65 0.950 4 20
-3.000000 2.900000 0.000000 0.0 0.0 1.0 178 91 65 0.950 4 20
-3.000000 3.000000 0.000000 0.0 0.0 1.0 178 91 65 0.950 4 20
-3.000000 3.100000 0.000000 0.0 0.0 1.0 178 91 65 0.950 4 20
-3.000000 3.200000 0.000000 0.0 0.0 1.0 178 91 65 0.950 4 20
-3.000000 3.300000 0.000000 0.0 0.0 1.0 178 91 65 0.950 4 20
-3.000000 3.400000 0.000000 0.0 0.0 1.0 178 91 65 0.950 4 20
-3.000000 3.500000 0.000000 0.0 0.0 1.0 178 91 65 0.950 4 20
-3.000000 3.600000 0.000000 0.0 0.0 1.0 178 91 65 0.950 4 20
-3.000000 3.700000 0.000000 0.0 0.0 1.0 178 91 65 0.950 4 20
-3.000000 3.800000 0.000000 0.0 0.0 1.0 178 91 65 0.950 4 20
-3.000000 3.900000 0.000000 0.0 0.0 1.0 178 91 65 0.950 4 20
-3.000000 4.000000 0.000000 0.0 0.0 1.0 178 91 65 0.950 4 20
-2.900000 0.000000 0.000000 0.0 0.0 1.0 178 91 65 0.950 4 20
-2.900000 0.100000 0.000000 0.0 0.0 1.0 178 91 65 0.950 4 20
-2.900000 0.200000 0.000000 0.0 0.0 1.0 178 91 65 0.950 4 20
-2.900000 0.300000 0.000000 0.0 0.0 1.0 178 91 65 0.950 4 20
-2.900000 0.400000 0.000000 0.0 0.0 1.0 178 91 65 0.950 4 20
-2.900000 0.500000 0.000000 0.0 0.0 1.0 178 91 65 0.950 4 20
-2.900000 0.600000 0.000000 0.0 0.0 1.0 178 91 65 0.950 4 20
-2.900000 0.700000 0.000000 0.0 0.0 1.0 178 91 65 0.950 4 20
-2.900000 0.800000 0.000000 0.0 0.0 1.0 178 91 65 0.950 4 20
-2.900000 0.900000 0.000000 0.0 0.0 1.0 178 91 65 0.950 4 20
-2.900000 1.000000 0.000000 0.0 0.0 1.0 178 91 65 0.950 4 20
-2.900000 1.100000 0.000000 0.0 0.0 1.0 178 91 65 0.950 4 20
-2.900000 1.200000 0.000000 0.0 0.0 1.0 178 91 65 0.950 4 20
-2.900000 1.300000 0.000000 0.0 0.0 1.0 178 91 65 0.950 4 20
-2.900000 1.400000 0.000000 0.0 0.0 1.0 178 91 65 0.950 4 20
-2.900000 1.500000 0.000000 0.0 0.0 1.0 178 91 65 0.950 4 20
-2.900000 1.600000 0.000000 0.0 0.0 1.0 178 91 65 0.950 4 20
-2.900000 1.700000 0.000000 0.0 0.0 1.0 178 91 65 0.950 4 20
-2.900000 1.800000 0.000000 0.0 0.0 1.0 178 91 65 0.950 4 20
-2.900000 1.900000 0.000000 0.0 0.0 1.0 178 91 65 0.950 4 20
-2.900000 2.000000 0.000000 0.0 0.0 1.0 178 91 65 0.950 4 20
-2.900000 2.100000 0.000000 0.0 0.0 1.0 178 91 65 0.950 4 20
-2.900000 2.200000 0.000000 0.0 0.0 1.0 178 91 65 0.950 4 20
-2.900000 2.300000 0.000000 0.0 0.0 1.0 178 91 65 0.950 4 20
-2.900000 2.400000 0.000000 0.0 0.0 1.0 178 91 65 0.950 4 20
-2.900000 2.500000 0.000000 0.0 0.0 1.0 178 91 65 0.950 4 20
-2.900000 2.600000 0.000000 0.0 0.0 1.0 178 91 65 0.950 4 20
-2.900000 2.700000 0.000000 0.0 0.0 1.0 178 91 65 0.950 4 20
-2.900000 2.800000 0.000000 0.0 0.0 1.0 178 91 65 0.950 4 20
-2.900000 2.900000 0.000000 0.0 0.0 1.0 178 91 65 0.950 4 20
-2.900000 3.000000 0.000000 0.0 0.0 1.0 178 91 65 0.950 4 20
-2.900000 3.100000 0.000000 0.0 0.0 1.0 178 91 65 0.950 4 20
-2.900000 3.200000 0.000000 0.0 0.0 1.0 178 91 65 0.950 4 20
-2.900000 3.300000 0.000000 0.0 0.0 1.0 178 91 65 0.950 4 20
-2.900000 3.400000 0.000000 0.0 0.0 1.0 178 91 65 0.950 4 20
-2.900000 3.500000 0.000000 0.0 0.0 1.0 178 91 65 0.950 4 20
-2.900000 3.600000 0.000000 0.0 0.0 1.0 178 91 65 0.950 4 20
-2.900000 3.700000 0.000000 0.0 0.0 1.0 178 91 65 0.950 4 20
-2.900000 3.800000 0.000000 0.0 0.0 1.0 178 91 65 0.950 4 20
-2.900000 3.900000 0.000000 0.0 0.0 1.0 178 91 65 0.950 4 20
-2.900000 4.000000 0.000000 0.0 0.0 1.0 178 91 65 0.950 4 20
-2.800000 0.000000 0.000000 0.0 0.0 1.0 178 91 65 0.950 4 20
-2.800000 0.100000 0.000000 0.0 0.0 1.0 178 91 65 0.950 4 20
-2.800000 0.200000 0.000000 0.0 0.0 1.0 178 91 65 0.950 4 20
-2.800000 0.300000 0.000000 0.0 0.0 1.0 178 91 65 0.950 4 20
-2.800000 0.400000 0.000000 0.0 0.0 1.0 178 91 65 0.950 4 20
-2.800000 0.500000 0.000000 0.0 0.0 1.0 178 91 65 0.950 4 20
-2.800000 0.600000 0.000000 0.0 0.0 1.0 178 91 65 0.950 4 20
-2.800000 0.700000 0.000000 0.0 0.0 1.0 178 91 65 0.950 4 20
-2.800000 0.800000 0.000000 0.0 0.0 1.0 178 91 65 0.950 4 20
-2.800000 0.900000 0.000000 0.0 0.0 1.0 178 91 65 0.950 4 20
-2.800000 1.000000 0.000000 0.0 0.0 1.0 178 91 65 0.950 4 20
-2.800000 1.100000 0.000000 0.0 0.0 1.0 178 91 65 0.950 4 20
-2.800000 1.200000 0.000000 0.0 0.0 1.0 178 91 65 0.950 4 20
-2.800000 1.300000 0.000000 0.0 0.0 1.0 178 91 65 0.950 4 20
-2.800000 1.400000 0.000000 0.0 0.0 1.0 178 91 65 0.950 4 20
-2.800000 1.500000 0.000000 0.0 0.0 1.0 178 91 65 0.950 4 20
-2.800000 1.600000 0.000000 0.0 0.0 1.0 178 91 65 0.950 4 20
-2.800000 1.700000 0.000000 0.0 0.0 1.0 178 91 65 0.950 4 20
-2.800000 1.800000 0.000000 0.0 0.0 1.0 178 91 65 0.950 4 20
-2.800000 1.900000 0.000000 0.0 0.0 1.0 178 91 65 0.950 4 20
-2.800000 2.000000 0.000000 0.0 0.0 1.0 178 91 65 0.950 4 20
-2.800000 2.100000 0.000000 0.0 0.0 1.0 178 91 65 0.950 4 20
-2.800000 2.200000 0.000000 0.0 0.0 1.0 178 91 65 0.950 4 20
-2.800000 2.300000 0.000000 0.0 0.0 1.0 178 91 65 0.950 4 20
-2.800000 2.400000 0.000000 0.0 0.0 1.0 178 91 65 0.950 4 20
-2.800000 2.500000 0.000000 0.0 0.0 1.0 178 91 65 0.950 4 20
-2.800000 2.600000 0.000000 0.0 0.0 1.0 178 91 65 0.950 4 20
-2.800000 2.700000 0.000000 0.0 0.0 1.0 178 91 65 0.950 4 20
-2.800000 2.800000 0.000000 0.0 0.0 1.0 178 91 65 0.950 4 20
-2.800000 2.900000 0.000000 0.0 0.0 1.0 178 91 65 0.950 4 20
-2.800000 3.000000 0.000000 0.0 0.0 1.0 178 91 65 0.950 4 20
-2.800000 3.100000 0.000000 0.0 0.0 1.0 178 91 65 0.950 4 20
-2.800000 3.200000 0.000000 0.0 0.0 1.0 178 91 65 0.950 4 20
-2.800000 3.300000 0.000000 0.0 0.0 1.0 178 91 65 0.950 4 20
-2.800000 3.400000 0.000000 0.0 0.0 1.0 178 91 65 0.950 4 20
-2.800000 3.500000 0.000000 0.0 0.0 1.0 178 91 65 0.950 4 20
-2.800000 3.600000 0.000000 0.0 0.0 1.0 178 91 65 0.950 4 20
-2.800000 3.700000 0.000000 0.0 0.0 1.0 178 91 65 0.950 4 20
-2.800000 3.800000 0.000000 0.0 0.0 1.0 178 91 65 0.950 4 20
-2.800000 3.900000 0.000000 0.0 0.0 1.0 178 91 65 0.950 4 20
-2.800000 4.000000 0.000000 0.0 0.0 1.0 178 91 65 0.950 4 20
-2.700000 0.000000 0.000000 0.0 0.0 1.0 178 91 65 0.950 4 20
-2.700000 0.100000 0.000000 0.0 0.0 1.0 178 91 65 0.950 4 20
-2.700000 0.200000 0.000000 0.0 0.0 1.0 178 91 65 0.950 4 20
-2.700000 0.300000 0.000000 0.0 0.0 1.0 178 91 65 0.950 4 20
-2.700000 0.400000 0.000000 0.0 0.0 1.0 178 91 65 0.950 4 20
-2.700000 0.500000 0.000000 0.0 0.0 1.0 178 91 65 0.950 4 20
-2.700000 0.600000 0.000000 0.0 0.0 1.0 178 91 65 0.950 4 20
-2.700000 0.700000 0.000000 0.0 0.0 1.0 178 91 65 0.950 4 20
-2.700000 0.800000 0.000000 0.0 0.0 1.0 178 91 65 0.950 4 20
-2.700000 0.900000 0.000000 0.0 0.0 1.0 178 91 65 0.950 4 20
-2.700000 1.000000 0.000000 0.0 0.0 1.0 178 91 65 0.950 4 20
-2.700000 1.100000 0.000000 0.0 0.0 1.0 178 91 65 0.950 4 20
-2.700000 1.200000 0.000000 0.0 0.0 1.0 178 91 65 0.950 4 20
-2.700000 1.300000 0.000000 0.0 0.0 1.0 178 91 65 0.950 4 20
-2.700000 1.400000 0.000000 0.0 0.0 1.0 178 91 65 0.950 4 20
-2.700000 1.500000 0.000000 0.0 0.0 1.0 178 91 65 0.950 4 20
-2.700000 1.600000 0.000000 0.0 0.0 1.0 178 91 65 0.950 4 20
-2.700000 1.700000 0.000000 0.0 0.0 1.0 178 91 65 0.950 4 20
-2.700000 1.800000 0.000000 0.0 0.0 1.0 178 91 65 0.950 4 20
-2.700000 1.900000 0.000000 0.0 0.0 1.0 178 91 65 0.950 4 20
-2.700000 2.000000 0.000000 0.0 0.0 1.0 178 91 65 0.950 4 20
-2.700000 2.100000 0.000000 0.0 0.0 1.0 178 91 65 0.950 4 20
-2.700000 2.200000 0.000000 0.0 0.0 1.0 178 91 65 0.950 4 20
-2.700000 2.300000 0.000000 0.0 0.0 1.0 178 91 65 0.950 4 20
-2.700000 2.400000 0.000000 0.0 0.0 1.0 178 91 65 0.950 4 20
-2.700000 2.500000 0.000000 0.0 0.0 1.0 178 91 65 0.950 4 20
-2.700000 2.600000 0.000000 0.0 0.0 1.0 178 91 65 0.950 4 20
-2.700000 2.700000 0.000000 0.0 0.0 1.0 178 91 65 0.950 4 20
-2.700000 2.800000 0.000000 0.0 0.0 1.0 178 91 65 0.950 4 20
-2.700000 2.900000 0.000000 0.0 0.0 1.0 178 91 65 0.950 4 20
-2.700000 3.000000 0.000000 0.0 0.0 1.0 178 91 65 0.950 4 20
-2.700000 3.100000 0.000000 0.0 0.0 1.0 178 91 65 0.950 4 20
-2.700000 3.200000 0.000000 0.0 0.0 1.0 178 91 65 0.950 4 20
-2.700000 3.300000 0.000000 0.0 0.0 1.0 178 91 65 0.950 4 20
-2.700000 3.400000 0.000000 0.0 0.0 1.0 178 91 65 0.950 4 20
-2.700000 3.500000 0.000000 0.0 0.0 1.0 178 91 65 0.950 4 20
-2.700000 3.600000 0.000000 0.0 0.0 1.0 178 91 65 0.950 4 20
-2.700000 3.700000 0.000000 0.0 0.0 1.0 178 91 65 0.950 4 20
-2.700000 3.800000 0.000000 0.0 0.0 1.0 178 91 65 0.950 4 20
-2.700000 3.900000 0.000000 0.0 0.0 1.0 178 91 65 0.950 4 20
-2.700000 4.000000 0.000000 0.0 0.0 1.0 178 91 65 0.950 4 20
-2.600000 0.000000 0.000000 0.0 0.0 1.0 178 91 65 0.950 4 20
-2.600000 0.100000 0.000000 0.0 0.0 1.0 178 91 65 0.950 4 20
-2.600000 0.200000 0.000000 0.0 0.0 1.0 178 91 65 0.950 4 20
-2.600000 0.300000 0.000000 0.0 0.0 1.0 178 91 65 0.950 4 20
-2.600000 0.400000 0.000000 0.0 0.0 1.0 178 91 65 0.950 4 20
-2.600000 0.500000 0.000000 0.0 0.0 1.0 178 91 65 0.950 4 20
-2.600000 0.600000 0.000000 0.0 0.0 1.0 178 91 65 0.950 4 20
-2.600000 0.700000 0.000000 0.0 0.0 1.0 178 91 65 0.950 4 20
-2.600000 0.800000 0.000000 0.0 0.0 1.0 178 91 65 0.950 4 20
-2.600000 0.900000 0.000000 0.0 0.0 1.0 178 91 65 0.950 4 20
-2.600000 1.000000 0.000000 0.0 0.0 1.0 178 91 65 0.950 4 20
-2.600000 1.100000 0.000000 0.0 0.0 1.0 178 91 65 0.950 4 20
-2.600000 1.200000 0.000000 0.0 0.0 1.0 178 91 65 0.950 4 20
-2.600000 1.300000 0.000000 0.0 0.0 1.0 178 91 65 0.950 4 20
-2.600000 1.400000 0.000000 0.0 0.0 1.0 178 91 65 0.950 4 20
-2.600000 1.500000 0.000000 0.0 0.0 1.0 178 91 65 0.950 4 20
-2.600000 1.600000 0.000000 0.0 0.0 1.0 178 91 65 0.950 4 20
-2.600000 1.700000 0.000000 0.0 0.0 1.0 178 91 65 0.950 4 20
-2.600000 1.800000 0.000000 0.0 0.0 1.0 178 91 65 0.950 4 20
-2.600000 1.900000 0.000000 0.0 0.0 1.0 178 91 65 0.950 4 20
-2.600000 2.000000 0.000000 0.0 0.0 1.0 178 91 65 0.950 4 20
-2.600000 2.100000 0.000000 0.0 0.0 1.0 178 91 65 0.950 4 20
-2.600000 2.200000 0.000000 0.0 0.0 1.0 178 91 65 0.950 4 20
-2.600000 2.300000 0.000000 0.0 0.0 1.0 178 91 65 0.950 4 20
-2.600000 2.400000 0.000000 0.0 0.0 1.0 178 91 65 0.950 4 20
-2.600000 2.500000 0.000000 0.0 0.0 1.0 178 91 65 0.950 4 20
-2.600000 2.600000 0.000000 0.0 0.0 1.0 178 91 65 0.950 4 20
-2.600000 2.700000 0.000000 0.0 0.0 1.0 178 91 65 0.950 4 20
-2.600000 2.800000 0.000000 0.0 0.0 1.0 178 91 65 0.950 4 20
-2.600000 2.900000 0.000000 0.0 0.0 1.0 178 91 65 0.950 4 20
-2.600000 3.000000 0.000000 0.0 0.0 1.0 178 91 65 0.950 4 20
-2.600000 3.100000 0.000000 0.0 0.0 1.0 178 91 65 0.950 4 20
-2.600000 3.200000 0.000000 0.0 0.0 1.0 178 91 65 0.950 4 20
-2.600000 3.300000 0.000000 0.0 0.0 1.0 178 91 65 0.950 4 20
-2.600000 3.400000 0.000000 0.0 0.0 1.0 178 91 65 0.950 4 20
-2.600000 3.500000 0.000000 0.0 0.0 1.0 178 91 65 0.950 4 20
-2.600000 3.600000 0.000000 0.0 0.0 1.0 178 91 65 0.950 4 20
-2.600000 3.700000 0.000000 0.0 0.0 1.0 178 91 65 0.950 4 20
-2.600000 3.800000 0.000000 0.0 0.0 1.0 178 91 65 0.950 4 20
-2.600000 3.900000 0.000000 0.0 0.0 1.0 178 91 65 0.950 4 20
-2.600000 4.000000 0.000000 0.0 0.0 1.0 178 91 65 0.950 4 20
-2.500000 0.000000 0.000000 0.0 0.0 1.0 178 91 65 0.950 4 20
-2.500000 0.100000 0.000000 0.0 0.0 1.0 178 91 65 0.950 4 20
-2.500000 0.200000 0.000000 0.0 0.0 1.0 178 91 65 0.950 4 20
-2.500000 0.300000 0.000000 0.0 0.0 1.0 178 91 65 0.950 4 20
-2.500000 0.400000 0.000000 0.0 0.0 1.0 178 91 65 0.950 4 20
-2.500000 0.500000 0.000000 0.0 0.0 1.0 178 91 65 0.950 4 20
-2.500000 0.600000 0.000000 0.0 0.0 1.0 178 91 65 0.950 4 20
-2.500000 0.700000 0.000000 0.0 0.0 1.0 178 91 65 0.950 4 20
-2.500000 0.800000 0.000000 0.0 0.0 1.0 178 91 65 0.950 4 20
-2.500000 0.900000 0.000000 0.0 0.0 1.0 178 91 65 0.950 4 20
-2.500000 1.000000 0.000000 0.0 0.0 1.0 178 91 65 0.950 4 20
-2.500000 1.100000 0.000000 0.0 0.0 1.0 178 91 65 0.950 4 20
-2.500000 1.200000 0.000000 0.0 0.0 1.0 178 91 65 0.950 4 20
-2.500000 1.300000 0.000000 0.0 0.0 1.0 178 91 65 0.950 4 20
-2.500000 1.400000 0.000000 0.0 0.0 1.0 178 91 65 0.950 4 20
-2.500000 1.500000 0.000000 0.0 0.0 1.0 178 91 65 0.950 4 20
-2.500000 1.600000 0.000000 0.0 0.0 1.0 178 91 65 0.950 4 20
-2.500000 1.700000 0.000000 0.0 0.0 1.0 178 91 65 0.950 4 20
-2.500000 1.800000 0.000000 0.0 0.0 1.0 178 91 65 0.950 4 20
-2.500000 1.900000 0.000000 0.0 0.0 1.0 178 91 65 0.950 4 20
-2.500000 2.000000 0.000000 0.0 0.0 1.0 178 91 65 0.950 4 20
-2.500000 2.100000 0.000000 0.0 0.0 1.0 178 91 65 0.950 4 20
-2.500000 2.200000 0.000000 0.0 0.0 1.0 178 91 65 0.950 4 20
-2.500000 2.300000 0.000000 0.0 0.0 1.0 178 91 65 0.950 4 20
-2.500000 2.400000 0.000000 0.0 0.0 1.0 178 91 65 0.950 4 20
-2.500000 2.500000 0.000000 0.0 0.0 1.0 178 91 65 0.950 4 20
-2.500000 2.600000 0.000000 0.0 0.0 1.0 178 91 65 0.950 4 20
-2.500000 2.700000 0.000000 0.0 0.0 1.0 178 91 65 0.950 4 20
-2.500000 2.800000 0.000000 0.0 0.0 1.0 178 91 65 0.950 4 20
-2.500000 2.900000 0.000000 0.0 0.0 1.0 178 91 65 0.950 4 20
-2.500000 3.000000 0.000000 0.0 0.0 1.0 178 91 65 0.950 4 20
-2.500000 3.100000 0.000000 0.0 0.0 1.0 178 91 65 0.950 4 20
-2.500000 3.200000 0.000000 0.0 0.0 1.0 178 91 65 0.950 4 20
-2.500000 3.300000 0.000000 0.0 0.0 1.0 178 91 65 0.950 4 20
-2.500000 3.400000 0.000000 0.0 0.0 1.0 178 91 65 0.950 4 20
-2.500000 3.500000 0.000000 0.0 0.0 1.0 178 91 65 0.950 4 20
-2.500000 3.600000 0.000000 0.0 0.0 1.0 178 91 65 0.950 4 20
-2.500000 3.700000 0.000000 0.0 0.0 1.0 178 91 65 0.950 4 20
-2.500000 3.800000 0.000000 0.0 0.0 1.0 178 91 65 0.950 4 20
-2.500000 3.900000 0.000000 0.0 0.0 1.0 178 91 65 0.950 4 20
-2.500000 4.000000 0.000000 0.0 0.0 1.0 178 91 65 0.950 4 20
-2.400000 0.000000 0.000000 0.0 0.0 1.0 178 91 65 0.950 4 20
-2.400000 0.100000 0.000000 0.0 0.0 1.0 178 91 65 0.950 4 20
-2.400000 0.200000 0.000000 0.0 0.0 1.0 178 91 65 0.950 4 20
-2.400000 0.300000 0.000000 0.0 0.0 1.0 178 91 65 0.950 4 20
-2.400000 0.400000 0.000000 0.0 0.0 1.0 178 91 65 0.950 4 20
-2.400000 0.500000 0.000000 0.0 0.0 1.0 178 91 65 0.950 4 20
-2.400000 0.600000 0.000000 0.0 0.0 1.0 178 91 65 0.950 4 20
-2.400000 0.700000 0.000000 0.0 0.0 1.0 178 91 65 0.950 4 20
-2.400000 0.800000 0.000000 0.0 0.0 1.0 178 91 65 0.950 4 20
-2.400000 0.900000 0.000000 0.0 0.0 1.0 178 91 65 0.950 4 20
-2.400000 1.000000 0.000000 0.0 0.0 1.0 178 91 65 0.950 4 20
-2.400000 1.100000 0.000000 0.0 0.0 1.0 178 91 65 0.950 4 20
-2.400000 1.200000 0.000000 0.0 0.0 1.0 178 91 65 0.950 4 20
-2.400000 1.300000 0.000000 0.0 0.0 1.0 178 91 65 0.950 4 20
-2.400000 1.400000 0.000000 0.0 0.0 1.0 178 91 65 0.950 4 20
-2.400000 1.500000 0.000000 0.0 0.0 1.0 178 91 65 0.950 4 20
-2.400000 1.600000 0.000000 0.0 0.0 1.0 178 91 65 0.950 4 20
-2.400000 1.700000 0.000000 0.0 0.0 1.0 178 91 65 0.950 4 20
-2.400000 1.800000 0.000000 0.0 0.0 1.0 178 91 65 0.950 4 20
-2.400000 1.900000 0.000000 0.0 0.0 1.0 178 91 65 0.950 4 20
-2.400000 2.000000 0.000000 0.0 0.0 1.0 178 91 65 0.950 4 20
-2.400000 2.100000 0.000000 0.0 0.0 1.0 178 91 65 0.950 4 20
-2.400000 2.200000 0.000000 0.0 0.0 1.0 178 91 65 0.950 4 20
-2.400000 2.300000 0.000000 0.0 0.0 1.0 178 91 65 0.950 4 20
-2.400000 2.400000 0.000000 0.0 0.0 1.0 178 91 65 0.950 4 20
-2.400000 2.500000 0.000000 0.0 0.0 1.0 178 91 65 0.950 4 20
-2.400000 2.600000 0.000000 0.0 0.0 1.0 178 91 65 0.950 4 20
-2.400000 2.700000 0.000000 0.0 0.0 1.0 178 91 65 0.950 4 20
-2.400000 2.800000 0.000000 0.0 0.0 1.0 178 91 65 0.950 4 20
-2.400000 2.900000 0.000000 0.0 0.0 1.0 178 91 65 0.950 4 20
-2.400000 3.000000 0.000000 0.0 0.0 1.0 178 91 65 0.950 4 20
-2.400000 3.100000 0.000000 0.0 0.0 1.0 178 91 65 0.950 4 20
-2.400000 3.200000 0.000000 0.0 0.0 1.0 178 91 65 0.950 4 20
-2.400000 3.300000 0.000000 0.0 0.0 1.0 178 91 65 0.950 4 20
-2.400000 3.400000 0.000000 0.0 0.0 1.0 178 91 65 0.950 4 20
-2.400000 3.500000 0.000000 0.0 0.0 1.0 178 91 65 0.950 4 20
-2.400000 3.600000 0.000000 0.0 0.0 1.0 178 91 65 0.950 4 20
-2.400000 3.700000 0.000000 0.0 0.0 1.0 178 91 65 0.950 4 20
-2.400000 3.800000 0.000000 0.0 0.0 1.0 178 91 65 0.950 4 20
-2.400000 3.900000 0.000000 0.0 0.0 1.0 178 91 65 0.950 4 20
-2.400000 4.000000 0.000000 0.0 0.0 1.0 178 91 65 0.950 4 20
-2.300000 0.000000 0.000000 0.0 0.0 1.0 178 91 65 0.950 4 20
-2.300000 0.100000 0.000000 0.0 0.0 1.0 178 91 65 0.950 4 20
-2.300000 0.200000 0.000000 0.0 0.0 1.0 178 91 65 0.950 4 20
-2.300000 0.300000 0.000000 0.0 0.0 1.0 178 91 65 0.950 4 20
-2.300000 0.400000 0.000000 0.0 0.0 1.0 178 91 65 0.950 4 20
-2.300000 0.500000 0.000000 0.0 0.0 1.0 178 91 65 0.950 4 20
-2.300000 0.600000 0.000000 0.0 0.0 1.0 178 91 65 0.950 4 20
-2.300000 0.700000 0.000000 0.0 0.0 1.0 178 91 65 0.950 4 20
-2.300000 0.800000 0.000000 0.0 0.0 1.0 178 91 65 0.950 4 20
-2.300000 0.900000 0.000000 0.0 0.0 1.0 178 91 65 0.950 4 20
-2.300000 1.000000 0.000000 0.0 0.0 1.0 178 91 65 0.950 4 20
-2.300000 1.100000 0.000000 0.0 0.0 1.0 178 91 65 0.950 4 20
-2.300000 1.200000 0.000000 0.0 0.0 1.0 178 91 65 0.950 4 20
-2.300000 1.300000 0.000000 0.0 0.0 1.0 178 91 65 0.950 4 20
-2.300000 1.400000 0.000000 0.0 0.0 1.0 178 91 65 0.950 4 20
-2.300000 1.500000 0.000000 0.0 0.0 1.0 178 91 65 0.950 4 20
-2.300000 1.600000 0.000000 0.0 0.0 1.0 178 91 65 0.950 4 20
-2.300000 1.700000 0.000000 0.0 0.0 1.0 178 91 65 0.950 4 20
-2.300000 1.800000 0.000000 0.0 0.0 1.0 178 91 65 0.950 4 20
-2.300000 1.900000 0.000000 0.0 0.0 1.0 178 91 65 0.950 4 20
-2.300000 2.000000 0.000000 0.0 0.0 1.0 178 91 65 0.950 4 20
-2.300000 2.100000 0.000000 0.0 0.0 1.0 178 91 65 0.950 4 20
-2.300000 2.200000 0.000000 0.0 0.0 1.0 178 91 65 0.950 4 20
-2.300000 2.300000 0.000000 0.0 0.0 1.0 178 91 65 0.950 4 20
-2.300000 2.400000 0.000000 0.0 0.0 1.0 178 91 65 0.950 4 20
-2.300000 2.500000 0.000000 0.0 0.0 1.0 178 91 65 0.950 4 20
-2.300000 2.600000 0.000000 0.0 0.0 1.0 178 91 65 0.950 4 20
-2.300000 2.700000 0.000000 0.0 0.0 1.0 178 91 65 0.950 4 20
-2.300000 2.800000 0.000000 0.0 0.0 1.0 178 91 65 0.950 4 20
-2.300000 2.900000 0.000000 0.0 0.0 1.0 178 91 65 0.950 4 20
-2.300000 3.000000 0.000000 0.0 0.0 1.0 178 91 65 0.950 4 20
-2.300000 3.100000 0.000000 0.0 0.0 1.0 178 91 65 0.950 4 20
-2.300000 3.200000 0.000000 0.0 0.0 1.0 178 91 65 0.950 4 20
-2.300000 3.300000 0.000000 0.0 0.0 1.0 178 91 65 0.950 4 20
-2.300000 3.400000 0.000000 0.0 0.0 1.0 178 91 65 0.950 4 20
-2.300000 3.500000 0.000000 0.0 0.0 1.0 178 91 65 0.950 4 20
-2.300000 3.600000 0.000000 0.0 0.0 1.0 178 91 65 0.950 4 20
-2.300000 3.700000 0.000000 0.0 0.0 1.0 178 91 65 0.950 4 20
-2.300000 3.800000 0.000000 0.0 0.0 1.0 178 91 65 0.950 4 20
-2.300000 3.900000 0.000000 0.0 0.0 1.0 178 91 65 0.950 4 20
-2.300000 4.000000 0.000000 0.0 0.0 1.0 178 91 65 0.950 4 20
-2.200000 0.000000 0.000000 0.0 0.0 1.0 178 91 65 0.950 4 20
-2.200000 0.100000 0.000000 0.0 0.0 1.0 178 91 65 0.950 4 20
-2.200000 0.200000 0.000000 0.0 0.0 1.0 178 91 65 0.950 4 20
-2.200000 0.300000 0.000000 0.0 0.0 1.0 178 91 65 0.950 4 20
-2.200000 0.400000 0.000000 0.0 0.0 1.0 178 91 65 0.950 4 20
-2.200000 0.500000 0.000000 0.0 0.0 1.0 178 91 65 0.950 4 20
-2.200000 0.600000 0.000000 0.0 0.0 1.0 178 91 65 0.950 4 20
-2.200000 0.700000 0.000000 0.0 0.0 1.0 178 91 65 0.950 4 20
-2.200000 0.800000 0.000000 0.0 0.0 1.0 178 91 65 0.950 4 20
-2.200000 0.900000 0.000000 0.0 0.0 1.0 178 91 65 0.950 4 20
-2.200000 1.000000 0.000000 0.0 0.0 1.0 178 91 65 0.950 4 20
-2.200000 1.100000 0.000000 0.0 0.0 1.0 178 91 65 0.950 4 20
-2.200000 1.200000 0.000000 0.0 0.0 1.0 178 91 65 0.950 4 20
-2.200000 1.300000 0.000000 0.0 0.0 1.0 178 91 65 0.950 4 20
-2.200000 1.400000 0.000000 0.0 0.0 1.0 178 91 65 0.950 4 20
-2.200000 1.500000 0.000000 0.0 0.0 1.0 178 91 65 0.950 4 20
-2.200000 1.600000 0.000000 0.0 0.0 1.0 178 91 65 0.950 4 20
-2.200000 1.700000 0.000000 0.0 0.0 1.0 178 91 65 0.950 4 20
-2.200000 1.800000 0.000000 0.0 0.0 1.0 178 91 65 0.950 4 20
-2.200000 1.900000 0.000000 0.0 0.0 1.0 178 91 65 0.950 4 20
-2.200000 2.000000 0.000000 0.0 0.0 1.0 178 91 65 0.950 4 20
-2.200000 2.100000 0.000000 0.0 0.0 1.0 178 91 65 0.950 4 20
-2.200000 2.200000 0.000000 0.0 0.0 1.0 178 91 65 0.950 4 20
-2.200000 2.300000 0.000000 0.0 0.0 1.0 178 91 65 0.950 4 20
-2.200000 2.400000 0.000000 0.0 0.0 1.0 178 91 65 0.950 4 20
-2.200000 2.500000 0.000000 0.0 0.0 1.0 178 91 65 0.950 4 20
-2.200000 2.600000 0.000000 0.0 0.0 1.0 178 91 65 0.950 4 20
-2.200000 2.700000 0.000000 0.0 0.0 1.0 178 91 65 0.950 4 20
-2.200000 2.800000 0.000000 0.0 0.0 1.0 178 91 65 0.950 4 20
-2.200000 2.900000 0.000000 0.0 0.0 1.0 178 91 65 0.950 4 20
-2.200000 3.000000 0.000000 0.0 0.0 1.0 178 91 65 0.950 4 20
-2.200000 3.100000 0.000000 0.0 0.0 1.0 178 91 65 0.950 4 20
-2.200000 3.200000 0.000000 0.0 0.0 1.0 178 91 65 0.950 4 20
-2.200000 3.300000 0.000000 0.0 0.0 1.0 178 91 65 0.950 4 20
-2.200000 3.400000 0.000000 0.0 0.0 1.0 178 91 65 0.950 4 20
-2.200000 3.500000 0.000000 0.0 0.0 1.0 178 91 65 0.950 4 20
-2.200000 3.600000 0.000000 0.0 0.0 1.0 178 91 65 0.950 4 20
-2.200000 3.700000 0.000000 0.0 0.0 1.0 178 91 65 0.950 4 20
-2.200000 3.800000 0.000000 0.0 0.0 1.0 178 91 65 0.950 4 20
-2.200000 3.900000 0.000000 0.0 0.0 1.0 178 91 65 0.950 4 20
-2.200000 4.000000 0.000000 0.0 0.0 1.0 178 91 65 0.950 4 20
-2.100000 0.000000 0.000000 0.0 0.0 1.0 178 91 65 0.950 4 20
-2.100000 0.100000 0.000000 0.0 0.0 1.0 178 91 65 0.950 4 20
-2.100000 0.200000 0.000000 0.0 0.0 1.0 178 91 65 0.950 4 20
-2.100000 0.300000 0.000000 0.0 0.0 1.0 178 91 65 0.950 4 20
-2.100000 0.400000 0.000000 0.0 0.0 1.0 178 91 65 0.950 4 20
-2.100000 0.500000 0.000000 0.0 0.0 1.0 178 91 65 0.950 4 20
-2.100000 0.600000 0.000000 0.0 0.0 1.0 178 91 65 0.950 4 20
-2.100000 0.700000 0.000000 0.0 0.0 1.0 178 91 65 0.950 4 20
-2.100000 0.800000 0.000000 0.0 0.0 1.0 178 91 65 0.950 4 20
-2.100000 0.900000 0.000000 0.0 0.0 1.0 178 91 65 0.950 4 20
-2.100000 1.000000 0.000000 0.0 0.0 1.0 178 91 65 0.950 4 20
-2.100000 1.100000 0.000000 0.0 0.0 1.0 178 91 65 0.950 4 20
-2.100000 1.200000 0.000000 0.0 0.0 1.0 178 91 65 0.950 4 20
-2.100000 1.300000 0.000000 0.0 0.0 1.0 178 91 65 0.950 4 20
-2.100000 1.400000 0.000000 0.0 0.0 1.0 178 91 65 0.950 4 20
-2.100000 1.500000 0.000000 0.0 0.0 1.0 178 91 65 0.950 4 20
-2.100000 1.600000 0.000000 0.0 0.0 1.0 178 91 65 0.950 4 20
-2.100000 1.700000 0.000000 0.0 0.0 1.0 178 91 65 0.950 4 20
-2.100000 1.800000 0.000000 0.0 0.0 1.0 178 91 65 0.950 4 20
-2.100000 1.900000 0.000000 0.0 0.0 1.0 178 91 65 0.950 4 20
-2.100000 2.000000 0.000000 0.0 0.0 1.0 178 91 65 0.950 4 20
-2.100000 2.100000 0.000000 0.0 0.0 1.0 178 91 65 0.950 4 20
-2.100000 2.200000 0.000000 0.0 0.0 1.0 178 91 65 0.950 4 20
-2.100000 2.300000 0.000000 0.0 0.0 1.0 178 91 65 0.950 4 20
-2.100000 2.400000 0.000000 0.0 0.0 1.0 178 91 65 0.950 4 20
-2.100000 2.500000 0.000000 0.0 0.0 1.0 178 91 65 0.950 4 20
-2.100000 2.600000 0.000000 0.0 0.0 1.0 178 91 65 0.950 4 20
-2.100000 2.700000 0.000000 0.0 0.0 1.0 178 91 65 0.950 4 20
-2.100000 2.800000 0.000000 0.0 0.0 1.0 178 91 65 0.950 4 20
-2.100000 2.900000 0.000000 0.0 0.0 1.0 178 91 65 0.950 4 20
-2.100000 3.000000 0.000000 0.0 0.0 1.0 178 91 65 0.950 4 20
-2.100000 3.100000 0.000000 0.0 0.0 1.0 178 91 65 0.950 4 20
-2.100000 3.200000 0.000000 0.0 0.0 1.0 178 91 65 0.950 4 20
-2.100000 3.300000 0.000000 0.0 0.0 1.0 178 91 65 0.950 4 20
-2.100000 3.400000 0.000000 0.0 0.0 1.0 178 91 65 0.950 4 20
-2.100000 3.500000 0.000000 0.0 0.0 1.0 178 91 65 0.950 4 20
-2.100000 3.600000 0.000000 0.0 0.0 1.0 178 91 65 0.950 4 20
-2.100000 3.700000 0.000000 0.0 0.0 1.0 178 91 65 0.950 4 20
-2.100000 3.800000 0.000000 0.0 0.0 1.0 178 91 65 0.950 4 20
-2.100000 3.900000 0.000000 0.0 0.0 1.0 178 91 65 0.950 4 20
-2.100000 4.000000 0.000000 0.0 0.0 1.0 178 91 65 0.950 4 20
-2.000000 0.000000 0.000000 0.0 0.0 1.0 178 91 65 0.950 4 20
-2.000000 0.100000 0.000000 0.0 0.0 1.0 178 91 65 0.950 4 20
-2.000000 0.200000 0.000000 0.0 0.0 1.0 178 91 65 0.950 4 20
-2.000000 0.300000 0.000000 0.0 0.0 1.0 178 91 65 0.950 4 20
-2.000000 0.400000 0.000000 0.0 0.0 1.0 178 91 65 0.950 4 20
-2.000000 0.500000 0.000000 0.0 0.0 1.0 178 91 65 0.950 4 20
-2.000000 0.600000 0.000000 0.0 0.0 1.0 178 91 65 0.950 4 20
-2.000000 0.700000 0.000000 0.0 0.0 1.0 178 91 65 0.950 4 20
-2.000000 0.800000 0.000000 0.0 0.0 1.0 178 91 65 0.950 4 20
-2.000000 0.900000 0.000000 0.0 0.0 1.0 178 91 65 0.950 4 20
-2.000000 1.000000 0.000000 0.0 0.0 1.0 178 91 65 0.950 4 20
-2.000000 1.100000 0.000000 0.0 0.0 1.0 178 91 65 0.950 4 20
-2.000000 1.200000 0.000000 0.0 0.0 1.0 178 91 65 0.950 4 20
-2.000000 1.300000 0.000000 0.0 0.0 1.0 178 91 65 0.950 4 20
-2.000000 1.400000 0.000000 0.0 0.0 1.0 178 91 65 0.950 4 20
-2.000000 1.500000 0.000000 0.0 0.0 1.0 178 91 65 0.950 4 20
-2.000000 1.600000 0.000000 0.0 0.0 1.0 178 91 65 0.950 4 20
-2.000000 1.700000 0.000000 0.0 0.0 1.0 178 91 65 0.950 4 20
-2.000000 1.800000 0.000000 0.0 0.0 1.0 178 91 65 0.950 4 20
-2.000000 1.900000 0.000000 0.0 0.0 1.0 178 91 65 0.950 4 20
-2.000000 2.000000 0.000000 0.0 0.0 1.0 178 91 65 0.950 4 20
-2.000000 2.100000 0.000000 0.0 0.0 1.0 178 91 65 0.950 4 20
-2.000000 2.200000 0.000000 0.0 0.0 1.0 178 91 65 0.950 4 20
-2.000000 2.300000 0.000000 0.0 0.0 1.0 178 91 65 0.950 4 20
-2.000000 2.400000 0.000000 0.0 0.0 1.0 178 91 65 0.950 4 20
-2.000000 2.500000 0.000000 0.0 0.0 1.0 178 91 65 0.950 4 20
-2.000000 2.600000 0.000000 0.0 0.0 1.0 178 91 65 0.950 4 20
-2.000000 2.700000 0.000000 0.0 0.0 1.0 178 91 65 0.950 4 20
-2.000000 2.800000 0.000000 0.0 0.0 1.0 178 91 65 0.950 4 20
-2.000000 2.900000 0.000000 0.0 0.0 1.0 178 91 65 0.950 4 20
-2.000000 3.000000 0.000000 0.0 0.0 1.0 178 91 65 0.950 4 20
-2.000000 3.100000 0.000000 0.0 0.0 1.0 178 91 65 0.950 4 20
-2.000000 3.200000 0.000000 0.0 0.0 1.0 178 91 65 0.950 4 20
-2.000000 3.300000 0.000000 0.0 0.0 1.0 178 91 65 0.950 4 20
-2.000000 3.400000 0.000000 0.0 0.0 1.0 178 91 65 0.950 4 20
-2.000000 3.500000 0.000000 0.0 0.0 1.0 178 91 65 0.950 4 20
-2.000000 3.600000 0.000000 0.0 0.0 1.0 178 91 65 0.950 4 20
-2.000000 3.700000 0.000000 0.0 0.0 1.0 178 91 65 0.950 4 20
-2.000000 3.800000 0.000000 0.0 0.0 1.0 178 91 65 0.950 4 20
-2.000000 3.900000 0.000000 0.0 0.0 1.0 178 91 65 0.950 4 20
-2.000000 4.000000 0.000000 0.0 0.0 1.0 178 91 65 0.950 4 20
-1.900000 0.000000 0.000000 0.0 0.0 1.0 178 91 65 0.950 4 20
-1.900000 0.100000 0.000000 0.0 0.0 1.0 178 91 65 0.950 4 20
-1.900000 0.200000 0.000000 0.0 0.0 1.0 178 91 65 0.950 4 20
-1.900000 0.300000 0.000000 0.0 0.0 1.0 178 91 65 0.950 4 20
-1.900000 0.400000 0.000000 0.0 0.0 1.0 178 91 65 0.950 4 20
-1.900000 0.500000 0.000000 0.0 0.0 1.0 178 91 65 0.950 4 20
-1.900000 0.600000 0.000000 0.0 0.0 1.0 178 91 65 0.950 4 20
-1.900000 0.700000 0.000000 0.0 0.0 1.0 178 91 65 0.950 4 20
-1.900000 0.800000 0.000000 0.0 0.0 1.0 178 91 65 0.950 4 20
-1.900000 0.900000 0.000000 0.0 0.0 1.0 178 91 65 0.950 4 20
-1.900000 1.000000 0.000000 0.0 0.0 1.0 178 91 65 0.950 4 20
-1.900000 1.100000 0.000000 0.0 0.0 1.0 178 91 65 0.950 4 20
-1.900000 1.200000 0.000000 0.0 0.0 1.0 178 91 65 0.950 4 20
-1.900000 1.300000 0.000000 0.0 0.0 1.0 178 91 65 0.950 4 20
-1.900000 1.400000 0.000000 0.0 0.0 1.0 178 91 65 0.950 4 20
-1.900000 1.500000 0.000000 0.0 0.0 1.0 178 91 65 0.950 4 20
-1.900000 1.600000 0.000000 0.0 0.0 1.0 178 91 65 0.950 4 20
-1.900000 1.700000 0.000000 0.0 0.0 1.0 178 91 65 0.950 4 20
-1.900000 1.800000 0.000000 0.0 0.0 1.0 178 91 65 0.950 4 20
-1.900000 1.900000 0.000000 0.0 0.0 1.0 178 91 65 0.950 4 20
-1.900000 2.000000 0.000000 0.0 0.0 1.0 178 91 65 0.950 4 20
-1.900000 2.100000 0.000000 0.0 0.0 1.0 178 91 65 0.950 4 20
-1.900000 2.200000 0.000000 0.0 0.0 1.0 178 91 65 0.950 4 20
-1.900000 2.300000 0.000000 0.0 0.0 1.0 178 91 65 0.950 4 20
-1.900000 2.400000 0.000000 0.0 0.0 1.0 178 91 65 0.950 4 20
-1.900000 2.500000 0.000000 0.0 0.0 1.0 178 91 65 0.950 4 20
-1.900000 2.600000 0.000000 0.0 0.0 1.0 178 91 65 0.950 4 20
-1.900000 2.700000 0.000000 0.0 0.0 1.0 178 91 65 0.950 4 20
-1.900000 2.800000 0.000000 0.0 0.0 1.0 178 91 65 0.950 4 20
-1.900000 2.900000 0.000000 0.0 0.0 1.0 178 91 65 0.950 4 20
-1.900000 3.000000 0.000000 0.0 0.0 1.0 178 91 65 0.950 4 20
-1.900000 3.100000 0.000000 0.0 0.0 1.0 178 91 65 0.950 4 20
-1.900000 3.200000 0.000000 0.0 0.0 1.0 178 91 65 0.950 4 20
-1.900000 3.300000 0.000000 0.0 0.0 1.0 178 91 65 0.950 4 20
-1.900000 3.400000 0.000000 0.0 0.0 1.0 178 91 65 0.950 4 20
-1.900000 3.500000 0.000000 0.0 0.0 1.0 178 91 65 0.950 4 20
-1.900000 3.600000 0.000000 0.0 0.0 1.0 178 91 65 0.950 4 20
-1.900000 3.700000 0.000000 0.0 0.0 1.0 178 91 65 0.950 4 20
-1.900000 3.800000 0.000000 0.0 0.0 1.0 178 91 65 0.950 4 20
-1.900000 3.900000 0.000000 0.0 0.0 1.0 178 91 65 0.950 4 20
-1.900000 4.000000 0.000000 0.0 0.0 1.0 178 91 65 0.950 4 20
-1.800000 0.000000 0.000000 0.0 0.0 1.0 178 91 65 0.950 4 20
-1.800000 0.100000 0.000000 0.0 0.0 1.0 178 91 65 0.950 4 20
-1.800000 0.200000 0.000000 0.0 0.0 1.0 178 91 65 0.950 4 20
-1.800000 0.300000 0.000000 0.0 0.0 1.0 178 91 65 0.950 4 20
-1.800000 0.400000 0.000000 0.0 0.0 1.0 178 91 65 0.950 4 20
-1.800000 0.500000 0.000000 0.0 0.0 1.0 178 91 65 0.950 4 20
-1.800000 0.600000 0.000000 0.0 0.0 1.0 178 91 65 0.950 4 20
-1.800000 0.700000 0.000000 0.0 0.0 1.0 178 91 65 0.950 4 20
-1.800000 0.800000 0.000000 0.0 0.0 1.0 178 91 65 0.950 4 20
-1.800000 0.900000 0.000000 0.0 0.0 1.0 178 91 65 0.950 4 20
-1.800000 1.000000 0.000000 0.0 0.0 1.0 178 91 65 0.950 4 20
-1.800000 1.100000 0.000000 0.0 0.0 1.0 178 91 65 0.950 4 20
-1.800000 1.200000 0.000000 0.0 0.0 1.0 178 91 65 0.950 4 20
-1.800000 1.300000 0.000000 0.0 0.0 1.0 178 91 65 0.950 4 20
-1.800000 1.400000 0.000000 0.0 0.0 1.0 178 91 65 0.950 4 20
-1.800000 1.500000 0.000000 0.0 0.0 1.0 178 91 65 0.950 4 20
-1.800000 1.600000 0.000000 0.0 0.0 1.0 178 91 65 0.950 4 20
-1.800000 1.700000 0.000000 0.0 0.0 1.0 178 91 65 0.950 4 20
-1.800000 1.800000 0.000000 0.0 0.0 1.0 178 91 65 0.950 4 20
-1.800000 1.900000 0.000000 0.0 0.0 1.0 178 91 65 0.950 4 20
-1.800000 2.000000 0.000000 0.0 0.0 1.0 178 91 65 0.950 4 20
-1.800000 2.100000 0.000000 0.0 0.0 1.0 178 91 65 0.950 4 20
-1.800000 2.200000 0.000000 0.0 0.0 1.0 178 91 65 0.950 4 20
-1.800000 2.300000 0.000000 0.0 0.0 1.0 178 91 65 0.950 4 20
-1.800000 2.400000 0.000000 0.0 0.0 1.0 178 91 65 0.950 4 20
-1.800000 2.500000 0.000000 0.0 0.0 1.0 178 91 65 0.950 4 20
-1.800000 2.600000 0.000000 0.0 0.0 1.0 178 91 65 0.950 4 20
-1.800000 2.700000 0.000000 0.0 0.0 1.0 178 91 65 0.950 4 20
-1.800000 2.800000 0.000000 0.0 0.0 1.0 178 91 65 0.950 4 20
-1.800000 2.900000 0.000000 0.0 0.0 1.0 178 91 65 0.950 4 20
-1.800000 3.000000 0.000000 0.0 0.0 1.0 178 91 65 0.950 4 20
-1.800000 3.100000 0.000000 0.0 0.0 1.0 178 91 65 0.950 4 20
-1.800000 3.200000 0.000000 0.0 0.0 1.0 178 91 65 0.950 4 20
-1.800000 3.300000 0.000000 0.0 0.0 1.0 178 91 65 0.950 4 20
-1.800000 3.400000 0.000000 0.0 0.0 1.0 178 91 65 0.950 4 20
-1.800000 3.500000 0.000000 0.0 0.0 1.0 178 91 65 0.950 4 20
-1.800000 3.600000 0.000000 0.0 0.0 1.0 178 91 65 0.950 4 20
-1.800000 3.700000 0.000000 0.0 0.0 1.0 178 91 65 0.950 4 20
-1.800000 3.800000 0.000000 0.0 0.0 1.0 178 91 65 0.950 4 20
-1.800000 3.900000 0.000000 0.0 0.0 1.0 178 91 65 0.950 4 20
-1.800000 4.000000 0.000000 0.0 0.0 1.0 178 91 65 0.950 4 20
-1.700000 0.000000 0.000000 0.0 0.0 1.0 178 91 65 0.950 4 20
-1.700000 0.100000 0.000000 0.0 0.0 1.0 178 91 65 0.950 4 20
-1.700000 0.200000 0.000000 0.0 0.0 1.0 178 91 65 0.950 4 20
-1.700000 0.300000 0.000000 0.0 0.0 1.0 178 91 65 0.950 4 20
-1.700000 0.400000 0.000000 0.0 0.0 1.0 178 91 65 0.950 4 20
-1.700000 0.500000 0.000000 0.0 0.0 1.0 178 91 65 0.950 4 20
-1.700000 0.600000 0.000000 0.0 0.0 1.0 178 91 65 0.950 4 20
-1.700000 0.700000 0.000000 0.0 0.0 1.0 178 91 65 0.950 4 20
-1.700000 0.800000 0.000000 0.0 0.0 1.0 178 91 65 0.950 4 20
-1.700000 0.900000 0.000000 0.0 0.0 1.0 178 91 65 0.950 4 20
-1.700000 1.000000 0.000000 0.0 0.0 1.0 178 91 65 0.950 4 20
-1.700000 1.100000 0.000000 0.0 0.0 1.0 178 91 65 0.950 4 20
-1.700000 1.200000 0.000000 0.0 0.0 1.0 178 91 65 0.950 4 20
-1.700000 1.300000 0.000000 0.0 0.0 1.0 178 91 65 0.950 4 20
-1.700000 1.400000 0.000000 0.0 0.0 1.0 178 91 65 0.950 4 20
-1.700000 1.500000 0.000000 0.0 0.0 1.0 178 91 65 0.950 4 20
-1.700000 1.600000 0.000000 0.0 0.0 1.0 178 91 65 0.950 4 20
-1.700000 1.700000 0.000000 0.0 0.0 1.0 178 91 65 0.950 4 20
-1.700000 1.800000 0.000000 0.0 0.0 1.0 178 91 65 0.950 4 20
-1.700000 1.900000 0.000000 0.0 0.0 1.0 178 91 65 0.950 4 20
-1.700000 2.000000 0.000000 0.0 0.0 1.0 178 91 65 0.950 4 20
-1.700000 2.100000 0.000000 0.0 0.0 1.0 178 91 65 0.950 4 20
-1.700000 2.200000 0.000000 0.0 0.0 1.0 178 91 65 0.950 4 20
-1.700000 2.300000 0.000000 0.0 0.0 1.0 178 91 65 0.950 4 20
-1.700000 2.400000 0.000000 0.0 0.0 1.0 178 91 65 0.950 4 20
-1.700000 2.500000 0.000000 0.0 0.0 1.0 178 91 65 0.950 4 20
-1.700000 2.600000 0.000000 0.0 0.0 1.0 178 91 65 0.950 4 20
-1.700000 2.700000 0.000000 0.0 0.0 1.0 178 91 65 0.950 4 20
-1.700000 2.800000 0.000000 0.0 0.0 1.0 178 91 65 0.950 4 20
-1.700000 2.900000 0.000000 0.0 0.0 1.0 178 91 65 0.950 4 20
-1.700000 3.000000 0.000000 0.0 0.0 1.0 178 91 65 0.950 4 20
-1.700000 3.100000 0.000000 0.0 0.0 1.0 178 91 65 0.950 4 20
-1.700000 3.200000 0.000000 0.0 0.0 1.0 178 91 65 0.950 4 20
-1.700000 3.300000 0.000000 0.0 0.0 1.0 178 91 65 0.950 4 20
-1.700000 3.400000 0.000000 0.0 0.0 1.0 178 91 65 0.950 4 20
-1.700000 3.500000 0.000000 0.0 0.0 1.0 178 91 65 0.950 4 20
-1.700000 3.600000 0.000000 0.0 0.0 1.0 178 91 65 0.950 4 20
-1.700000 3.700000 0.000000 0.0 0.0 1.0 178 91 65 0.950 4 20
-1.700000 3.800000 0.000000 0.0 0.0 1.0 178 91 65 0.950 4 20
-1.700000 3.900000 0.000000 0.0 0.0 1.0 178 91 65 0.950 4 20
-1.700000 4.000000 0.000000 0.0 0.0 1.0 178 91 65 0.950 4 20
-1.600000 0.000000 0.000000 0.0 0.0 1.0 178 91 65 0.950 4 20
-1.600000 0.100000 0.000000 0.0 0.0 1.0 178 91 65 0.950 4 20
-1.600000 0.200000 0.000000 0.0 0.0 1.0 178 91 65 0.950 4 20
-1.600000 0.300000 0.000000 0.0 0.0 1.0 178 91 65 0.950 4 20
-1.600000 0.400000 0.000000 0.0 0.0 1.0 178 91 65 0.950 4 20
-1.600000 0.500000 0.000000 0.0 0.0 1.0 178 91 65 0.950 4 20
-1.600000 0.600000 0.000000 0.0 0.0 1.0 178 91 65 0.950 4 20
-1.600000 0.700000 0.000000 0.0 0.0 1.0 178 91 65 0.950 4 20
-1.600000 0.800000 0.000000 0.0 0.0 1.0 178 91 65 0.950 4 20
-1.600000 0.900000 0.000000 0.0 0.0 1.0 178 91 65 0.950 4 20
-1.600000 1.000000 0.000000 0.0 0.0 1.0 178 91 65 0.950 4 20
-1.600000 1.100000 0.000000 0.0 0.0 1.0 178 91 65 0.950 4 20
-1.600000 1.200000 0.000000 0.0 0.0 1.0 178 91 65 0.950 4 20
-1.600000 1.300000 0.000000 0.0 0.0 1.0 178 91 65 0.950 4 20
-1.600000 1.400000 0.000000 0.0 0.0 1.0 178 91 65 0.950 4 20
-1.600000 1.500000 0.000000 0.0 0.0 1.0 178 91 65 0.950 4 20
-1.600000 1.600000 0.000000 0.0 0.0 1.0 178 91 65 0.950 4 20
-1.600000 1.700000 0.000000 0.0 0.0 1.0 178 91 65 0.950 4 20
-1.600000 1.800000 0.000000 0.0 0.0 1.0 178 91 65 0.950 4 20
-1.600000 1.900000 0.000000 0.0 0.0 1.0 178 91 65 0.950 4 20
-1.600000 2.000000 0.000000 0.0 0.0 1.0 178 91 65 0.950 4 20
-1.600000 2.100000 0.000000 0.0 0.0 1.0 178 91 65 0.950 4 20
-1.600000 2.200000 0.000000 0.0 0.0 1.0 178 91 65 0.950 4 20
-1.600000 2.300000 0.000000 0.0 0.0 1.0 178 91 65 0.950 4 20
-1.600000 2.400000 0.000000 0.0 0.0 1.0 178 91 65 0.950 4 20
-1.600000 2.500000 0.000000 0.0 0.0 1.0 178 91 65 0.950 4 20
-1.600000 2.600000 0.000000 0.0 0.0 1.0 178 91 65 0.950 4 20
-1.600000 2.700000 0.000000 0.0 0.0 1.0 178 91 65 0.950 4 20
-1.600000 2.800000 0.000000 0.0 0.0 1.0 178 91 65 0.950 4 20
-1.600000 2.900000 0.000000 0.0 0.0 1.0 178 91 65 0.950 4 20
-1.600000 3.000000 0.000000 0.0 0.0 1.0 178 91 65 0.950 4 20
-1.600000 3.100000 0.000000 0.0 0.0 1.0 178 91 65 0.950 4 20
-1.600000 3.200000 0.000000 0.0 0.0 1.0 178 91 65 0.950 4 20
-1.600000 3.300000 0.000000 0.0 0.0 1.0 178 91 65 0.950 4 20
-1.600000 3.400000 0.000000 0.0 0.0 1.0 178 91 65 0.950 4 20
-1.600000 3.500000 0.000000 0.0 0.0 1.0 178 91 65 0.950 4 20
-1.600000 3.600000 0.000000 0.0 0.0 1.0 178 91 65 0.950 4 20
-1.600000 3.700000 0.000000 0.0 0.0 1.0 178 91 65 0.950 4 20
-1.600000 3.800000 0.000000 0.0 0.0 1.0 178 91 65 0.950 4 20
-1.600000 3.900000 0.000000 0.0 0.0 1.0 178 91 65 0.950 4 20
-1.600000 4.000000 0.000000 0.0 0.0 1.0 178 91 65 0.950 4 20
-1.500000 0.000000 0.000000 0.0 0.0 1.0 178 91 65 0.950 4 20
-1.500000 0.100000 0.000000 0.0 0.0 1.0 178 91 65 0.950 4 20
-1.500000 0.200000 0.000000 0.0 0.0 1.0 178 91 65 0.950 4 20
-1.500000 0.300000 0.000000 0.0 0.0 1.0 178 91 65 0.950 4 20
-1.500000 0.400000 0.000000 0.0 0.0 1.0 178 91 65 0.950 4 20
-1.500000 0.500000 0.000000 0.0 0.0 1.0 178 91 65 0.950 4 20
-1.500000 0.600000 0.000000 0.0 0.0 1.0 178 91 65 0.950 4 20
-1.500000 0.700000 0.000000 0.0 0.0 1.0 178 91 65 0.950 4 20
-1.500000 0.800000 0.000000 0.0 0.0 1.0 178 91 65 0.950 4 20
-1.500000 0.900000 0.000000 0.0 0.0 1.0 178 91 65 0.950 4 20
-1.500000 1.000000 0.000000 0.0 0.0 1.0 178 91 65 0.950 4 20
-1.500000 1.100000 0.000000 0.0 0.0 1.0 178 91 65 0.950 4 20
-1.500000 1.200000 0.000000 0.0 0.0 1.0 178 91 65 0.950 4 20
-1.500000 1.300000 0.000000 0.0 0.0 1.0 178 91 65 0.950 4 20
-1.500000 1.400000 0.000000 0.0 0.0 1.0 178 91 65 0.950 4 20
-1.500000 1.500000 0.000000 0.0 0.0 1.0 178 91 65 0.950 4 20
-1.500000 1.600000 0.000000 0.0 0.0 1.0 178 91 65 0.950 4 20
-1.500000 1.700000 0.000000 0.0 0.0 1.0 178 91 65 0.950 4 20
-1.500000 1.800000 0.000000 0.0 0.0 1.0 178 91 65 0.950 4 20
-1.500000 1.900000 0.000000 0.0 0.0 1.0 178 91 65 0.950 4 20
-1.500000 2.000000 0.000000 0.0 0.0 1.0 178 91 65 0.950 4 20
-1.500000 2.100000 0.000000 0.0 0.0 1.0 178 91 65 0.950 4 20
-1.500000 2.200000 0.000000 0.0 0.0 1.0 178 91 65 0.950 4 20
-1.500000 2.300000 0.000000 0.0 0.0 1.0 178 91 65 0.950 4 20
-1.500000 2.400000 0.000000 0.0 0.0 1.0 178 91 65 0.950 4 20
-1.500000 2.500000 0.000000 0.0 0.0 1.0 178 91 65 0.950 4 20
-1.500000 2.600000 0.000000 0.0 0.0 1.0 178 91 65 0.950 4 20
-1.500000 2.700000 0.000000 0.0 0.0 1.0 178 91 65 0.950 4 20
-1.500000 2.800000 0.000000 0.0 0.0 1.0 178 91 65 0.950 4 20
-1.500000 2.900000 0.000000 0.0 0.0 1.0 178 91 65 0.950 4 20
-1.500000 3.000000 0.000000 0.0 0.0 1.0 178 91 65 0.950 4 20
-1.500000 3.100000 0.000000 0.0 0.0 1.0 178 91 65 0.950 4 20
-1.500000 3.200000 0.000000 0.0 0.0 1.0 178 91 65 0.950 4 20
-1.500000 3.300000 0.000000 0.0 0.0 1.0 178 91 65 0.950 4 20
-1.500000 3.400000 0.000000 0.0 0.0 1.0 178 91 65 0.950 4 20
-1.500000 3.500000 0.000000 0.0 0.0 1.0 178 91 65 0.950 4 20
-1.500000 3.600000 0.000000 0.0 0.0 1.0 178 91 65 0.950 4 20
-1.500000 3.700000 0.000000 0.0 0.0 1.0 178 91 65 0.950 4 20
-1.500000 3.800000 0.000000 0.0 0.0 1.0 178 91 65 0.950 4 20
-1.500000 3.900000 0.000000 0.0 0.0 1.0 178 91 65 0.950 4 20
-1.500000 4.000000 0.000000 0.0 0.0 1.0 178 91 65 0.950 4 20
-1.400000 0.000000 0.000000 0.0 0.0 1.0 178 91 65 0.950 4 20
-1.400000 0.100000 0.000000 0.0 0.0 1.0 178 91 65 0.950 4 20
-1.400000 0.200000 0.000000 0.0 0.0 1.0 178 91 65 0.950 4 20
-1.400000 0.300000 0.000000 0.0 0.0 1.0 178 91 65 0.950 4 20
-1.400000 0.400000 0.000000 0.0 0.0 1.0 178 91 65 0.950 4 20
-1.400000 0.500000 0.000000 0.0 0.0 1.0 178 91 65 0.950 4 20
-1.400000 0.600000 0.000000 0.0 0.0 1.0 178 91 65 0.950 4 20
-1.400000 0.700000 0.000000 0.0 0.0 1.0 178 91 65 0.950 4 20
-1.400000 0.800000 0.000000 0.0 0.0 1.0 178 91 65 0.950 4 20
-1.400000 0.900000 0.000000 0.0 0.0 1.0 178 91 65 0.950 4 20
-1.400000 1.000000 0.000000 0.0 0.0 1.0 178 91 65 0.950 4 20
-1.400000 1.100000 0.000000 0.0 0.0 1.0 178 91 65 0.950 4 20
-1.400000 1.200000 0.000000 0.0 0.0 1.0 178 91 65 0.950 4 20
-1.400000 1.300000 0.000000 0.0 0.0 1.0 178 91 65 0.950 4 20
-1.400000 1.400000 0.000000 0.0 0.0 1.0 178 91 65 0.950 4 20
-1.400000 1.500000 0.000000 0.0 0.0 1.0 178 91 65 0.950 4 20
-1.400000 1.600000 0.000000 0.0 0.0 1.0 178 91 65 0.950 4 20
-1.400000 1.700000 0.000000 0.0 0.0 1.0 178 91 65 0.950 4 20
-1.400000 1.800000 0.000000 0.0 0.0 1.0 178 91 65 0.950 4 20
-1.400000 1.900000 0.000000 0.0 0.0 1.0 178 91 65 0.950 4 20
-1.400000 2.000000 0.000000 0.0 0.0 1.0 178 91 65 0.950 4 20
-1.400000 2.100000 0.000000 0.0 0.0 1.0 178 91 65 0.950 4 20
-1.400000 2.200000 0.000000 0.0 0.0 1.0 178 91 65 0.950 4 20
-1.400000 2.300000 0.000000 0.0 0.0 1.0 178 91 65 0.950 4 20
-1.400000 2.400000 0.000000 0.0 0.0 1.0 178 91 65 0.950 4 20
-1.400000 2.500000 0.000000 0.0 0.0 1.0 178 91 65 0.950 4 20
-1.400000 2.600000 0.000000 0.0 0.0 1.0 178 91 65 0.950 4 20
-1.400000 2.700000 0.000000 0.0 0.0 1.0 178 91 65 0.950 4 20
-1.400000 2.800000 0.000000 0.0 0.0 1.0 178 91 65 0.950 4 20
-1.400000 2.900000 0.000000 0.0 0.0 1.0 178 91 65 0.950 4 20
-1.400000 3.000000 0.000000 0.0 0.0 1.0 178 91 65 0.950 4 20
-1.400000 3.100000 0.000000 0.0 0.0 1.0 178 91 65 0.950 4 20
-1.400000 3.200000 0.000000 0.0 0.0 1.0 178 91 65 0.950 4 20
-1.400000 3.300000 0.000000 0.0 0.0 1.0 178 91 65 0.950 4 20
-1.400000 3.400000 0.000000 0.0 0.0 1.0 178 91 65 0.950 4 20
-1.400000 3.500000 0.000000 0.0 0.0 1.0 178 91 65 0.950 4 20
-1.400000 3.600000 0.000000 0.0 0.0 1.0 178 91 65 0.950 4 20
-1.400000 3.700000 0.000000 0.0 0.0 1.0 178 91 65 0.950 4 20
-1.400000 3.800000 0.000000 0.0 0.0 1.0 178 91 65 0.950 4 20
-1.400000 3.900000 0.000000 0.0 0.0 1.0 178 91 65 0.950 4 20
-1.400000 4.000000 0.000000 0.0 0.0 1.0 178 91 65 0.950 4 20
-1.300000 0.000000 0.000000 0.0 0.0 1.0 178 91 65 0.950 4 20
-1.300000 0.100000 0.000000 0.0 0.0 1.0 178 91 65 0.950 4 20
-1.300000 0.200000 0.000000 0.0 0.0 1.0 178 91 65 0.950 4 20
-1.300000 0.300000 0.000000 0.0 0.0 1.0 178 91 65 0.950 4 20
-1.300000 0.400000 0.000000 0.0 0.0 1.0 178 91 65 0.950 4 20
-1.300000 0.500000 0.000000 0.0 0.0 1.0 178 91 65 0.950 4 20
-1.300000 0.600000 0.000000 0.0 0.0 1.0 178 91 65 0.950 4 20
-1.300000 0.700000 0.000000 0.0 0.0 1.0 178 91 65 0.950 4 20
-1.300000 0.800000 0.000000 0.0 0.0 1.0 178 91 65 0.950 4 20
-1.300000 0.900000 0.000000 0.0 0.0 1.0 178 91 65 0.950 4 20
-1.300000 1.000000 0.000000 0.0 0.0 1.0 178 91 65 0.950 4 20
-1.300000 1.100000 0.000000 0.0 0.0 1.0 178 91 65 0.950 4 20
-1.300000 1.200000 0.000000 0.0 0.0 1.0 178 91 65 0.950 4 20
-1.300000 1.300000 0.000000 0.0 0.0 1.0 178 91 65 0.950 4 20
-1.300000 1.400000 0.000000 0.0 0.0 1.0 178 91 65 0.950 4 20
-1.300000 1.500000 0.000000 0.0 0.0 1.0 178 91 65 0.950 4 20
-1.300000 1.600000 0.000000 0.0 0.0 1.0 178 91 65 0.950 4 20
-1.300000 1.700000 0.000000 0.0 0.0 1.0 178 91 65 0.950 4 20
-1.300000 1.800000 0.000000 0.0 0.0 1.0 178 91 65 0.950 4 20
-1.300000 1.900000 0.000000 0.0 0.0 1.0 178 91 65 0.950 4 20
-1.300000 2.000000 0.000000 0.0 0.0 1.0 178 91 65 0.950 4 20
-1.300000 2.100000 0.000000 0.0 0.0 1.0 178 91 65 0.950 4 20
-1.300000 2.200000 0.000000 0.0 0.0 1.0 178 91 65 0.950 4 20
-1.300000 2.300000 0.000000 0.0 0.0 1.0 178 91 65 0.950 4 20
-1.300000 2.400000 0.000000 0.0 0.0 1.0 178 91 65 0.950 4 20
-1.300000 2.500000 0.000000 0.0 0.0 1.0 178 91 65 0.950 4 20
-1.300000 2.600000 0.000000 0.0 0.0 1.0 178 91 65 0.950 4 20
-1.300000 2.700000 0.000000 0.0 0.0 1.0 178 91 65 0.950 4 20
-1.300000 2.800000 0.000000 0.0 0.0 1.0 178 91 65 0.950 4 20
-1.300000 2.900000 0.000000 0.0 0.0 1.0 178 91 65 0.950 4 20
-1.300000 3.000000 0.000000 0.0 0.0 1.0 178 91 65 0.950 4 20
-1.300000 3.100000 0.000000 0.0 0.0 1.0 178 91 65 0.950 4 20
-1.300000 3.200000 0.000000 0.0 0.0 1.0 178 91 65 0.950 4 20
-1.300000 3.300000 0.000000 0.0 0.0 1.0 178 91 65 0.950 4 20
-1.300000 3.400000 0.000000 0.0 0.0 1.0 178 91 65 0.950 4 20
-1.300000 3.500000 0.000000 0.0 0.0 1.0 178 91 65 0.950 4 20
-1.300000 3.600000 0.000000 0.0 0.0 1.0 178 91 65 0.950 4 20
-1.300000 3.700000 0.000000 0.0 0.0 1.0 178 91 65 0.950 4 20
-1.300000 3.800000 0.000000 0.0 0.0 1.0 178 91 65 0.950 4 20
-1.300000 3.900000 0.000000 0.0 0.0 1.0 178 91 65 0.950 4 20
-1.300000 4.000000 0.000000 0.0 0.0 1.0 178 91 65 0.950 4 20
-1.200000 0.000000 0.000000 0.0 0.0 1.0 178 91 65 0.950 4 20
-1.200000 0.100000 0.000000 0.0 0.0 1.0 178 91 65 0.950 4 20
-1.200000 0.200000 0.000000 0.0 0.0 1.0 178 91 65 0.950 4 20
-1.200000 0.300000 0.000000 0.0 0.0 1.0 178 91 65 0.950 4 20
-1.200000 0.400000 0.000000 0.0 0.0 1.0 178 91 65 0.950 4 20
-1.200000 0.500000 0.000000 0.0 0.0 1.0 178 91 65 0.950 4 20
-1.200000 0.600000 0.000000 0.0 0.0 1.0 178 91 65 0.950 4 20
-1.200000 0.700000 0.000000 0.0 0.0 1.0 178 91 65 0.950 4 20
-1.200000 0.800000 0.000000 0.0 0.0 1.0 178 91 65 0.950 4 20
-1.200000 0.900000 0.000000 0.0 0.0 1.0 178 91 65 0.950 4 20
-1.200000 1.000000 0.000000 0.0 0.0 1.0 178 91 65 0.950 4 20
-1.200000 1.100000 0.000000 0.0 0.0 1.0 178 91 65 0.950 4 20
-1.200000 1.200000 0.000000 0.0 0.0 1.0 178 91 65 0.950 4 20
-1.200000 1.300000 0.000000 0.0 0.0 1.0 178 91 65 0.950 4 20
-1.200000 1.400000 0.000000 0.0 0.0 1.0 178 91 65 0.950 4 20
-1.200000 1.500000 0.000000 0.0 0.0 1.0 178 91 65 0.950 4 20
-1.200000 1.600000 0.000000 0.0 0.0 1.0 178 91 65 0.950 4 20
-1.200000 1.700000 0.000000 0.0 0.0 1.0 178 91 65 0.950 4 20
-1.200000 1.800000 0.000000 0.0 0.0 1.0 178 91 65 0.950 4 20
-1.200000 1.900000 0.000000 0.0 0.0 1.0 178 91 65 0.950 4 20
-1.200000 2.000000 0.000000 0.0 0.0 1.0 178 91 65 0.950 4 20
-1.200000 2.100000 0.000000 0.0 0.0 1.0 178 91 65 0.950 4 20
-1.200000 2.200000 0.000000 0.0 0.0 1.0 178 91 65 0.950 4 20
-1.200000 2.300000 0.000000 0.0 0.0 1.0 178 91 65 0.950 4 20
-1.200000 2.400000 0.000000 0.0 0.0 1.0 178 91 65 0.950 4 20
-1.200000 2.500000 0.000000 0.0 0.0 1.0 178 91 65 0.950 4 20
-1.200000 2.600000 0.000000 0.0 0.0 1.0 178 91 65 0.950 4 20
-1.200000 2.700000 0.000000 0.0 0.0 1.0 178 91 65 0.950 4 20
-1.200000 2.800000 0.000000 0.0 0.0 1.0 178 91 65 0.950 4 20
-1.200000 2.900000 0.000000 0.0 0.0 1.0 178 91 65 0.950 4 20
-1.200000 3.000000 0.000000 0.0 0.0 1.0 178 91 65 0.950 4 20
-1.200000 3.100000 0.000000 0.0 0.0 1.0 178 91 65 0.950 4 20
-1.200000 3.200000 0.000000 0.0 0.0 1.0 178 91 65 0.950 4 20
-1.200000 3.300000 0.000000 0.0 0.0 1.0 178 91 65 0.950 4 20
-1.200000 3.400000 0.000000 0.0 0.0 1.0 178 91 65 0.950 4 20
-1.200000 3.500000 0.000000 0.0 0.0 1.0 178 91 65 0.950 4 20
-1.200000 3.600000 0.000000 0.0 0.0 1.0 178 91 65 0.950 4 20
-1.200000 3.700000 0.000000 0.0 0.0 1.0 178 91 65 0.950 4 20
-1.200000 3.800000 0.000000 0.0 0.0 1.0 178 91 65 0.950 4 20
-1.200000 3.900000 0.000000 0.0 0.0 1.0 178 91 65 0.950 4 20
-1.200000 4.000000 0.000000 0.0 0.0 1.0 178 91 65 0.950 4 20
-1.100000 0.000000 0.000000 0.0 0.0 1.0 178 91 65 0.950 4 20
-1.100000 0.100000 0.000000 0.0 0.0 1.0 178 91 65 0.950 4 20
-1.100000 0.200000 0.000000 0.0 0.0 1.0 178 91 65 0.950 4 20
-1.100000 0.300000 0.000000 0.0 0.0 1.0 178 91 65 0.950 4 20
-1.100000 0.400000 0.000000 0.0 0.0 1.0 178 91 65 0.950 4 20
-1.100000 0.500000 0.000000 0.0 0.0 1.0 178 91 65 0.950 4 20
-1.100000 0.600000 0.000000 0.0 0.0 1.0 178 91 65 0.950 4 20
-1.100000 0.700000 0.000000 0.0 0.0 1.0 178 91 65 0.950 4 20
-1.100000 0.800000 0.000000 0.0 0.0 1.0 178 91 65 0.950 4 20
-1.100000 0.900000 0.000000 0.0 0.0 1.0 178 91 65 0.950 4 20
-1.100000 1.000000 0.000000 0.0 0.0 1.0 178 91 65 0.950 4 20
-1.100000 1.100000 0.000000 0.0 0.0 1.0 178 91 65 0.950 4 20
-1.100000 1.200000 0.000000 0.0 0.0 1.0 178 91 65 0.950 4 20
-1.100000 1.300000 0.000000 0.0 0.0 1.0 178 91 65 0.950 4 20
-1.100000 1.400000 0.000000 0.0 0.0 1.0 178 91 65 0.950 4 20
-1.100000 1.500000 0.000000 0.0 0.0 1.0 178 91 65 0.950 4 20
-1.100000 1.600000 0.000000 0.0 0.0 1.0 178 91 65 0.950 4 20
-1.100000 1.700000 0.000000 0.0 0.0 1.0 178 91 65 0.950 4 20
-1.100000 1.800000 0.000000 0.0 0.0 1.0 178 91 65 0.950 4 20
-1.100000 1.900000 0.000000 0.0 0.0 1.0 178 91 65 0.950 4 20
-1.100000 2.000000 0.000000 0.0 0.0 1.0 178 91 65 0.950 4 20
-1.100000 2.100000 0.000000 0.0 0.0 1.0 178 91 65 0.950 4 20
-1.100000 2.200000 0.000000 0.0 0.0 1.0 178 91 65 0.950 4 20
-1.100000 2.300000 0.000000 0.0 0.0 1.0 178 91 65 0.950 4 20
-1.100000 2.400000 0.000000 0.0 0.0 1.0 178 91 65 0.950 4 20
-1.100000 2.500000 0.000000 0.0 0.0 1.0 178 91 65 0.950 4 20
-1.100000 2.600000 0.000000 0.0 0.0 1.0 178 91 65 0.950 4 20
-1.100000 2.700000 0.000000 0.0 0.0 1.0 178 91 65 0.950 4 20
-1.100000 2.800000 0.000000 0.0 0.0 1.0 178 91 65 0.950 4 20
-1.100000 2.900000 0.000000 0.0 0.0 1.0 178 91 65 0.950 4 20
-1.100000 3.000000 0.000000 0.0 0.0 1.0 178 91 65 0.950 4 20
-1.100000 3.100000 0.000000 0.0 0.0 1.0 178 91 65 0.950 4 20
-1.100000 3.200000 0.000000 0.0 0.0 1.0 178 91 65 0.950 4 20
-1.100000 3.300000 0.000000 0.0 0.0 1.0 178 91 65 0.950 4 20
-1.100000 3.400000 0.000000 0.0 0.0 1.0 178 91 65 0.950 4 20
-1.100000 3.500000 0.000000 0.0 0.0 1.0 178 91 65 0.950 4 20
-1.100000 3.600000 0.000000 0.0 0.0 1.0 178 91 65 0.950 4 20
-1.100000 3.700000 0.000000 0.0 0.0 1.0 178 91 65 0.950 4 20
-1.100000 3.800000 0.000000 0.0 0.0 1.0 178 91 65 0.950 4 20
-1.100000 3.900000 0.000000 0.0 0.0 1.0 178 91 65 0.950 4 20
-1.100000 4.000000 0.000000 0.0 0.0 1.0 178 91 65 0.950 4 20
-1.000000 0.000000 0.000000 0.0 0.0 1.0 178 91 65 0.950 4 20
-1.000000 0.100000 0.000000 0.0 0.0 1.0 178 91 65 0.950 4 20
-1.000000 0.200000 0.000000 0.0 0.0 1.0 178 91 65 0.950 4 20
-1.000000 0.300000 0.000000 0.0 0.0 1.0 178 91 65 0.950 4 20
-1.000000 0.400000 0.000000 0.0 0.0 1.0 178 91 65 0.950 4 20
-1.000000 0.500000 0.000000 0.0 0.0 1.0 178 91 65 0.950 4 20
-1.000000 0.600000 0.000000 0.0 0.0 1.0 178 91 65 0.950 4 20
-1.000000 0.700000 0.000000 0.0 0.0 1.0 178 91 65 0.950 4 20
-1.000000 0.800000 0.000000 0.0 0.0 1.0 178 91 65 0.950 4 20
-1.000000 0.900000 0.000000 0.0 0.0 1.0 178 91 65 0.950 4 20
-1.000000 1.000000 0.000000 0.0 0.0 1.0 178 91 65 0.950 4 20
-1.000000 1.100000 0.000000 0.0 0.0 1.0 178 91 65 0.950 4 20
-1.000000 1.200000 0.000000 0.0 0.0 1.0 178 91 65 0.950 4 20
-1.000000 1.300000 0.000000 0.0 0.0 1.0 178 91 65 0.950 4 20
-1.000000 1.400000 0.000000 0.0 0.0 1.0 178 91 65 0.950 4 20
-1.000000 1.500000 0.000000 0.0 0.0 1.0 178 91 65 0.950 4 20
-1.000000 1.600000 0.000000 0.0 0.0 1.0 178 91 65 0.950 4 20
-1.000000 1.700000 0.000000 0.0 0.0 1.0 178 91 65 0.950 4 20
-1.000000 1.800000 0.000000 0.0 0.0 1.0 178 91 65 0.950 4 20
-1.000000 1.900000 0.000000 0.0 0.0 1.0 178 91 65 0.950 4 20
-1.000000 2.000000 0.000000 0.0 0.0 1.0 178 91 65 0.950 4 20
-1.000000 2.100000 0.000000 0.0 0.0 1.0 178 91 65 0.950 4 20
-1.000000 2.200000 0.000000 0.0 0.0 1.0 178 91 65 0.950 4 20
-1.000000 2.300000 0.000000 0.0 0.0 1.0 178 91 65 0.950 4 20
-1.000000 2.400000 0.000000 0.0 0.0 1.0 178 91 65 0.950 4 20
-1.000000 2.500000 0.000000 0.0 0.0 1.0 178 91 65 0.950 4 20
-1.000000 2.600000 0.000000 0.0 0.0 1.0 178 91 65 0.950 4 20
-1.000000 2.700000 0.000000 0.0 0.0 1.0 178 91 65 0.950 4 20
-1.000000 2.800000 0.000000 0.0 0.0 1.0 178 91 65 0.950 4 20
-1.000000 2.900000 0.000000 0.0 0.0 1.0 178 91 65 0.950 4 20
-1.000000 3.000000 0.000000 0.0 0.0 1.0 178 91 65 0.950 4 20
-1.000000 3.100000 0.000000 0.0 0.0 1.0 178 91 65 0.950 4 20
-1.000000 3.200000 0.000000 0.0 0.0 1.0 178 91 65 0.950 4 20
-1.000000 3.300000 0.000000 0.0 0.0 1.0 178 91 65 0.950 4 20
-1.000000 3.400000 0.000000 0.0 0.0 1.0 178 91 65 0.950 4 20
-1.000000 3.500000 0.000000 0.0 0.0 1.0 178 91 65 0.950 4 20
-1.000000 3.600000 0.000000 0.0 0.0 1.0 178 91 65 0.950 4 20
-1.000000 3.700000 0.000000 0.0 0.0 1.0 178 91 65 0.950 4 20
-1.000000 3.800000 0.000000 0.0 0.0 1.0 178 91 65 0.950 4 20
-1.000000 3.900000 0.000000 0.0 0.0 1.0 178 91 65 0.950 4 20
-1.000000 4.000000 0.000000 0.0 0.0 1.0 178 91 65 0.950 4 20
-0.900000 0.000000 0.000000 0.0 0.0 1.0 178 91 65 0.950 4 20
-0.900000 0.100000 0.000000 0.0 0.0 1.0 178 91 65 0.950 4 20
-0.900000 0.200000 0.000000 0.0 0.0 1.0 178 91 65 0.950 4 20
-0.900000 0.300000 0.000000 0.0 0.0 1.0 178 91 65 0.950 4 20
-0.900000 0.400000 0.000000 0.0 0.0 1.0 178 91 65 0.950 4 20
-0.900000 0.500000 0.000000 0.0 0.0 1.0 178 91 65 0.950 4 20
-0.900000 0.600000 0.000000 0.0 0.0 1.0 178 91 65 0.950 4 20
-0.900000 0.700000 0.000000 0.0 0.0 1.0 178 91 65 0.950 4 20
-0.900000 0.800000 0.000000 0.0 0.0 1.0 178 91 65 0.950 4 20
-0.900000 0.900000 0.000000 0.0 0.0 1.0 178 91 65 0.950 4 20
-0.900000 1.000000 0.000000 0.0 0.0 1.0 178 91 65 0.950 4 20
-0.900000 1.100000 0.000000 0.0 0.0 1.0 178 91 65 0.950 4 20
-0.900000 1.200000 0.000000 0.0 0.0 1.0 178 91 65 0.950 4 20
-0.900000 1.300000 0.000000 0.0 0.0 1.0 178 91 65 0.950 4 20
-0.900000 1.400000 0.000000 0.0 0.0 1.0 178 91 65 0.950 4 20
-0.900000 1.500000 0.000000 0.0 0.0 1.0 178 91 65 0.950 4 20
-0.900000 1.600000 0.000000 0.0 0.0 1.0 178 91 65 0.950 4 20
-0.900000 1.700000 0.000000 0.0 0.0 1.0 178 91 65 0.950 4 20
-0.900000 1.800000 0.000000 0.0 0.0 1.0 178 91 65 0.950 4 20
-0.900000 1.900000 0.000000 0.0 0.0 1.0 178 91 65 0.950 4 20
-0.900000 2.000000 0.000000 0.0 0.0 1.0 178 91 65 0.950 4 20
-0.900000 2.100000 0.000000 0.0 0.0 1.0 178 91 65 0.950 4 20
-0.900000 2.200000 0.000000 0.0 0.0 1.0 178 91 65 0.950 4 20
-0.900000 2.300000 0.000000 0.0 0.0 1.0 178 91 65 0.950 4 20
-0.900000 2.400000 0.000000 0.0 0.0 1.0 178 91 65 0.950 4 20
-0.900000 2.500000 0.000000 0.0 0.0 1.0 178 91 65 0.950 4 20
-0.900000 2.600000 0.000000 0.0 0.0 1.0 178 91 65 0.950 4 20
-0.900000 2.700000 0.000000 0.0 0.0 1.0 178 91 65 0.950 4 20
-0.900000 2.800000 0.000000 0.0 0.0 1.0 178 91 65 0.950 4 20
-0.900000 2.900000 0.000000 0.0 0.0 1.0 178 91 65 0.950 4 20
-0.900000 3.000000 0.000000 0.0 0.0 1.0 178 91 65 0.950 4 20
-0.900000 3.100000 0.000000 0.0 0.0 1.0 178 91 65 0.950 4 20
-0.900000 3.200000 0.000000 0.0 0.0 1.0 178 91 65 0.950 4 20
-0.900000 3.300000 0.000000 0.0 0.0 1.0 178 91 65 0.950 4 20
-0.900000 3.400000 0.000000 0.0 0.0 1.0 178 91 65 0.950 4 20
-0.900000 3.500000 0.000000 0.0 0.0 1.0 178 91 65 0.950 4 20
-0.900000 3.600000 0.000000 0.0 0.0 1.0 178 91 65 0.950 4 20
-0.900000 3.700000 0.000000 0.0 0.0 1.0 178 91 65 0.950 4 20
-0.900000 3.800000 0.000000 0.0 0.0 1.0 178 91 65 0.950 4 20
-0.900000 3.900000 0.000000 0.0 0.0 1.0 178 91 65 0.950 4 20
-0.900000 4.000000 0.000000 0.0 0.0 1.0 178 91 65 0.950 4 20
-0.800000 0.000000 0.000000 0.0 0.0 1.0 178 91 65 0.950 4 20
-0.800000 0.100000 0.000000 0.0 0.0 1.0 178 91 65 0.950 4 20
-0.800000 0.200000 0.000000 0.0 0.0 1.0 178 91 65 0.950 4 20
-0.800000 0.300000 0.000000 0.0 0.0 1.0 178 91 65 0.950 4 20
-0.800000 0.400000 0.000000 0.0 0.0 1.0 178 91 65 0.950 4 20
-0.800000 0.500000 0.000000 0.0 0.0 1.0 178 91 65 0.950 4 20
-0.800000 0.600000 0.000000 0.0 0.0 1.0 178 91 65 0.950 4 20
-0.800000 0.700000 0.000000 0.0 0.0 1.0 178 91 65 0.950 4 20
-0.800000 0.800000 0.000000 0.0 0.0 1.0 178 91 65 0.950 4 20
-0.800000 0.900000 0.000000 0.0 0.0 1.0 178 91 65 0.950 4 20
-0.800000 1.000000 0.000000 0.0 0.0 1.0 178 91 65 0.950 4 20
-0.800000 1.100000 0.000000 0.0 0.0 1.0 178 91 65 0.950 4 20
-0.800000 1.200000 0.000000 0.0 0.0 1.0 178 91 65 0.950 4 20
-0.800000 1.300000 0.000000 0.0 0.0 1.0 178 91 65 0.950 4 20
-0.800000 1.400000 0.000000 0.0 0.0 1.0 178 91 65 0.950 4 20
-0.800000 1.500000 0.000000 0.0 0.0 1.0 178 91 65 0.950 4 20
-0.800000 1.600000 0.000000 0.0 0.0 1.0 178 91 65 0.950 4 20
-0.800000 1.700000 0.000000 0.0 0.0 1.0 178 91 65 0.950 4 20
-0.800000 1.800000 0.000000 0.0 0.0 1.0 178 91 65 0.950 4 20
-0.800000 1.900000 0.000000 0.0 0.0 1.0 178 91 65 0.950 4 20
-0.800000 2.000000 0.000000 0.0 0.0 1.0 178 91 65 0.950 4 20
-0.800000 2.100000 0.000000 0.0 0.0 1.0 178 91 65 0.950 4 20
-0.800000 2.200000 0.000000 0.0 0.0 1.0 178 91 65 0.950 4 20
-0.800000 2.300000 0.000000 0.0 0.0 1.0 178 91 65 0.950 4 20
-0.800000 2.400000 0.000000 0.0 0.0 1.0 178 91 65 0.950 4 20
-0.800000 2.500000 0.000000 0.0 0.0 1.0 178 91 65 0.950 4 20
-0.800000 2.600000 0.000000 0.0 0.0 1.0 178 91 65 0.950 4 20
-0.800000 2.700000 0.000000 0.0 0.0 1.0 178 91 65 0.950 4 20
-0.800000 2.800000 0.000000 0.0 0.0 1.0 178 91 65 0.950 4 20
-0.800000 2.900000 0.000000 0.0 0.0 1.0 178 91 65 0.950 4 20
-0.800000 3.000000 0.000000 0.0 0.0 1.0 178 91 65 0.950 4 20
-0.800000 3.100000 0.000000 0.0 0.0 1.0 178 91 65 0.950 4 20
-0.800000 3.200000 0.000000 0.0 0.0 1.0 178 91 65 0.950 4 20
-0.800000 3.300000 0.000000 0.0 0.0 1.0 178 91 65 0.950 4 20
-0.800000 3.400000 0.000000 0.0 0.0 1.0 178 91 65 0.950 4 20
-0.800000 3.500000 0.000000 0.0 0.0 1.0 178 91 65 0.950 4 20
-0.800000 3.600000 0.000000 0.0 0.0 1.0 178 91 65 0.950 4 20
-0.800000 3.700000 0.000000 0.0 0.0 1.0 178 91 65 0.950 4 20
-0.800000 3.800000 0.000000 0.0 0.0 1.0 178 91 65 0.950 4 20
-0.800000 3.900000 0.000000 0.0 0.0 1.0 178 91 65 0.950 4 20
-0.800000 4.000000 0.000000 0.0 0.0 1.0 178 91 65 0.950 4 20
-0.700000 0.000000 0.000000 0.0 0.0 1.0 178 91 65 0.950 4 20
-0.700000 0.100000 0.000000 0.0 0.0 1.0 178 91 65 0.950 4 20
-0.700000 0.200000 0.000000 0.0 0.0 1.0 178 91 65 0.950 4 20
-0.700000 0.300000 0.000000 0.0 0.0 1.0 178 91 65 0.950 4 20
-0.700000 0.400000 0.000000 0.0 0.0 1.0 178 91 65 0.950 4 20
-0.700000 0.500000 0.000000 0.0 0.0 1.0 178 91 65 0.950 4 20
-0.700000 0.600000 0.000000 0.0 0.0 1.0 178 91 65 0.950 4 20
-0.700000 0.700000 0.000000 0.0 0.0 1.0 178 91 65 0.950 4 20
-0.700000 0.800000 0.000000 0.0 0.0 1.0 178 91 65 0.950 4 20
-0.700000 0.900000 0.000000 0.0 0.0 1.0 178 91 65 0.950 4 20
-0.700000 1.000000 0.000000 0.0 0.0 1.0 178 91 65 0.950 4 20
-0.700000 1.100000 0.000000 0.0 0.0 1.0 178 91 65 0.950 4 20
-0.700000 1.200000 0.000000 0.0 0.0 1.0 178 91 65 0.950 4 20
-0.700000 1.300000 0.000000 0.0 0.0 1.0 178 91 65 0.950 4 20
-0.700000 1.400000 0.000000 0.0 0.0 1.0 178 91 65 0.950 4 20
-0.700000 1.500000 0.000000 0.0 0.0 1.0 178 91 65 0.950 4 20
-0.700000 1.600000 0.000000 0.0 0.0 1.0 178 91 65 0.950 4 20
-0.700000 1.700000 0.000000 0.0 0.0 1.0 178 91 65 0.950 4 20
-0.700000 1.800000 0.000000 0.0 0.0 1.0 178 91 65 0.950 4 20
-0.700000 1.900000 0.000000 0.0 0.0 1.0 178 91 65 0.950 4 20
-0.700000 2.000000 0.000000 0.0 0.0 1.0 178 91 65 0.950 4 20
-0.700000 2.100000 0.000000 0.0 0.0 1.0 178 91 65 0.950 4 20
-0.700000 2.200000 0.000000 0.0 0.0 1.0 178 91 65 0.950 4 20
-0.700000 2.300000 0.000000 0.0 0.0 1.0 178 91 65 0.950 4 20
-0.700000 2.400000 0.000000 0.0 0.0 1.0 178 91 65 0.950 4 20
-0.700000 2.500000 0.000000 0.0 0.0 1.0 178 91 65 0.950 4 20
-0.700000 2.600000 0.000000 0.0 0.0 1.0 178 91 65 0.950 4 20
-0.700000 2.700000 0.000000 0.0 0.0 1.0 178 91 65 0.950 4 20
-0.700000 2.800000 0.000000 0.0 0.0 1.0 178 91 65 0.950 4 20
-0.700000 2.900000 0.000000 0.0 0.0 1.0 178 91 65 0.950 4 20
-0.700000 3.000000 0.000000 0.0 0.0 1.0 178 91 65 0.950 4 20
-0.700000 3.100000 0.000000 0.0 0.0 1.0 178 91 65 0.950 4 20
-0.700000 3.200000 0.000000 0.0 0.0 1.0 178 91 65 0.950 4 20
-0.700000 3.300000 0.000000 0.0 0.0 1.0 178 91 65 0.950 4 20
-0.700000 3.400000 0.000000 0.0 0.0 1.0 178 91 65 0.950 4 20
-0.700000 3.500000 0.000000 0.0 0.0 1.0 178 91 65 0.950 4 20
-0.700000 3.600000 0.000000 0.0 0.0 1.0 178 91 65 0.950 4 20
-0.700000 3.700000 0.000000 0.0 0.0 1.0 178 91 65 0.950 4 20
-0.700000 3.800000 0.000000 0.0 0.0 1.0 178 91 65 0.950 4 20
-0.700000 3.900000 0.000000 0.0 0.0 1.0 178 91 65 0.950 4 20
-0.700000 4.000000 0.000000 0.0 0.0 1.0 178 91 65 0.950 4 20
-0.600000 0.000000 0.000000 0.0 0.0 1.0 178 91 65 0.950 4 20
-0.600000 0.100000 0.000000 0.0 0.0 1.0 178 91 65 0.950 4 20
-0.600000 0.200000 0.000000 0.0 0.0 1.0 178 91 65 0.950 4 20
-0.600000 0.300000 0.000000 0.0 0.0 1.0 178 91 65 0.950 4 20
-0.600000 0.400000 0.000000 0.0 0.0 1.0 178 91 65 0.950 4 20
-0.600000 0.500000 0.000000 0.0 0.0 1.0 178 91 65 0.950 4 20
-0.600000 0.600000 0.000000 0.0 0.0 1.0 178 91 65 0.950 4 20
-0.600000 0.700000 0.000000 0.0 0.0 1.0 178 91 65 0.950 4 20
-0.600000 0.800000 0.000000 0.0 0.0 1.0 178 91 65 0.950 4 20
-0.600000 0.900000 0.000000 0.0 0.0 1.0 178 91 65 0.950 4 20
-0.600000 1.000000 0.000000 0.0 0.0 1.0 178 91 65 0.950 4 20
-0.600000 1.100000 0.000000 0.0 0.0 1.0 178 91 65 0.950 4 20
-0.600000 1.200000 0.000000 0.0 0.0 1.0 178 91 65 0.950 4 20
-0.600000 1.300000 0.000000 0.0 0.0 1.0 178 91 65 0.950 4 20
-0.600000 1.400000 0.000000 0.0 0.0 1.0 178 91 65 0.950 4 20
-0.600000 1.500000 0.000000 0.0 0.0 1.0 178 91 65 0.950 4 20
-0.600000 1.600000 0.000000 0.0 0.0 1.0 178 91 65 0.950 4 20
-0.600000 1.700000 0.000000 0.0 0.0 1.0 178 91 65 0.950 4 20
-0.600000 1.800000 0.000000 0.0 0.0 1.0 178 91 65 0.950 4 20
-0.600000 1.900000 0.000000 0.0 0.0 1.0 178 91 65 0.950 4 20
-0.600000 2.000000 0.000000 0.0 0.0 1.0 178 91 65 0.950 4 20
-0.600000 2.100000 0.000000 0.0 0.0 1.0 178 91 65 0.950 4 20
-0.600000 2.200000 0.000000 0.0 0.0 1.0 178 91 65 0.950 4 20
-0.600000 2.300000 0.000000 0.0 0.0 1.0 178 91 65 0.950 4 20
-0.600000 2.400000 0.000000 0.0 0.0 1.0 178 91 65 0.950 4 20
-0.600000 2.500000 0.000000 0.0 0.0 1.0 178 91 65 0.950 4 20
-0.600000 2.600000 0.000000 0.0 0.0 1.0 178 91 65 0.950 4 20
-0.600000 2.700000 0.000000 0.0 0.0 1.0 178 91 65 0.950 4 20
-0.600000 2.800000 0.000000 0.0 0.0 1.0 178 91 65 0.950 4 20
-0.600000 2.900000 0.000000 0.0 0.0 1.0 178 91 65 0.950 4 20
-0.600000 3.000000 0.000000 0.0 0.0 1.0 178 91 65 0.950 4 20
-0.600000 3.100000 0.000000 0.0 0.0 1.0 178 91 65 0.950 4 20
-0.600000 3.200000 0.000000 0.0 0.0 1.0 178 91 65 0.950 4 20
-0.600000 3.300000 0.000000 0.0 0.0 1.0 178 91 65 0.950 4 20
-0.600000 3.400000 0.000000 0.0 0.0 1.0 178 91 65 0.950 4 20
-0.600000 3.500000 0.000000 0.0 0.0 1.0 178 91 65 0.950 4 20
-0.600000 3.600000 0.000000 0.0 0.0 1.0 178 91 65 0.950 4 20
-0.600000 3.700000 0.000000 0.0 0.0 1.0 178 91 65 0.950 4 20
-0.600000 3.800000 0.000000 0.0 0.0 1.0 178 91 65 0.950 4 20
-0.600000 3.900000 0.000000 0.0 0.0 1.0 178 91 65 0.950 4 20
-0.600000 4.000000 0.000000 0.0 0.0 1.0 178 91 65 0.950 4 20
-0.500000 0.000000 0.000000 0.0 0.0 1.0 178 91 65 0.950 4 20
-0.500000 0.100000 0.000000 0.0 0.0 1.0 178 91 65 0.950 4 20
-0.500000 0.200000 0.000000 0.0 0.0 1.0 178 91 65 0.950 4 20
-0.500000 0.300000 0.000000 0.0 0.0 1.0 178 91 65 0.950 4 20
-0.500000 0.400000 0.000000 0.0 0.0 1.0 178 91 65 0.950 4 20
-0.500000 0.500000 0.000000 0.0 0.0 1.0 178 91 65 0.950 4 20
-0.500000 0.600000 0.000000 0.0 0.0 1.0 178 91 65 0.950 4 20
-0.500000 0.700000 0.000000 0.0 0.0 1.0 178 91 65 0.950 4 20
-0.500000 0.800000 0.000000 0.0 0.0 1.0 178 91 65 0.950 4 20
-0.500000 0.900000 0.000000 0.0 0.0 1.0 178 91 65 0.950 4 20
-0.500000 1.000000 0.000000 0.0 0.0 1.0 178 91 65 0.950 4 20
-0.500000 1.100000 0.000000 0.0 0.0 1.0 178 91 65 0.950 4 20
-0.500000 1.200000 0.000000 0.0 0.0 1.0 178 91 65 0.950 4 20
-0.500000 1.300000 0.000000 0.0 0.0 1.0 178 91 65 0.950 4 20
-0.500000 1.400000 0.000000 0.0 0.0 1.0 178 91 65 0.950 4 20
-0.500000 1.500000 0.000000 0.0 0.0 1.0 178 91 65 0.950 4 20
-0.500000 1.600000 0.000000 0.0 0.0 1.0 178 91 65 0.950 4 20
-0.500000 1.700000 0.000000 0.0 0.0 1.0 178 91 65 0.950 4 20
-0.500000 1.800000 0.000000 0.0 0.0 1.0 178 91 65 0.950 4 20
-0.500000 1.900000 0.000000 0.0 0.0 1.0 178 91 65 0.950 4 20
-0.500000 2.000000 0.000000 0.0 0.0 1.0 178 91 65 0.950 4 20
-0.500000 2.100000 0.000000 0.0 0.0 1.0 178 91 65 0.950 4 20
-0.500000 2.200000 0.000000 0.0 0.0 1.0 178 91 65 0.950 4 20
-0.500000 2.300000 0.000000 0.0 0.0 1.0 178 91 65 0.950 4 20
-0.500000 2.400000 0.000000 0.0 0.0 1.0 178 91 65 0.950 4 20
-0.500000 2.500000 0.000000 0.0 0.0 1.0 178 91 65 0.950 4 20
-0.500000 2.600000 0.000000 0.0 0.0 1.0 178 91 65 0.950 4 20
-0.500000 2.700000 0.000000 0.0 0.0 1.0 178 91 65 0.950 4 20
-0.500000 2.800000 0.000000 0.0 0.0 1.0 178 91 65 0.950 4 20
-0.500000 2.900000 0.000000 0.0 0.0 1.0 178 91 65 0.950 4 20
-0.500000 3.000000 0.000000 0.0 0.0 1.0 178 91 65 0.950 4 20
-0.500000 3.100000 0.000000 0.0 0.0 1.0 178 91 65 0.950 4 20
-0.500000 3.200000 0.000000 0.0 0.0 1.0 178 91 65 0.950 4 20
-0.500000 3.300000 0.000000 0.0 0.0 1.0 178 91 65 0.950 4 20
-0.500000 3.400000 0.000000 0.0 0.0 1.0 178 91 65 0.950 4 20
-0.500000 3.500000 0.000000 0.0 0.0 1.0 178 91 65 0.950 4 20
-0.500000 3.600000 0.000000 0.0 0.0 1.0 178 91 65 0.950 4 20
-0.500000 3.700000 0.000000 0.0 0.0 1.0 178 91 65 0.950 4 20
-0.500000 3.800000 0.000000 0.0 0.0 1.0 178 91 65 0.950 4 20
-0.500000 3.900000 0.000000 0.0 0.0 1.0 178 91 65 0.950 4 20
-0.500000 4.000000 0.000000 0.0 0.0 1.0 178 91 65 0.950 4 20
-0.400000 0.000000 0.000000 0.0 0.0 1.0 178 91 65 0.950 4 20
-0.400000 0.100000 0.000000 0.0 0.0 1.0 178 91 65 0.950 4 20
-0.400000 0.200000 0.000000 0.0 0.0 1.0 178 91 65 0.950 4 20
-0.400000 0.300000 0.000000 0.0 0.0 1.0 178 91 65 0.950 4 20
-0.400000 0.400000 0.000000 0.0 0.0 1.0 178 91 65 0.950 4 20
-0.400000 0.500000 0.000000 0.0 0.0 1.0 178 91 65 0.950 4 20
-0.400000 0.600000 0.000000 0.0 0.0 1.0 178 91 65 0.950 4 20
-0.400000 0.700000 0.000000 0.0 0.0 1.0 178 91 65 0.950 4 20
-0.400000 0.800000 0.000000 0.0 0.0 1.0 178 91 65 0.950 4 20
-0.400000 0.900000 0.000000 0.0 0.0 1.0 178 91 65 0.950 4 20
-0.400000 1.000000 0.000000 0.0 0.0 1.0 178 91 65 0.950 4 20
-0.400000 1.100000 0.000000 0.0 0.0 1.0 178 91 65 0.950 4 20
-0.400000 1.200000 0.000000 0.0 0.0 1.0 178 91 65 0.950 4 20
-0.400000 1.300000 0.000000 0.0 0.0 1.0 178 91 65 0.950 4 20
-0.400000 1.400000 0.000000 0.0 0.0 1.0 178 91 65 0.950 4 20
-0.400000 1.500000 0.000000 0.0 0.0 1.0 178 91 65 0.950 4 20
-0.400000 1.600000 0.000000 0.0 0.0 1.0 178 91 65 0.950 4 20
-0.400000 1.700000 0.000000 0.0 0.0 1.0 178 91 65 0.950 4 20
-0.400000 1.800000 0.000000 0.0 0.0 1.0 178 91 65 0.950 4 20
-0.400000 1.900000 0.000000 0.0 0.0 1.0 178 91 65 0.950 4 20
-0.400000 2.000000 0.000000 0.0 0.0 1.0 178 91 65 0.950 4 20
-0.400000 2.100000 0.000000 0.0 0.0 1.0 178 91 65 0.950 4 20
-0.400000 2.200000 0.000000 0.0 0.0 1.0 178 91 65 0.950 4 20
-0.400000 2.300000 0.000000 0.0 0.0 1.0 178 91 65 0.950 4 20
-0.400000 2.400000 0.000000 0.0 0.0 1.0 178 91 65 0.950 4 20
-0.400000 2.500000 0.000000 0.0 0.0 1.0 178 91 65 0.950 4 20
-0.400000 2.600000 0.000000 0.0 0.0 1.0 178 91 65 0.950 4 20
-0.400000 2.700000 0.000000 0.0 0.0 1.0 178 91 65 0.950 4 20
-0.400000 2.800000 0.000000 0.0 0.0 1.0 178 91 65 0.950 4 20
-0.400000 2.900000 0.000000 0.0 0.0 1.0 178 91 65 0.950 4 20
-0.400000 3.000000 0.000000 0.0 0.0 1.0 178 91 65 0.950 4 20
-0.400000 3.100000 0.000000 0.0 0.0 1.0 178 91 65 0.950 4 20
-0.400000 3.200000 0.000000 0.0 0.0 1.0 178 91 65 0.950 4 20
-0.400000 3.300000 0.000000 0.0 0.0 1.0 178 91 65 0.950 4 20
-0.400000 3.400000 0.000000 0.0 0.0 1.0 178 91 65 0.950 4 20
-0.400000 3.500000 0.000000 0.0 0.0 1.0 178 91 65 0.950 4 20
-0.400000 3.600000 0.000000 0.0 0.0 1.0 178 91 65 0.950 4 20
-0.400000 3.700000 0.000000 0.0 0.0 1.0 178 91 65 0.950 4 20
-0.400000 3.800000 0.000000 0.0 0.0 1.0 178 91 65 0.950 4 20
-0.400000 3.900000 0.000000 0.0 0.0 1.0 178 91 65 0.950 4 20
-0.400000 4.000000 0.000000 0.0 0.0 1.0 178 91 65 0.950 4 20
-0.300000 0.000000 0.000000 0.0 0.0 1.0 178 91 65 0.950 4 20
-0.300000 0.100000 0.000000 0.0 0.0 1.0 178 91 65 0.950 4 20
-0.300000 0.200000 0.000000 0.0 0.0 1.0 178 91 65 0.950 4 20
-0.300000 0.300000 0.000000 0.0 0.0 1.0 178 91 65 0.950 4 20
-0.300000 0.400000 0.000000 0.0 0.0 1.0 178 91 65 0.950 4 20
-0.300000 0.500000 0.000000 0.0 0.0 1.0 178 91 65 0.950 4 20
-0.300000 0.600000 0.000000 0.0 0.0 1.0 178 91 65 0.950 4 20
-0.300000 0.700000 0.000000 0.0 0.0 1.0 178 91 65 0.950 4 20
-0.300000 0.800000 0.000000 0.0 0.0 1.0 178 91 65 0.950 4 20
-0.300000 0.900000 0.000000 0.0 0.0 1.0 178 91 65 0.950 4 20
-0.300000 1.000000 0.000000 0.0 0.0 1.0 178 91 65 0.950 4 20
-0.300000 1.100000 0.000000 0.0 0.0 1.0 178 91 65 0.950 4 20
-0.300000 1.200000 0.000000 0.0 0.0 1.0 178 91 65 0.950 4 20
-0.300000 1.300000 0.000000 0.0 0.0 1.0 178 91 65 0.950 4 20
-0.300000 1.400000 0.000000 0.0 0.0 1.0 178 91 65 0.950 4 20
-0.300000 1.500000 0.000000 0.0 0.0 1.0 178 91 65 0.950 4 20
-0.300000 1.600000 0.000000 0.0 0.0 1.0 178 91 65 0.950 4 20
-0.300000 1.700000 0.000000 0.0 0.0 1.0 178 91 65 0.950 4 20
-0.300000 1.800000 0.000000 0.0 0.0 1.0 178 91 65 0.950 4 20
-0.300000 1.900000 0.000000 0.0 0.0 1.0 178 91 65 0.950 4 20
-0.300000 2.000000 0.000000 0.0 0.0 1.0 178 91 65 0.950 4 20
-0.300000 2.100000 0.000000 0.0 0.0 1.0 178 91 65 0.950 4 20
-0.300000 2.200000 0.000000 0.0 0.0 1.0 178 91 65 0.950 4 20
-0.300000 2.300000 0.000000 0.0 0.0 1.0 178 91 65 0.950 4 20
-0.300000 2.400000 0.000000 0.0 0.0 1.0 178 91 65 0.950 4 20
-0.300000 2.500000 0.000000 0.0 0.0 1.0 178 91 65 0.950 4 20
-0.300000 2.600000 0.000000 0.0 0.0 1.0 178 91 65 0.950 4 20
-0.300000 2.700000 0.000000 0.0 0.0 1.0 178 91 65 0.950 4 20
-0.300000 2.800000 0.000000 0.0 0.0 1.0 178 91 65 0.950 4 20
-0.300000 2.900000 0.000000 0.0 0.0 1.0 178 91 65 0.950 4 20
-0.300000 3.000000 0.000000 0.0 0.0 1.0 178 91 65 0.950 4 20
-0.300000 3.100000 0.000000 0.0 0.0 1.0 178 91 65 0.950 4 20
-0.300000 3.200000 0.000000 0.0 0.0 1.0 178 91 65 0.950 4 20
-0.300000 3.300000 0.000000 0.0 0.0 1.0 178 91 65 0.950 4 20
-0.300000 3.400000 0.000000 0.0 0.0 1.0 178 91 65 0.950 4 20
-0.300000 3.500000 0.000000 0.0 0.0 1.0 178 91 65 0.950 4 20
-0.300000 3.600000 0.000000 0.0 0.0 1.0 178 91 65 0.950 4 20
-0.300000 3.700000 0.000000 0.0 0.0 1.0 178 91 65 0.950 4 20
-0.300000 3.800000 0.000000 0.0 0.0 1.0 178 91 65 0.950 4 20
-0.300000 3.900000 0.000000 0.0 0.0 1.0 178 91 65 0.950 4 20
-0.300000 4.000000 0.000000 0.0 0.0 1.0 178 91 65 0.950 4 20
-0.200000 0.000000 0.000000 0.0 0.0 1.0 178 91 65 0.950 4 20
-0.200000 0.100000 0.000000 0.0 0.0 1.0 178 91 65 0.950 4 20
-0.200000 0.200000 0.000000 0.0 0.0 1.0 178 91 65 0.950 4 20
-0.200000 0.300000 0.000000 0.0 0.0 1.0 178 91 65 0.950 4 20
-0.200000 0.400000 0.000000 0.0 0.0 1.0 178 91 65 0.950 4 20
-0.200000 0.500000 0.000000 0.0 0.0 1.0 178 91 65 0.950 4 20
-0.200000 0.600000 0.000000 0.0 0.0 1.0 178 91 65 0.950 4 20
-0.200000 0.700000 0.000000 0.0 0.0 1.0 178 91 65 0.950 4 20
-0.200000 0.800000 0.000000 0.0 0.0 1.0 178 91 65 0.950 4 20
-0.200000 0.900000 0.000000 0.0 0.0 1.0 178 91 65 0.950 4 20
-0.200000 1.000000 0.000000 0.0 0.0 1.0 178 91 65 0.950 4 20
-0.200000 1.100000 0.000000 0.0 0.0 1.0 178 91 65 0.950 4 20
-0.200000 1.200000 0.000000 0.0 0.0 1.0 178 91 65 0.950 4 20
-0.200000 1.300000 0.000000 0.0 0.0 1.0 178 91 65 0.950 4 20
-0.200000 1.400000 0.000000 0.0 0.0 1.0 178 91 65 0.950 4 20
-0.200000 1.500000 0.000000 0.0 0.0 1.0 178 91 65 0.950 4 20
-0.200000 1.600000 0.000000 0.0 0.0 1.0 178 91 65 0.950 4 20
-0.200000 1.700000 0.000000 0.0 0.0 1.0 178 91 65 0.950 4 20
-0.200000 1.800000 0.000000 0.0 0.0 1.0 178 91 65 0.950 4 20
-0.200000 1.900000 0.000000 0.0 0.0 1.0 178 91 65 0.950 4 20
-0.200000 2.000000 0.000000 0.0 0.0 1.0 178 91 65 0.950 4 20
-0.200000 2.100000 0.000000 0.0 0.0 1.0 178 91 65 0.950 4 20
-0.200000 2.200000 0.000000 0.0 0.0 1.0 178 91 65 0.950 4 20
-0.200000 2.300000 0.000000 0.0 0.0 1.0 178 91 65 0.950 4 20
-0.200000 2.400000 0.000000 0.0 0.0 1.0 178 91 65 0.950 4 20
-0.200000 2.500000 0.000000 0.0 0.0 1.0 178 91 65 0.950 4 20
-0.200000 2.600000 0.000000 0.0 0.0 1.0 178 91 65 0.950 4 20
-0.200000 2.700000 0.000000 0.0 0.0 1.0 178 91 65 0.950 4 20
-0.200000 2.800000 0.000000 0.0 0.0 1.0 178 91 65 0.950 4 20
-0.200000 2.900000 0.000000 0.0 0.0 1.0 178 91 65 0.950 4 20
-0.200000 3.000000 0.000000 0.0 0.0 1.0 178 91 65 0.950 4 20
-0.200000 3.100000 0.000000 0.0 0.0 1.0 178 91 65 0.950 4 20
-0.200000 3.200000 0.000000 0.0 0.0 1.0 178 91 65 0.950 4 20
-0.200000 3.300000 0.000000 0.0 0.0 1.0 178 91 65 0.950 4 20
-0.200000 3.400000 0.000000 0.0 0.0 1.0 178 91 65 0.950 4 20
-0.200000 3.500000 0.000000 0.0 0.0 1.0 178 91 65 0.950 4 20
-0.200000 3.600000 0.000000 0.0 0.0 1.0 178 91 65 0.950 4 20
-0.200000 3.700000 0.000000 0.0 0.0 1.0 178 91 65 0.950 4 20
-0.200000 3.800000 0.000000 0.0 0.0 1.0 178 91 65 0.950 4 20
-0.200000 3.900000 0.000000 0.0 0.0 1.0 178 91 65 0.950 4 20
-0.200000 4.000000 0.000000 0.0 0.0 1.0 178 91 65 0.950 4 20
-0.100000 0.000000 0.000000 0.0 0.0 1.0 178 91 65 0.950 4 20
-0.100000 0.100000 0.000000 0.0 0.0 1.0 178 91 65 0.950 4 20
-0.100000 0.200000 0.000000 0.0 0.0 1.0 178 91 65 0.950 4 20
-0.100000 0.300000 0.000000 0.0 0.0 1.0 178 91 65 0.950 4 20
-0.100000 0.400000 0.000000 0.0 0.0 1.0 178 91 65 0.950 4 20
-0.100000 0.500000 0.000000 0.0 0.0 1.0 178 91 65 0.950 4 20
-0.100000 0.600000 0.000000 0.0 0.0 1.0 178 91 65 0.950 4 20
-0.100000 0.700000 0.000000 0.0 0.0 1.0 178 91 65 0.950 4 20
-0.100000 0.800000 0.000000 0.0 0.0 1.0 178 91 65 0.950 4 20
-0.100000 0.900000 0.000000 0.0 0.0 1.0 178 91 65 0.950 4 20
-0.100000 1.000000 0.000000 0.0 0.0 1.0 178 91 65 0.950 4 20
-0.100000 1.100000 0.000000 0.0 0.0 1.0 178 91 65 0.950 4 20
-0.100000 1.200000 0.000000 0.0 0.0 1.0 178 91 65 0.950 4 20
-0.100000 1.300000 0.000000 0.0 0.0 1.0 178 91 65 0.950 4 20
-0.100000 1.400000 0.000000 0.0 0.0 1.0 178 91 65 0.950 4 20
-0.100000 1.500000 0.000000 0.0 0.0 1.0 178 91 65 0.950 4 20
-0.100000 1.600000 0.000000 0.0 0.0 1.0 178 91 65 0.950 4 20
-0.100000 1.700000 0.000000 0.0 0.0 1.0 178 91 65 0.950 4 20
-0.100000 1.800000 0.000000 0.0 0.0 1.0 178 91 65 0.950 4 20
-0.100000 1.900000 0.000000 0.0 0.0 1.0 178 91 65 0.950 4 20
-0.100000 2.000000 0.000000 0.0 0.0 1.0 178 91 65 0.950 4 20
-0.100000 2.100000 0.000000 0.0 0.0 1.0 178 91 65 0.950 4 20
-0.100000 2.200000 0.000000 0.0 0.0 1.0 178 91 65 0.950 4 20
-0.100000 2.300000 0.000000 0.0 0.0 1.0 178 91 65 0.950 4 20
-0.100000 2.400000 0.000000 0.0 0.0 1.0 178 91 65 0.950 4 20
-0.100000 2.500000 0.000000 0.0 0.0 1.0 178 91 65 0.950 4 20
-0.100000 2.600000 0.000000 0.0 0.0 1.0 178 91 65 0.950 4 20
-0.100000 2.700000 0.000000 0.0 0.0 1.0 178 91 65 0.950 4 20
-0.100000 2.800000 0.000000 0.0 0.0 1.0 178 91 65 0.950 4 20
-0.100000 2.900000 0.000000 0.0 0.0 1.0 178 91 65 0.950 4 20
-0.100000 3.000000 0.000000 0.0 0.0 1.0 178 91 65 0.950 4 20
-0.100000 3.100000 0.000000 0.0 0.0 1.0 178 91 65 0.950 4 20
-0.100000 3.200000 0.000000 0.0 0.0 1.0 178 91 65 0.950 4 20
-0.100000 3.300000 0.000000 0.0 0.0 1.0 178 91 65 0.950 4 20
-0.100000 3.400000 0.000000 0.0 0.0 1.0 178 91 65 0.950 4 20
-0.100000 3.500000 0.000000 0.0 0.0 1.0 178 91 65 0.950 4 20
-0.100000 3.600000 0.000000 0.0 0.0 1.0 178 91 65 0.950 4 20
-0.100000 3.700000 0.000000 0.0 0.0 1.0 178 91 65 0.950 4 20
-0.100000 3.800000 0.000000 0.0 0.0 1.0 178 91 65 0.950 4 20
-0.100000 3.900000 0.000000 0.0 0.0 1.0 178 91 65 0.950 4 20
-0.100000 4.000000 0.000000 0.0 0.0 1.0 178 91 65 0.950 4 20
0.000000 0.000000 0.000000 0.0 0.0 1.0 178 91 65 0.950 4 20
0.000000 0.100000 0.000000 0.0 0.0 1.0 178 91 65 0.950 4 20
0.000000 0.200000 0.000000 0.0 0.0 1.0 178 91 65 0.950 4 20
0.000000 0.300000 0.000000 0.0 0.0 1.0 178 91 65 0.950 4 20
0.000000 0.400000 0.000000 0.0 0.0 1.0 178 91 65 0.950 4 20
0.000000 0.500000 0.000000 0.0 0.0 1.0 178 91 65 0.950 4 20
0.000000 0.600000 0.000000 0.0 0.0 1.0 178 91 65 0.950 4 20
0.000000 0.700000 0.000000 0.0 0.0 1.0 178 91 65 0.950 4 20
0.000000 0.800000 0.000000 0.0 0.0 1.0 178 91 65 0.950 4 20
0.000000 0.900000 0.000000 0.0 0.0 1.0 178 91 65 0.950 4 20
0.000000 1.000000 0.000000 0.0 0.0 1.0 178 91 65 0.950 4 20
0.000000 1.100000 0.000000 0.0 0.0 1.0 178 91 65 0.950 4 20
0.000000 1.200000 0.000000 0.0 0.0 1.0 178 91 65 0.950 4 20
0.000000 1.300000 0.000000 0.0 0.0 1.0 178 91 65 0.950 4 20
0.000000 1.400000 0.000000 0.0 0.0 1.0 178 91 65 0.950 4 20
0.000000 1.500000 0.000000 0.0 0.0 1.0 178 91 65 0.950 4 20
0.000000 1.600000 0.000000 0.0 0.0 1.0 178 91 65 0.950 4 20
0.000000 1.700000 0.000000 0.0 0.0 1.0 178 91 65 0.950 4 20
0.000000 1.800000 0.000000 0.0 0.0 1.0 178 91 65 0.950 4 20
0.000000 1.900000 0.000000 0.0 0.0 1.0 178 91 65 0.950 4 20
0.000000 2.000000 0.000000 0.0 0.0 1.0 178 91 65 0.950 4 20
0.000000 2.100000 0.000000 0.0 0.0 1.0 178 91 65 0.950 4 20
0.000000 2.200000 0.000000 0.0 0.0 1.0 178 91 65 0.950 4 20
0.000000 2.300000 0.000000 0.0 0.0 1.0 178 91 65 0.950 4 20
0.000000 2.400000 0.000000 0.0 0.0 1.0 178 91 65 0.950 4 20
0.000000 2.500000 0.000000 0.0 0.0 1.0 178 91 65 0.950 4 20
0.000000 2.600000 0.000000 0.0 0.0 1.0 178 91 65 0.950 4 20
0.000000 2.700000 0.000000 0.0 0.0 1.0 178 91 65 0.950 4 20
0.000000 2.800000 0.000000 0.0 0.0 1.0 178 91 65 0.950 4 20
0.000000 2.900000 0.000000 0.0 0.0 1.0 178 91 65 0.950 4 20
0.000000 3.000000 0.000000 0.0 0.0 1.0 178 91 65 0.950 4 20
0.000000 3.100000 0.000000 0.0 0.0 1.0 178 91 65 0.950 4 20
0.000000 3.200000 0.000000 0.0 0.0 1.0 178 91 65 0.950 4 20
0.000000 3.300000 0.000000 0.0 0.0 1.0 178 91 65 0.950 4 20
0.000000 3.400000 0.000000 0.0 0.0 1.0 178 91 65 0.950 4 20
0.000000 3.500000 0.000000 0.0 0.0 1.0 178 91 65 0.950 4 20
0.000000 3.600000 0.000000 0.0 0.0 1.0 178 91 65 0.950 4 20
0.000000 3.700000 0.000000 0.0 0.0 1.0 178 91 65 0.950 4 20
0.000000 3.800000 0.000000 0.0 0.0 1.0 178 91 65 0.950 4 20
0.000000 3.900000 0.000000 0.0 0.0 1.0 178 91 65 0.950 4 20
0.000000 4.000000 0.000000 0.0 0.0 1.0 178 91 65 0.950 4 20
0.000000 0.000000 0.000000 1.0 0.0 0.0 145 72 56 0.950 4 21
0.000000 0.100000 0.000000 1.0 0.0 0.0 145 72 56 0.950 4 21
0.000000 0.200000 0.000000 1.0 0.0 0.0 145 72 56 0.950 4 21
0.000000 0.300000 0.000000 1.0 0.0 0.0 145 72 56 0.950 4 21
0.000000 0.400000 0.000000 1.0 0.0 0.0 145 72 56 0.950 4 21
0.000000 0.500000 0.000000 1.0 0.0 0.0 145 72 56 0.950 4 21
0.000000 0.600000 0.000000 1.0 0.0 0.0 145 72 56 0.950 4 21
0.000000 0.700000 0.000000 1.0 0.0 0.0 145 72 56 0.950 4 21
0.000000 0.800000 0.000000 1.0 0.0 0.0 145 72 56 0.950 4 21
0.000000 0.900000 0.000000 1.0 0.0 0.0 145 72 56 0.950 4 21
0.000000 1.000000 0.000000 1.0 0.0 0.0 145 72 56 0.950 4 21
0.000000 1.100000 0.000000 1.0 0.0 0.0 145 72 56 0.950 4 21
0.000000 1.200000 0.000000 1.0 0.0 0.0 145 72 56 0.950 4 21
0.000000 1.300000 0.000000 1.0 0.0 0.0 145 72 56 0.950 4 21
0.000000 1.400000 0.000000 1.0 0.0 0.0 145 72 56 0.950 4 21
0.000000 1.500000 0.000000 1.0 0.0 0.0 145 72 56 0.950 4 21
0.000000 1.600000 0.000000 1.0 0.0 0.0 145 72 56 0.950 4 21
0.000000 1.700000 0.000000 1.0 0.0 0.0 145 72 56 0.950 4 21
0.000000 1.800000 0.000000 1.0 0.0 0.0 145 72 56 0.950 4 21
0.000000 1.900000 0.000000 1.0 0.0 0.0 145 72 56 0.950 4 21
0.000000 2.000000 0.000000 1.0 0.0 0.0 145 72 56 0.950 4 21
0.000000 2.100000 0.000000 1.0 0.0 0.0 145 72 56 0.950 4 21
0.000000 2.200000 0.000000 1.0 0.0 0.0 145 72 56 0.950 4 21
0.000000 2.300000 0.000000 1.0 0.0 0.0 145 72 56 0.950 4 21
0.000000 2.400000 0.000000 1.0 0.0 0.0 145 72 56 0.950 4 21
0.000000 2.500000 0.000000 1.0 0.0 0.0 145 72 56 0.950 4 21
0.000000 2.600000 0.000000 1.0 0.0 0.0 145 72 56 0.950 4 21
0.000000 2.700000 0.000000 1.0 0.0 0.0 145 72 56 0.950 4 21
0.000000 2.800000 0.000000 1.0 0.0 0.0 145 72 56 0.950 4 21
0.000000 2.900000 0.000000 1.0 0.0 0.0 145 72 56 0.950 4 21
0.000000 3.000000 0.000000 1.0 0.0 0.0 145 72 56 0.950 4 21
0.000000 3.100000 0.000000 1.0 0.0 0.0 145 72 56 0.950 4 21
0.000000 3.200000 0.000000 1.0 0.0 0.0 145 72 56 0.950 4 21
0.000000 3.300000 0.000000 1.0 0.0 0.0 145 72 56 0.950 4 21
0.000000 3.400000 0.000000 1.0 0.0 0.0 145 72 56 0.950 4 21
0.000000 3.500000 0.000000 1.0 0.0 0.0 145 72 56 0.950 4 21
0.000000 3.600000 0.000000 1.0 0.0 0.0 145 72 56 0.950 4 21
0.000000 3.700000 0.000000 1.0 0.0 0.0 145 72 56 0.950 4 21
0.000000 3.800000 0.000000 1.0 0.0 0.0 145 72 56 0.950 4 21
0.000000 3.900000 0.000000 1.0 0.0 0.0 145 72 56 0.950 4 21
0.000000 4.000000 0.000000 1.0 0.0 0.0 145 72 56 0.950 4 21
0.000000 0.000000 -0.100000 1.0 0.0 0.0 145 72 56 0.950 4 21
0.000000 0.100000 -0.100000 1.0 0.0 0.0 145 72 56 0.950 4 21
0.000000 0.200000 -0.100000 1.0 0.0 0.0 145 72 56 0.950 4 21
0.000000 0.300000 -0.100000 1.0 0.0 0.0 145 72 56 0.950 4 21
0.000000 0.400000 -0.100000 1.0 0.0 0.0 145 72 56 0.950 4 21
0.000000 0.500000 -0.100000 1.0 0.0 0.0 145 72 56 0.950 4 21
0.000000 0.600000 -0.100000 1.0 0.0 0.0 145 72 56 0.950 4 21
0.000000 0.700000 -0.100000 1.0 0.0 0.0 145 72 56 0.950 4 21
0.000000 0.800000 -0.100000 1.0 0.0 0.0 145 72 56 0.950 4 21
0.000000 0.900000 -0.100000 1.0 0.0 0.0 145 72 56 0.950 4 21
0.000000 1.000000 -0.100000 1.0 0.0 0.0 145 72 56 0.950 4 21
0.000000 1.100000 -0.100000 1.0 0.0 0.0 145 72 56 0.950 4 21
0.000000 1.200000 -0.100000 1.0 0.0 0.0 145 72 56 0.950 4 21
0.000000 1.300000 -0.100000 1.0 0.0 0.0 145 72 56 0.950 4 21
0.000000 1.400000 -0.100000 1.0 0.0 0.0 145 72 56 0.950 4 21
0.000000 1.500000 -0.100000 1.0 0.0 0.0 145 72 56 0.950 4 21
0.000000 1.600000 -0.100000 1.0 0.0 0.0 145 72 56 0.950 4 21
0.000000 1.700000 -0.100000 1.0 0.0 0.0 145 72 56 0.950 4 21
0.000000 1.800000 -0.100000 1.0 0.0 0.0 145 72 56 0.950 4 21
0.000000 1.900000 -0.100000 1.0 0.0 0.0 145 72 56 0.950 4 21
0.000000 2.000000 -0.100000 1.0 0.0 0.0 145 72 56 0.950 4 21
0.000000 2.100000 -0.100000 1.0 0.0 0.0 145 72 56 0.950 4 21
0.000000 2.200000 -0.100000 1.0 0.0 0.0 145 72 56 0.950 4 21
0.000000 2.300000 -0.100000 1.0 0.0 0.0 145 72 56 0.950 4 21
0.000000 2.400000 -0.100000 1.0 0.0 0.0 145 72 56 0.950 4 21
0.000000 2.500000 -0.100000 1.0 0.0 0.0 145 72 56 0.950 4 21
0.000000 2.600000 -0.100000 1.0 0.0 0.0 145 72 56 0.950 4 21
0.000000 2.700000 -0.100000 1.0 0.0 0.0 145 72 56 0.950 4 21
0.000000 2.800000 -0.100000 1.0 0.0 0.0 145 72 56 0.950 4 21
0.000000 2.900000 -0.100000 1.0 0.0 0.0 145 72 56 0.950 4 21
0.000000 3.000000 -0.100000 1.0 0.0 0.0 145 72 56 0.950 4 21
0.000000 3.100000 -0.100000 1.0 0.0 0.0 145 72 56 0.950 4 21
0.000000 3.200000 -0.100000 1.0 0.0 0.0 145 72 56 0.950 4 21
0.000000 3.300000 -0.100000 1.0 0.0 0.0 145 72 56 0.950 4 21
0.000000 3.400000 -0.100000 1.0 0.0 0.0 145 72 56 0.950 4 21
0.000000 3.500000 -0.100000 1.0 0.0 0.0 145 72 56 0.950 4 21
0.000000 3.600000 -0.100000 1.0 0.0 0.0 145 72 56 0.950 4 21
0.000000 3.700000 -0.100000 1.0 0.0 0.0 145 72 56 0.950 4 21
0.000000 3.800000 -0.100000 1.0 0.0 0.0 145 72 56 0.950 4 21
0.000000 3.900000 -0.100000 1.0 0.0 0.0 145 72 56 0.950 4 21
0.000000 4.000000 -0.100000 1.0 0.0 0.0 145 72 56 0.950 4 21
0.000000 0.000000 -0.200000 1.0 0.0 0.0 145 72 56 0.950 4 21
0.000000 0.100000 -0.200000 1.0 0.0 0.0 145 72 56 0.950 4 21
0.000000 0.200000 -0.200000 1.0 0.0 0.0 145 72 56 0.950 4 21
0.000000 0.300000 -0.200000 1.0 0.0 0.0 145 72 56 0.950 4 21
0.000000 0.400000 -0.200000 1.0 0.0 0.0 145 72 56 0.950 4 21
0.000000 0.500000 -0.200000 1.0 0.0 0.0 145 72 56 0.950 4 21
0.000000 0.600000 -0.200000 1.0 0.0 0.0 145 72 56 0.950 4 21
0.000000 0.700000 -0.200000 1.0 0.0 0.0 145 72 56 0.950 4 21
0.000000 0.800000 -0.200000 1.0 0.0 0.0 145 72 56 0.950 4 21
0.000000 0.900000 -0.200000 1.0 0.0 0.0 145 72 56 0.950 4 21
0.000000 1.000000 -0.200000 1.0 0.0 0.0 145 72 56 0.950 4 21
0.000000 1.100000 -0.200000 1.0 0.0 0.0 145 72 56 0.950 4 21
0.000000 1.200000 -0.200000 1.0 0.0 0.0 145 72 56 0.950 4 21
0.000000 1.300000 -0.200000 1.0 0.0 0.0 145 72 56 0.950 4 21
0.000000 1.400000 -0.200000 1.0 0.0 0.0 145 72 56 0.950 4 21
0.000000 1.500000 -0.200000 1.0 0.0 0.0 145 72 56 0.950 4 21
0.000000 1.600000 -0.200000 1.0 0.0 0.0 145 72 56 0.950 4 21
0.000000 1.700000 -0.200000 1.0 0.0 0.0 145 72 56 0.950 4 21
0.000000 1.800000 -0.200000 1.0 0.0 0.0 145 72 56 0.950 4 21
0.000000 1.900000 -0.200000 1.0 0.0 0.0 145 72 56 0.950 4 21
0.000000 2.000000 -0.200000 1.0 0.0 0.0 145 72 56 0.950 4 21
0.000000 2.100000 -0.200000 1.0 0.0 0.0 145 72 56 0.950 4 21
0.000000 2.200000 -0.200000 1.0 0.0 0.0 145 72 56 0.950 4 21
0.000000 2.300000 -0.200000 1.0 0.0 0.0 145 72 56 0.950 4 21
0.000000 2.400000 -0.200000 1.0 0.0 0.0 145 72 56 0.950 4 21
0.000000 2.500000 -0.200000 1.0 0.0 0.0 145 72 56 0.950 4 21
0.000000 2.600000 -0.200000 1.0 0.0 0.0 145 72 56 0.950 4 21
0.000000 2.700000 -0.200000 1.0 0.0 0.0 145 72 56 0.950 4 21
0.000000 2.800000 -0.200000 1.0 0.0 0.0 145 72 56 0.950 4 21
0.000000 2.900000 -0.200000 1.0 0.0 0.0 145 72 56 0.950 4 21
0.000000 3.000000 -0.200000 1.0 0.0 0.0 145 72 56 0.950 4 21
0.000000 3.100000 -0.200000 1.0 0.0 0.0 145 72 56 0.950 4 21
0.000000 3.200000 -0.200000 1.0 0.0 0.0 145 72 56 0.950 4 21
0.000000 3.300000 -0.200000 1.0 0.0 0.0 145 72 56 0.950 4 21
0.000000 3.400000 -0.200000 1.0 0.0 0.0 145 72 56 0.950 4 21
0.000000 3.500000 -0.200000 1.0 0.0 0.0 145 72 56 0.950 4 21
0.000000 3.600000 -0.200000 1.0 0.0 0.0 145 72 56 0.950 4 21
0.000000 3.700000 -0.200000 1.0 0.0 0.0 145 72 56 0.950 4 21
0.000000 3.800000 -0.200000 1.0 0.0 0.0 145 72 56 0.950 4 21
0.000000 3.900000 -0.200000 1.0 0.0 0.0 145 72 56 0.950 4 21
0.000000 4.000000 -0.200000 1.0 0.0 0.0 145 72 56 0.950 4 21
0.000000 0.000000 -0.300000 1.0 0.0 0.0 145 72 56 0.950 4 21
0.000000 0.100000 -0.300000 1.0 0.0 0.0 145 72 56 0.950 4 21
0.000000 0.200000 -0.300000 1.0 0.0 0.0 145 72 56 0.950 4 21
0.000000 0.300000 -0.300000 1.0 0.0 0.0 145 72 56 0.950 4 21
0.000000 0.400000 -0.300000 1.0 0.0 0.0 145 72 56 0.950 4 21
0.000000 0.500000 -0.300000 1.0 0.0 0.0 145 72 56 0.950 4 21
0.000000 0.600000 -0.300000 1.0 0.0 0.0 145 72 56 0.950 4 21
0.000000 0.700000 -0.300000 1.0 0.0 0.0 145 72 56 0.950 4 21
0.000000 0.800000 -0.300000 1.0 0.0 0.0 145 72 56 0.950 4 21
0.000000 0.900000 -0.300000 1.0 0.0 0.0 145 72 56 0.950 4 21
0.000000 1.000000 -0.300000 1.0 0.0 0.0 145 72 56 0.950 4 21
0.000000 1.100000 -0.300000 1.0 0.0 0.0 145 72 56 0.950 4 21
0.000000 1.200000 -0.300000 1.0 0.0 0.0 145 72 56 0.950 4 21
0.000000 1.300000 -0.300000 1.0 0.0 0.0 145 72 56 0.950 4 21
0.000000 1.400000 -0.300000 1.0 0.0 0.0 145 72 56 0.950 4 21
0.000000 1.500000 -0.300000 1.0 0.0 0.0 145 72 56 0.950 4 21
0.000000 1.600000 -0.300000 1.0 0.0 0.0 145 72 56 0.950 4 21
0.000000 1.700000 -0.300000 1.0 0.0 0.0 145 72 56 0.950 4 21
0.000000 1.800000 -0.300000 1.0 0.0 0.0 145 72 56 0.950 4 21
0.000000 1.900000 -0.300000 1.0 0.0 0.0 145 72 56 0.950 4 21
0.000000 2.000000 -0.300000 1.0 0.0 0.0 145 72 56 0.950 4 21
0.000000 2.100000 -0.300000 1.0 0.0 0.0 145 72 56 0.950 4 21
0.000000 2.200000 -0.300000 1.0 0.0 0.0 145 72 56 0.950 4 21
0.000000 2.300000 -0.300000 1.0 0.0 0.0 145 72 56 0.950 4 21
0.000000 2.400000 -0.300000 1.0 0.0 0.0 145 72 56 0.950 4 21
0.000000 2.500000 -0.300000 1.0 0.0 0.0 145 72 56 0.950 4 21
0.000000 2.600000 -0.300000 1.0 0.0 0.0 145 72 56 0.950 4 21
0.000000 2.700000 -0.300000 1.0 0.0 0.0 145 72 56 0.950 4 21
0.000000 2.800000 -0.300000 1.0 0.0 0.0 145 72 56 0.950 4 21
0.000000 2.900000 -0.300000 1.0 0.0 0.0 145 72 56 0.950 4 21
0.000000 3.000000 -0.300000 1.0 0.0 0.0 145 72 56 0.950 4 21
0.000000 3.100000 -0.300000 1.0 0.0 0.0 145 72 56 0.950 4 21
0.000000 3.200000 -0.300000 1.0 0.0 0.0 145 72 56 0.950 4 21
0.000000 3.300000 -0.300000 1.0 0.0 0.0 145 72 56 0.950 4 21
0.000000 3.400000 -0.300000 1.0 0.0 0.0 145 72 56 0.950 4 21
0.000000 3.500000 -0.300000 1.0 0.0 0.0 145 72 56 0.950 4 21
0.000000 3.600000 -0.300000 1.0 0.0 0.0 145 72 56 0.950 4 21
0.000000 3.700000 -0.300000 1.0 0.0 0.0 145 72 56 0.950 4 21
0.000000 3.800000 -0.300000 1.0 0.0 0.0 145 72 56 0.950 4 21
0.000000 3.900000 -0.300000 1.0 0.0 0.0 145 72 56 0.950 4 21
0.000000 4.000000 -0.300000 1.0 0.0 0.0 145 72 56 0.950 4 21
0.000000 0.000000 -0.400000 1.0 0.0 0.0 145 72 56 0.950 4 21
0.000000 0.100000 -0.400000 1.0 0.0 0.0 145 72 56 0.950 4 21
0.000000 0.200000 -0.400000 1.0 0.0 0.0 145 72 56 0.950 4 21
0.000000 0.300000 -0.400000 1.0 0.0 0.0 145 72 56 0.950 4 21
0.000000 0.400000 -0.400000 1.0 0.0 0.0 145 72 56 0.950 4 21
0.000000 0.500000 -0.400000 1.0 0.0 0.0 145 72 56 0.950 4 21
0.000000 0.600000 -0.400000 1.0 0.0 0.0 145 72 56 0.950 4 21
0.000000 0.700000 -0.400000 1.0 0.0 0.0 145 72 56 0.950 4 21
0.000000 0.800000 -0.400000 1.0 0.0 0.0 145 72 56 0.950 4 21
0.000000 0.900000 -0.400000 1.0 0.0 0.0 145 72 56 0.950 4 21
0.000000 1.000000 -0.400000 1.0 0.0 0.0 145 72 56 0.950 4 21
0.000000 1.100000 -0.400000 1.0 0.0 0.0 145 72 56 0.950 4 21
0.000000 1.200000 -0.400000 1.0 0.0 0.0 145 72 56 0.950 4 21
0.000000 1.300000 -0.400000 1.0 0.0 0.0 145 72 56 0.950 4 21
0.000000 1.400000 -0.400000 1.0 0.0 0.0 145 72 56 0.950 4 21
0.000000 1.500000 -0.400000 1.0 0.0 0.0 145 72 56 0.950 4 21
0.000000 1.600000 -0.400000 1.0 0.0 0.0 145 72 56 0.950 4 21
0.000000 1.700000 -0.400000 1.0 0.0 0.0 145 72 56 0.950 4 21
0.000000 1.800000 -0.400000 1.0 0.0 0.0 145 72 56 0.950 4 21
0.000000 1.900000 -0.400000 1.0 0.0 0.0 145 72 56 0.950 4 21
0.000000 2.000000 -0.400000 1.0 0.0 0.0 145 72 56 0.950 4 21
0.000000 2.100000 -0.400000 1.0 0.0 0.0 145 72 56 0.950 4 21
0.000000 2.200000 -0.400000 1.0 0.0 0.0 145 72 56 0.950 4 21
0.000000 2.300000 -0.400000 1.0 0.0 0.0 145 72 56 0.950 4 21
0.000000 2.400000 -0.400000 1.0 0.0 0.0 145 72 56 0.950 4 21
0.000000 2.500000 -0.400000 1.0 0.0 0.0 145 72 56 0.950 4 21
0.000000 2.600000 -0.400000 1.0 0.0 0.0 145 72 56 0.950 4 21
0.000000 2.700000 -0.400000 1.0 0.0 0.0 145 72 56 0.950 4 21
0.000000 2.800000 -0.400000 1.0 0.0 0.0 145 72 56 0.950 4 21
0.000000 2.900000 -0.400000 1.0 0.0 0.0 145 72 56 0.950 4 21
0.000000 3.000000 -0.400000 1.0 0.0 0.0 145 72 56 0.950 4 21
0.000000 3.100000 -0.400000 1.0 0.0 0.0 145 72 56 0.950 4 21
0.000000 3.200000 -0.400000 1.0 0.0 0.0 145 72 56 0.950 4 21
0.000000 3.300000 -0.400000 1.0 0.0 0.0 145 72 56 0.950 4 21
0.000000 3.400000 -0.400000 1.0 0.0 0.0 145 72 56 0.950 4 21
0.000000 3.500000 -0.400000 1.0 0.0 0.0 145 72 56 0.950 4 21
0.000000 3.600000 -0.400000 1.0 0.0 0.0 145 72 56 0.950 4 21
0.000000 3.700000 -0.400000 1.0 0.0 0.0 145 72 56 0.950 4 21
0.000000 3.800000 -0.400000 1.0 0.0 0.0 145 72 56 0.950 4 21
0.000000 3.900000 -0.400000 1.0 0.0 0.0 145 72 56 0.950 4 21
0.000000 4.000000 -0.400000 1.0 0.0 0.0 145 72 56 0.950 4 21
0.000000 0.000000 -0.500000 1.0 0.0 0.0 145 72 56 0.950 4 21
0.000000 0.100000 -0.500000 1.0 0.0 0.0 145 72 56 0.950 4 21
0.000000 0.200000 -0.500000 1.0 0.0 0.0 145 72 56 0.950 4 21
0.000000 0.300000 -0.500000 1.0 0.0 0.0 145 72 56 0.950 4 21
0.000000 0.400000 -0.500000 1.0 0.0 0.0 145 72 56 0.950 4 21
0.000000 0.500000 -0.500000 1.0 0.0 0.0 145 72 56 0.950 4 21
0.000000 0.600000 -0.500000 1.0 0.0 0.0 145 72 56 0.950 4 21
0.000000 0.700000 -0.500000 1.0 0.0 0.0 145 72 56 0.950 4 21
0.000000 0.800000 -0.500000 1.0 0.0 0.0 145 72 56 0.950 4 21
0.000000 0.900000 -0.500000 1.0 0.0 0.0 145 72 56 0.950 4 21
0.000000 1.000000 -0.500000 1.0 0.0 0.0 145 72 56 0.950 4 21
0.000000 1.100000 -0.500000 1.0 0.0 0.0 145 72 56 0.950 4 21
0.000000 1.200000 -0.500000 1.0 0.0 0.0 145 72 56 0.950 4 21
0.000000 1.300000 -0.500000 1.0 0.0 0.0 145 72 56 0.950 4 21
0.000000 1.400000 -0.500000 1.0 0.0 0.0 145 72 56 0.950 4 21
0.000000 1.500000 -0.500000 1.0 0.0 0.0 145 72 56 0.950 4 21
0.000000 1.600000 -0.500000 1.0 0.0 0.0 145 72 56 0.950 4 21
0.000000 1.700000 -0.500000 1.0 0.0 0.0 145 72 56 0.950 4 21
0.000000 1.800000 -0.500000 1.0 0.0 0.0 145 72 56 0.950 4 21
0.000000 1.900000 -0.500000 1.0 0.0 0.0 145 72 56 0.950 4 21
0.000000 2.000000 -0.500000 1.0 0.0 0.0 145 72 56 0.950 4 21
0.000000 2.100000 -0.500000 1.0 0.0 0.0 145 72 56 0.950 4 21
0.000000 2.200000 -0.500000 1.0 0.0 0.0 145 72 56 0.950 4 21
0.000000 2.300000 -0.500000 1.0 0.0 0.0 145 72 56 0.950 4 21
0.000000 2.400000 -0.500000 1.0 0.0 0.0 145 72 56 0.950 4 21
0.000000 2.500000 -0.500000 1.0 0.0 0.0 145 72 56 0.950 4 21
0.000000 2.600000 -0.500000 1.0 0.0 0.0 145 72 56 0.950 4 21
0.000000 2.700000 -0.500000 1.0 0.0 0.0 145 72 56 0.950 4 21
0.000000 2.800000 -0.500000 1.0 0.0 0.0 145 72 56 0.950 4 21
0.000000 2.900000 -0.500000 1.0 0.0 0.0 145 72 56 0.950 4 21
0.000000 3.000000 -0.500000 1.0 0.0 0.0 145 72 56 0.950 4 21
0.000000 3.100000 -0.500000 1.0 0.0 0.0 145 72 56 0.950 4 21
0.000000 3.200000 -0.500000 1.0 0.0 0.0 145 72 56 0.950 4 21
0.000000 3.300000 -0.500000 1.0 0.0 0.0 145 72 56 0.950 4 21
0.000000 3.400000 -0.500000 1.0 0.0 0.0 145 72 56 0.950 4 21
0.000000 3.500000 -0.500000 1.0 0.0 0.0 145 72 56 0.950 4 21
0.000000 3.600000 -0.500000 1.0 0.0 0.0 145 72 56 0.950 4 21
0.000000 3.700000 -0.500000 1.0 0.0 0.0 145 72 56 0.950 4 21
0.000000 3.800000 -0.500000 1.0 0.0 0.0 145 72 56 0.950 4 21
0.000000 3.900000 -0.500000 1.0 0.0 0.0 145 72 56 0.950 4 21
0.000000 4.000000 -0.500000 1.0 0.0 0.0 145 72 56 0.950 4 21
0.000000 0.000000 -0.600000 1.0 0.0 0.0 145 72 56 0.950 4 21
0.000000 0.100000 -0.600000 1.0 0.0 0.0 145 72 56 0.950 4 21
0.000000 0.200000 -0.600000 1.0 0.0 0.0 145 72 56 0.950 4 21
0.000000 0.300000 -0.600000 1.0 0.0 0.0 145 72 56 0.950 4 21
0.000000 0.400000 -0.600000 1.0 0.0 0.0 145 72 56 0.950 4 21
0.000000 0.500000 -0.600000 1.0 0.0 0.0 145 72 56 0.950 4 21
0.000000 0.600000 -0.600000 1.0 0.0 0.0 145 72 56 0.950 4 21
0.000000 0.700000 -0.600000 1.0 0.0 0.0 145 72 56 0.950 4 21
0.000000 0.800000 -0.600000 1.0 0.0 0.0 145 72 56 0.950 4 21
0.000000 0.900000 -0.600000 1.0 0.0 0.0 145 72 56 0.950 4 21
0.000000 1.000000 -0.600000 1.0 0.0 0.0 145 72 56 0.950 4 21
0.000000 1.100000 -0.600000 1.0 0.0 0.0 145 72 56 0.950 4 21
0.000000 1.200000 -0.600000 1.0 0.0 0.0 145 72 56 0.950 4 21
0.000000 1.300000 -0.600000 1.0 0.0 0.0 145 72 56 0.950 4 21
0.000000 1.400000 -0.600000 1.0 0.0 0.0 145 72 56 0.950 4 21
0.000000 1.500000 -0.600000 1.0 0.0 0.0 145 72 56 0.950 4 21
0.000000 1.600000 -0.600000 1.0 0.0 0.0 145 72 56 0.950 4 21
0.000000 1.700000 -0.600000 1.0 0.0 0.0 145 72 56 0.950 4 21
0.000000 1.800000 -0.600000 1.0 0.0 0.0 145 72 56 0.950 4 21
0.000000 1.900000 -0.600000 1.0 0.0 0.0 145 72 56 0.950 4 21
0.000000 2.000000 -0.600000 1.0 0.0 0.0 145 72 56 0.950 4 21
0.000000 2.100000 -0.600000 1.0 0.0 0.0 145 72 56 0.950 4 21
0.000000 2.200000 -0.600000 1.0 0.0 0.0 145 72 56 0.950 4 21
0.000000 2.300000 -0.600000 1.0 0.0 0.0 145 72 56 0.950 4 21
0.000000 2.400000 -0.600000 1.0 0.0 0.0 145 72 56 0.950 4 21
0.000000 2.500000 -0.600000 1.0 0.0 0.0 145 72 56 0.950 4 21
0.000000 2.600000 -0.600000 1.0 0.0 0.0 145 72 56 0.950 4 21
0.000000 2.700000 -0.600000 1.0 0.0 0.0 145 72 56 0.950 4 21
0.000000 2.800000 -0.600000 1.0 0.0 0.0 145 72 56 0.950 4 21
0.000000 2.900000 -0.600000 1.0 0.0 0.0 145 72 56 0.950 4 21
0.000000 3.000000 -0.600000 1.0 0.0 0.0 145 72 56 0.950 4 21
0.000000 3.100000 -0.600000 1.0 0.0 0.0 145 72 56 0.950 4 21
0.000000 3.200000 -0.600000 1.0 0.0 0.0 145 72 56 0.950 4 21
0.000000 3.300000 -0.600000 1.0 0.0 0.0 145 72 56 0.950 4 21
0.000000 3.400000 -0.600000 1.0 0.0 0.0 145 72 56 0.950 4 21
0.000000 3.500000 -0.600000 1.0 0.0 0.0 145 72 56 0.950 4 21
0.000000 3.600000 -0.600000 1.0 0.0 0.0 145 72 56 0.950 4 21
0.000000 3.700000 -0.600000 1.0 0.0 0.0 145 72 56 0.950 4 21
0.000000 3.800000 -0.600000 1.0 0.0 0.0 145 72 56 0.950 4 21
0.000000 3.900000 -0.600000 1.0 0.0 0.0 145 72 56 0.950 4 21
0.000000 4.000000 -0.600000 1.0 0.0 0.0 145 72 56 0.950 4 21
0.000000 0.000000 -0.700000 1.0 0.0 0.0 145 72 56 0.950 4 21
0.000000 0.100000 -0.700000 1.0 0.0 0.0 145 72 56 0.950 4 21
0.000000 0.200000 -0.700000 1.0 0.0 0.0 145 72 56 0.950 4 21
0.000000 0.300000 -0.700000 1.0 0.0 0.0 145 72 56 0.950 4 21
0.000000 0.400000 -0.700000 1.0 0.0 0.0 145 72 56 0.950 4 21
0.000000 0.500000 -0.700000 1.0 0.0 0.0 145 72 56 0.950 4 21
0.000000 0.600000 -0.700000 1.0 0.0 0.0 145 72 56 0.950 4 21
0.000000 0.700000 -0.700000 1.0 0.0 0.0 145 72 56 0.950 4 21
0.000000 0.800000 -0.700000 1.0 0.0 0.0 145 72 56 0.950 4 21
0.000000 0.900000 -0.700000 1.0 0.0 0.0 145 72 56 0.950 4 21
0.000000 1.000000 -0.700000 1.0 0.0 0.0 145 72 56 0.950 4 21
0.000000 1.100000 -0.700000 1.0 0.0 0.0 145 72 56 0.950 4 21
0.000000 1.200000 -0.700000 1.0 0.0 0.0 145 72 56 0.950 4 21
0.000000 1.300000 -0.700000 1.0 0.0 0.0 145 72 56 0.950 4 21
0.000000 1.400000 -0.700000 1.0 0.0 0.0 145 72 56 0.950 4 21
0.000000 1.500000 -0.700000 1.0 0.0 0.0 145 72 56 0.950 4 21
0.000000 1.600000 -0.700000 1.0 0.0 0.0 145 72 56 0.950 4 21
0.000000 1.700000 -0.700000 1.0 0.0 0.0 145 72 56 0.950 4 21
0.000000 1.800000 -0.700000 1.0 0.0 0.0 145 72 56 0.950 4 21
0.000000 1.900000 -0.700000 1.0 0.0 0.0 145 72 56 0.950 4 21
0.000000 2.000000 -0.700000 1.0 0.0 0.0 145 72 56 0.950 4 21
0.000000 2.100000 -0.700000 1.0 0.0 0.0 145 72 56 0.950 4 21
0.000000 2.200000 -0.700000 1.0 0.0 0.0 145 72 56 0.950 4 21
0.000000 2.300000 -0.700000 1.0 0.0 0.0 145 72 56 0.950 4 21
0.000000 2.400000 -0.700000 1.0 0.0 0.0 145 72 56 0.950 4 21
0.000000 2.500000 -0.700000 1.0 0.0 0.0 145 72 56 0.950 4 21
0.000000 2.600000 -0.700000 1.0 0.0 0.0 145 72 56 0.950 4 21
0.000000 2.700000 -0.700000 1.0 0.0 0.0 145 72 56 0.950 4 21
0.000000 2.800000 -0.700000 1.0 0.0 0.0 145 72 56 0.950 4 21
0.000000 2.900000 -0.700000 1.0 0.0 0.0 145 72 56 0.950 4 21
0.000000 3.000000 -0.700000 1.0 0.0 0.0 145 72 56 0.950 4 21
0.000000 3.100000 -0.700000 1.0 0.0 0.0 145 72 56 0.950 4 21
0.000000 3.200000 -0.700000 1.0 0.0 0.0 145 72 56 0.950 4 21
0.000000 3.300000 -0.700000 1.0 0.0 0.0 145 72 56 0.950 4 21
0.000000 3.400000 -0.700000 1.0 0.0 0.0 145 72 56 0.950 4 21
0.000000 3.500000 -0.700000 1.0 0.0 0.0 145 72 56 0.950 4 21
0.000000 3.600000 -0.700000 1.0 0.0 0.0 145 72 56 0.950 4 21
0.000000 3.700000 -0.700000 1.0 0.0 0.0 145 72 56 0.950 4 21
0.000000 3.800000 -0.700000 1.0 0.0 0.0 145 72 56 0.950 4 21
0.000000 3.900000 -0.700000 1.0 0.0 0.0 145 72 56 0.950 4 21
0.000000 4.000000 -0.700000 1.0 0.0 0.0 145 72 56 0.950 4 21
0.000000 0.000000 -0.800000 1.0 0.0 0.0 145 72 56 0.950 4 21
0.000000 0.100000 -0.800000 1.0 0.0 0.0 145 72 56 0.950 4 21
0.000000 0.200000 -0.800000 1.0 0.0 0.0 145 72 56 0.950 4 21
0.000000 0.300000 -0.800000 1.0 0.0 0.0 145 72 56 0.950 4 21
0.000000 0.400000 -0.800000 1.0 0.0 0.0 145 72 56 0.950 4 21
0.000000 0.500000 -0.800000 1.0 0.0 0.0 145 72 56 0.950 4 21
0.000000 0.600000 -0.800000 1.0 0.0 0.0 145 72 56 0.950 4 21
0.000000 0.700000 -0.800000 1.0 0.0 0.0 145 72 56 0.950 4 21
0.000000 0.800000 -0.800000 1.0 0.0 0.0 145 72 56 0.950 4 21
0.000000 0.900000 -0.800000 1.0 0.0 0.0 145 72 56 0.950 4 21
0.000000 1.000000 -0.800000 1.0 0.0 0.0 145 72 56 0.950 4 21
0.000000 1.100000 -0.800000 1.0 0.0 0.0 145 72 56 0.950 4 21
0.000000 1.200000 -0.800000 1.0 0.0 0.0 145 72 56 0.950 4 21
0.000000 1.300000 -0.800000 1.0 0.0 0.0 145 72 56 0.950 4 21
0.000000 1.400000 -0.800000 1.0 0.0 0.0 145 72 56 0.950 4 21
0.000000 1.500000 -0.800000 1.0 0.0 0.0 145 72 56 0.950 4 21
0.000000 1.600000 -0.800000 1.0 0.0 0.0 145 72 56 0.950 4 21
0.000000 1.700000 -0.800000 1.0 0.0 0.0 145 72 56 0.950 4 21
0.000000 1.800000 -0.800000 1.0 0.0 0.0 145 72 56 0.950 4 21
0.000000 1.900000 -0.800000 1.0 0.0 0.0 145 72 56 0.950 4 21
0.000000 2.000000 -0.800000 1.0 0.0 0.0 145 72 56 0.950 4 21
0.000000 2.100000 -0.800000 1.0 0.0 0.0 145 72 56 0.950 4 21
0.000000 2.200000 -0.800000 1.0 0.0 0.0 145 72 56 0.950 4 21
0.000000 2.300000 -0.800000 1.0 0.0 0.0 145 72 56 0.950 4 21
0.000000 2.400000 -0.800000 1.0 0.0 0.0 145 72 56 0.950 4 21
0.000000 2.500000 -0.800000 1.0 0.0 0.0 145 72 56 0.950 4 21
0.000000 2.600000 -0.800000 1.0 0.0 0.0 145 72 56 0.950 4 21
0.000000 2.700000 -0.800000 1.0 0.0 0.0 145 72 56 0.950 4 21
0.000000 2.800000 -0.800000 1.0 0.0 0.0 145 72 56 0.950 4 21
0.000000 2.900000 -0.800000 1.0 0.0 0.0 145 72 56 0.950 4 21
0.000000 3.000000 -0.800000 1.0 0.0 0.0 145 72 56 0.950 4 21
0.000000 3.100000 -0.800000 1.0 0.0 0.0 145 72 56 0.950 4 21
0.000000 3.200000 -0.800000 1.0 0.0 0.0 145 72 56 0.950 4 21
0.000000 3.300000 -0.800000 1.0 0.0 0.0 145 72 56 0.950 4 21
0.000000 3.400000 -0.800000 1.0 0.0 0.0 145 72 56 0.950 4 21
0.000000 3.500000 -0.800000 1.0 0.0 0.0 145 72 56 0.950 4 21
0.000000 3.600000 -0.800000 1.0 0.0 0.0 145 72 56 0.950 4 21
0.000000 3.700000 -0.800000 1.0 0.0 0.0 145 72 56 0.950 4 21
0.000000 3.800000 -0.800000 1.0 0.0 0.0 145 72 56 0.950 4 21
0.000000 3.900000 -0.800000 1.0 0.0 0.0 145 72 56 0.950 4 21
0.000000 4.000000 -0.800000 1.0 0.0 0.0 145 72 56 0.950 4 21
0.000000 0.000000 -0.900000 1.0 0.0 0.0 145 72 56 0.950 4 21
0.000000 0.100000 -0.900000 1.0 0.0 0.0 145 72 56 0.950 4 21
0.000000 0.200000 -0.900000 1.0 0.0 0.0 145 72 56 0.950 4 21
0.000000 0.300000 -0.900000 1.0 0.0 0.0 145 72 56 0.950 4 21
0.000000 0.400000 -0.900000 1.0 0.0 0.0 145 72 56 0.950 4 21
0.000000 0.500000 -0.900000 1.0 0.0 0.0 145 72 56 0.950 4 21
0.000000 0.600000 -0.900000 1.0 0.0 0.0 145 72 56 0.950 4 21
0.000000 0.700000 -0.900000 1.0 0.0 0.0 145 72 56 0.950 4 21
0.000000 0.800000 -0.900000 1.0 0.0 0.0 145 72 56 0.950 4 21
0.000000 0.900000 -0.900000 1.0 0.0 0.0 145 72 56 0.950 4 21
0.000000 1.000000 -0.900000 1.0 0.0 0.0 145 72 56 0.950 4 21
0.000000 1.100000 -0.900000 1.0 0.0 0.0 145 72 56 0.950 4 21
0.000000 1.200000 -0.900000 1.0 0.0 0.0 145 72 56 0.950 4 21
0.000000 1.300000 -0.900000 1.0 0.0 0.0 145 72 56 0.950 4 21
0.000000 1.400000 -0.900000 1.0 0.0 0.0 145 72 56 0.950 4 21
0.000000 1.500000 -0.900000 1.0 0.0 0.0 145 72 56 0.950 4 21
0.000000 1.600000 -0.900000 1.0 0.0 0.0 145 72 56 0.950 4 21
0.000000 1.700000 -0.900000 1.0 0.0 0.0 145 72 56 0.950 4 21
0.000000 1.800000 -0.900000 1.0 0.0 0.0 145 72 56 0.950 4 21
0.000000 1.900000 -0.900000 1.0 0.0 0.0 145 72 56 0.950 4 21
0.000000 2.000000 -0.900000 1.0 0.0 0.0 145 72 56 0.950 4 21
0.000000 2.100000 -0.900000 1.0 0.0 0.0 145 72 56 0.950 4 21
0.000000 2.200000 -0.900000 1.0 0.0 0.0 145 72 56 0.950 4 21
0.000000 2.300000 -0.900000 1.0 0.0 0.0 145 72 56 0.950 4 21
0.000000 2.400000 -0.900000 1.0 0.0 0.0 145 72 56 0.950 4 21
0.000000 2.500000 -0.900000 1.0 0.0 0.0 145 72 56 0.950 4 21
0.000000 2.600000 -0.900000 1.0 0.0 0.0 145 72 56 0.950 4 21
0.000000 2.700000 -0.900000 1.0 0.0 0.0 145 72 56 0.950 4 21
0.000000 2.800000 -0.900000 1.0 0.0 0.0 145 72 56 0.950 4 21
0.000000 2.900000 -0.900000 1.0 0.0 0.0 145 72 56 0.950 4 21
0.000000 3.000000 -0.900000 1.0 0.0 0.0 145 72 56 0.950 4 21
0.000000 3.100000 -0.900000 1.0 0.0 0.0 145 72 56 0.950 4 21
0.000000 3.200000 -0.900000 1.0 0.0 0.0 145 72 56 0.950 4 21
0.000000 3.300000 -0.900000 1.0 0.0 0.0 145 72 56 0.950 4 21
0.000000 3.400000 -0.900000 1.0 0.0 0.0 145 72 56 0.950 4 21
0.000000 3.500000 -0.900000 1.0 0.0 0.0 145 72 56 0.950 4 21
0.000000 3.600000 -0.900000 1.0 0.0 0.0 145 72 56 0.950 4 21
0.000000 3.700000 -0.900000 1.0 0.0 0.0 145 72 56 0.950 4 21
0.000000 3.800000 -0.900000 1.0 0.0 0.0 145 72 56 0.950 4 21
0.000000 3.900000 -0.900000 1.0 0.0 0.0 145 72 56 0.950 4 21
0.000000 4.000000 -0.900000 1.0 0.0 0.0 145 72 56 0.950 4 21
0.000000 0.000000 -1.000000 1.0 0.0 0.0 145 72 56 0.950 4 21
0.000000 0.100000 -1.000000 1.0 0.0 0.0 145 72 56 0.950 4 21
0.000000 0.200000 -1.000000 1.0 0.0 0.0 145 72 56 0.950 4 21
0.000000 0.300000 -1.000000 1.0 0.0 0.0 145 72 56 0.950 4 21
0.000000 0.400000 -1.000000 1.0 0.0 0.0 145 72 56 0.950 4 21
0.000000 0.500000 -1.000000 1.0 0.0 0.0 145 72 56 0.950 4 21
0.000000 0.600000 -1.000000 1.0 0.0 0.0 145 72 56 0.950 4 21
0.000000 0.700000 -1.000000 1.0 0.0 0.0 145 72 56 0.950 4 21
0.000000 0.800000 -1.000000 1.0 0.0 0.0 145 72 56 0.950 4 21
0.000000 0.900000 -1.000000 1.0 0.0 0.0 145 72 56 0.950 4 21
0.000000 1.000000 -1.000000 1.0 0.0 0.0 145 72 56 0.950 4 21
0.000000 1.100000 -1.000000 1.0 0.0 0.0 145 72 56 0.950 4 21
0.000000 1.200000 -1.000000 1.0 0.0 0.0 145 72 56 0.950 4 21
0.000000 1.300000 -1.000000 1.0 0.0 0.0 145 72 56 0.950 4 21
0.000000 1.400000 -1.000000 1.0 0.0 0.0 145 72 56 0.950 4 21
0.000000 1.500000 -1.000000 1.0 0.0 0.0 145 72 56 0.950 4 21
0.000000 1.600000 -1.000000 1.0 0.0 0.0 145 72 56 0.950 4 21
0.000000 1.700000 -1.000000 1.0 0.0 0.0 145 72 56 0.950 4 21
0.000000 1.800000 -1.000000 1.0 0.0 0.0 145 72 56 0.950 4 21
0.000000 1.900000 -1.000000 1.0 0.0 0.0 145 72 56 0.950 4 21
0.000000 2.000000 -1.000000 1.0 0.0 0.0 145 72 56 0.950 4 21
0.000000 2.100000 -1.000000 1.0 0.0 0.0 145 72 56 0.950 4 21
0.000000 2.200000 -1.000000 1.0 0.0 0.0 145 72 56 0.950 4 21
0.000000 2.300000 -1.000000 1.0 0.0 0.0 145 72 56 0.950 4 21
0.000000 2.400000 -1.000000 1.0 0.0 0.0 145 72 56 0.950 4 21
0.000000 2.500000 -1.000000 1.0 0.0 0.0 145 72 56 0.950 4 21
0.000000 2.600000 -1.000000 1.0 0.0 0.0 145 72 56 0.950 4 21
0.000000 2.700000 -1.000000 1.0 0.0 0.0 145 72 56 0.950 4 21
0.000000 2.800000 -1.000000 1.0 0.0 0.0 145 72 56 0.950 4 21
0.000000 2.900000 -1.000000 1.0 0.0 0.0 145 72 56 0.950 4 21
0.000000 3.000000 -1.000000 1.0 0.0 0.0 145 72 56 0.950 4 21
0.000000 3.100000 -1.000000 1.0 0.0 0.0 145 72 56 0.950 4 21
0.000000 3.200000 -1.000000 1.0 0.0 0.0 145 72 56 0.950 4 21
0.000000 3.300000 -1.000000 1.0 0.0 0.0 145 72 56 0.950 4 21
0.000000 3.400000 -1.000000 1.0 0.0 0.0 145 72 56 0.950 4 21
0.000000 3.500000 -1.000000 1.0 0.0 0.0 145 72 56 0.950 4 21
0.000000 3.600000 -1.000000 1.0 0.0 0.0 145 72 56 0.950 4 21
0.000000 3.700000 -1.000000 1.0 0.0 0.0 145 72 56 0.950 4 21
0.000000 3.800000 -1.000000 1.0 0.0 0.0 145 72 56 0.950 4 21
0.000000 3.900000 -1.000000 1.0 0.0 0.0 145 72 56 0.950 4 21
0.000000 4.000000 -1.000000 1.0 0.0 0.0 145 72 56 0.950 4 21
0.000000 0.000000 -1.100000 1.0 0.0 0.0 145 72 56 0.950 4 21
0.000000 0.100000 -1.100000 1.0 0.0 0.0 145 72 56 0.950 4 21
0.000000 0.200000 -1.100000 1.0 0.0 0.0 145 72 56 0.950 4 21
0.000000 0.300000 -1.100000 1.0 0.0 0.0 145 72 56 0.950 4 21
0.000000 0.400000 -1.100000 1.0 0.0 0.0 145 72 56 0.950 4 21
0.000000 0.500000 -1.100000 1.0 0.0 0.0 145 72 56 0.950 4 21
0.000000 0.600000 -1.100000 1.0 0.0 0.0 145 72 56 0.950 4 21
0.000000 0.700000 -1.100000 1.0 0.0 0.0 145 72 56 0.950 4 21
0.000000 0.800000 -1.100000 1.0 0.0 0.0 145 72 56 0.950 4 21
0.000000 0.900000 -1.100000 1.0 0.0 0.0 145 72 56 0.950 4 21
0.000000 1.000000 -1.100000 1.0 0.0 0.0 145 72 56 0.950 4 21
0.000000 1.100000 -1.100000 1.0 0.0 0.0 145 72 56 0.950 4 21
0.000000 1.200000 -1.100000 1.0 0.0 0.0 145 72 56 0.950 4 21
0.000000 1.300000 -1.100000 1.0 0.0 0.0 145 72 56 0.950 4 21
0.000000 1.400000 -1.100000 1.0 0.0 0.0 145 72 56 0.950 4 21
0.000000 1.500000 -1.100000 1.0 0.0 0.0 145 72 56 0.950 4 21
0.000000 1.600000 -1.100000 1.0 0.0 0.0 145 72 56 0.950 4 21
0.000000 1.700000 -1.100000 1.0 0.0 0.0 145 72 56 0.950 4 21
0.000000 1.800000 -1.100000 1.0 0.0 0.0 145 72 56 0.950 4 21
0.000000 1.900000 -1.100000 1.0 0.0 0.0 145 72 56 0.950 4 21
0.000000 2.000000 -1.100000 1.0 0.0 0.0 145 72 56 0.950 4 21
0.000000 2.100000 -1.100000 1.0 0.0 0.0 145 72 56 0.950 4 21
0.000000 2.200000 -1.100000 1.0 0.0 0.0 145 72 56 0.950 4 21
0.000000 2.300000 -1.100000 1.0 0.0 0.0 145 72 56 0.950 4 21
0.000000 2.400000 -1.100000 1.0 0.0 0.0 145 72 56 0.950 4 21
0.000000 2.500000 -1.100000 1.0 0.0 0.0 145 72 56 0.950 4 21
0.000000 2.600000 -1.100000 1.0 0.0 0.0 145 72 56 0.950 4 21
0.000000 2.700000 -1.100000 1.0 0.0 0.0 145 72 56 0.950 4 21
0.000000 2.800000 -1.100000 1.0 0.0 0.0 145 72 56 0.950 4 21
0.000000 2.900000 -1.100000 1.0 0.0 0.0 145 72 56 0.950 4 21
0.000000 3.000000 -1.100000 1.0 0.0 0.0 145 72 56 0.950 4 21
0.000000 3.100000 -1.100000 1.0 0.0 0.0 145 72 56 0.950 4 21
0.000000 3.200000 -1.100000 1.0 0.0 0.0 145 72 56 0.950 4 21
0.000000 3.300000 -1.100000 1.0 0.0 0.0 145 72 56 0.950 4 21
0.000000 3.400000 -1.100000 1.0 0.0 0.0 145 72 56 0.950 4 21
0.000000 3.500000 -1.100000 1.0 0.0 0.0 145 72 56 0.950 4 21
0.000000 3.600000 -1.100000 1.0 0.0 0.0 145 72 56 0.950 4 21
0.000000 3.700000 -1.100000 1.0 0.0 0.0 145 72 56 0.950 4 21
0.000000 3.800000 -1.100000 1.0 0.0 0.0 145 72 56 0.950 4 21
0.000000 3.900000 -1.100000 1.0 0.0 0.0 145 72 56 0.950 4 21
0.000000 4.000000 -1.100000 1.0 0.0 0.0 145 72 56 0.950 4 21
0.000000 0.000000 -1.200000 1.0 0.0 0.0 145 72 56 0.950 4 21
0.000000 0.100000 -1.200000 1.0 0.0 0.0 145 72 56 0.950 4 21
0.000000 0.200000 -1.200000 1.0 0.0 0.0 145 72 56 0.950 4 21
0.000000 0.300000 -1.200000 1.0 0.0 0.0 145 72 56 0.950 4 21
0.000000 0.400000 -1.200000 1.0 0.0 0.0 145 72 56 0.950 4 21
0.000000 0.500000 -1.200000 1.0 0.0 0.0 145 72 56 0.950 4 21
0.000000 0.600000 -1.200000 1.0 0.0 0.0 145 72 56 0.950 4 21
0.000000 0.700000 -1.200000 1.0 0.0 0.0 145 72 56 0.950 4 21
0.000000 0.800000 -1.200000 1.0 0.0 0.0 145 72 56 0.950 4 21
0.000000 0.900000 -1.200000 1.0 0.0 0.0 145 72 56 0.950 4 21
0.000000 1.000000 -1.200000 1.0 0.0 0.0 145 72 56 0.950 4 21
0.000000 1.100000 -1.200000 1.0 0.0 0.0 145 72 56 0.950 4 21
0.000000 1.200000 -1.200000 1.0 0.0 0.0 145 72 56 0.950 4 21
0.000000 1.300000 -1.200000 1.0 0.0 0.0 145 72 56 0.950 4 21
0.000000 1.400000 -1.200000 1.0 0.0 0.0 145 72 56 0.950 4 21
0.000000 1.500000 -1.200000 1.0 0.0 0.0 145 72 56 0.950 4 21
0.000000 1.600000 -1.200000 1.0 0.0 0.0 145 72 56 0.950 4 21
0.000000 1.700000 -1.200000 1.0 0.0 0.0 145 72 56 0.950 4 21
0.000000 1.800000 -1.200000 1.0 0.0 0.0 145 72 56 0.950 4 21
0.000000 1.900000 -1.200000 1.0 0.0 0.0 145 72 56 0.950 4 21
0.000000 2.000000 -1.200000 1.0 0.0 0.0 145 72 56 0.950 4 21
0.000000 2.100000 -1.200000 1.0 0.0 0.0 145 72 56 0.950 4 21
0.000000 2.200000 -1.200000 1.0 0.0 0.0 145 72 56 0.950 4 21
0.000000 2.300000 -1.200000 1.0 0.0 0.0 145 72 56 0.950 4 21
0.000000 2.400000 -1.200000 1.0 0.0 0.0 145 72 56 0.950 4 21
0.000000 2.500000 -1.200000 1.0 0.0 0.0 145 72 56 0.950 4 21
0.000000 2.600000 -1.200000 1.0 0.0 0.0 145 72 56 0.950 4 21
0.000000 2.700000 -1.200000 1.0 0.0 0.0 145 72 56 0.950 4 21
0.000000 2.800000 -1.200000 1.0 0.0 0.0 145 72 56 0.950 4 21
0.000000 2.900000 -1.200000 1.0 0.0 0.0 145 72 56 0.950 4 21
0.000000 3.000000 -1.200000 1.0 0.0 0.0 145 72 56 0.950 4 21
0.000000 3.100000 -1.200000 1.0 0.0 0.0 145 72 56 0.950 4 21
0.000000 3.200000 -1.200000 1.0 0.0 0.0 145 72 56 0.950 4 21
0.000000 3.300000 -1.200000 1.0 0.0 0.0 145 72 56 0.950 4 21
0.000000 3.400000 -1.200000 1.0 0.0 0.0 145 72 56 0.950 4 21
0.000000 3.500000 -1.200000 1.0 0.0 0.0 145 72 56 0.950 4 21
0.000000 3.600000 -1.200000 1.0 0.0 0.0 145 72 56 0.950 4 21
0.000000 3.700000 -1.200000 1.0 0.0 0.0 145 72 56 0.950 4 21
0.000000 3.800000 -1.200000 1.0 0.0 0.0 145 72 56 0.950 4 21
0.000000 3.900000 -1.200000 1.0 0.0 0.0 145 72 56 0.950 4 21
0.000000 4.000000 -1.200000 1.0 0.0 0.0 145 72 56 0.950 4 21
0.000000 0.000000 -1.300000 1.0 0.0 0.0 145 72 56 0.950 4 21
0.000000 0.100000 -1.300000 1.0 0.0 0.0 145 72 56 0.950 4 21
0.000000 0.200000 -1.300000 1.0 0.0 0.0 145 72 56 0.950 4 21
0.000000 0.300000 -1.300000 1.0 0.0 0.0 145 72 56 0.950 4 21
0.000000 0.400000 -1.300000 1.0 0.0 0.0 145 72 56 0.950 4 21
0.000000 0.500000 -1.300000 1.0 0.0 0.0 145 72 56 0.950 4 21
0.000000 0.600000 -1.300000 1.0 0.0 0.0 145 72 56 0.950 4 21
0.000000 0.700000 -1.300000 1.0 0.0 0.0 145 72 56 0.950 4 21
0.000000 0.800000 -1.300000 1.0 0.0 0.0 145 72 56 0.950 4 21
0.000000 0.900000 -1.300000 1.0 0.0 0.0 145 72 56 0.950 4 21
0.000000 1.000000 -1.300000 1.0 0.0 0.0 145 72 56 0.950 4 21
0.000000 1.100000 -1.300000 1.0 0.0 0.0 145 72 56 0.950 4 21
0.000000 1.200000 -1.300000 1.0 0.0 0.0 145 72 56 0.950 4 21
0.000000 1.300000 -1.300000 1.0 0.0 0.0 145 72 56 0.950 4 21
0.000000 1.400000 -1.300000 1.0 0.0 0.0 145 72 56 0.950 4 21
0.000000 1.500000 -1.300000 1.0 0.0 0.0 145 72 56 0.950 4 21
0.000000 1.600000 -1.300000 1.0 0.0 0.0 145 72 56 0.950 4 21
0.000000 1.700000 -1.300000 1.0 0.0 0.0 145 72 56 0.950 4 21
0.000000 1.800000 -1.300000 1.0 0.0 0.0 145 72 56 0.950 4 21
0.000000 1.900000 -1.300000 1.0 0.0 0.0 145 72 56 0.950 4 21
0.000000 2.000000 -1.300000 1.0 0.0 0.0 145 72 56 0.950 4 21
0.000000 2.100000 -1.300000 1.0 0.0 0.0 145 72 56 0.950 4 21
0.000000 2.200000 -1.300000 1.0 0.0 0.0 145 72 56 0.950 4 21
0.000000 2.300000 -1.300000 1.0 0.0 0.0 145 72 56 0.950 4 21
0.000000 2.400000 -1.300000 1.0 0.0 0.0 145 72 56 0.950 4 21
0.000000 2.500000 -1.300000 1.0 0.0 0.0 145 72 56 0.950 4 21
0.000000 2.600000 -1.300000 1.0 0.0 0.0 145 72 56 0.950 4 21
0.000000 2.700000 -1.300000 1.0 0.0 0.0 145 72 56 0.950 4 21
0.000000 2.800000 -1.300000 1.0 0.0 0.0 145 72 56 0.950 4 21
0.000000 2.900000 -1.300000 1.0 0.0 0.0 145 72 56 0.950 4 21
0.000000 3.000000 -1.300000 1.0 0.0 0.0 145 72 56 0.950 4 21
0.000000 3.100000 -1.300000 1.0 0.0 0.0 145 72 56 0.950 4 21
0.000000 3.200000 -1.300000 1.0 0.0 0.0 145 72 56 0.950 4 21
0.000000 3.300000 -1.300000 1.0 0.0 0.0 145 72 56 0.950 4 21
0.000000 3.400000 -1.300000 1.0 0.0 0.0 145 72 56 0.950 4 21
0.000000 3.500000 -1.300000 1.0 0.0 0.0 145 72 56 0.950 4 21
0.000000 3.600000 -1.300000 1.0 0.0 0.0 145 72 56 0.950 4 21
0.000000 3.700000 -1.300000 1.0 0.0 0.0 145 72 56 0.950 4 21
0.000000 3.800000 -1.300000 1.0 0.0 0.0 145 72 56 0.950 4 21
0.000000 3.900000 -1.300000 1.0 0.0 0.0 145 72 56 0.950 4 21
0.000000 4.000000 -1.300000 1.0 0.0 0.0 145 72 56 0.950 4 21
0.000000 0.000000 -1.400000 1.0 0.0 0.0 145 72 56 0.950 4 21
0.000000 0.100000 -1.400000 1.0 0.0 0.0 145 72 56 0.950 4 21
0.000000 0.200000 -1.400000 1.0 0.0 0.0 145 72 56 0.950 4 21
0.000000 0.300000 -1.400000 1.0 0.0 0.0 145 72 56 0.950 4 21
0.000000 0.400000 -1.400000 1.0 0.0 0.0 145 72 56 0.950 4 21
0.000000 0.500000 -1.400000 1.0 0.0 0.0 145 72 56 0.950 4 21
0.000000 0.600000 -1.400000 1.0 0.0 0.0 145 72 56 0.950 4 21
0.000000 0.700000 -1.400000 1.0 0.0 0.0 145 72 56 0.950 4 21
0.000000 0.800000 -1.400000 1.0 0.0 0.0 145 72 56 0.950 4 21
0.000000 0.900000 -1.400000 1.0 0.0 0.0 145 72 56 0.950 4 21
0.000000 1.000000 -1.400000 1.0 0.0 0.0 145 72 56 0.950 4 21
0.000000 1.100000 -1.400000 1.0 0.0 0.0 145 72 56 0.950 4 21
0.000000 1.200000 -1.400000 1.0 0.0 0.0 145 72 56 0.950 4 21
0.000000 1.300000 -1.400000 1.0 0.0 0.0 145 72 56 0.950 4 21
0.000000 1.400000 -1.400000 1.0 0.0 0.0 145 72 56 0.950 4 21
0.000000 1.500000 -1.400000 1.0 0.0 0.0 145 72 56 0.950 4 21
0.000000 1.600000 -1.400000 1.0 0.0 0.0 145 72 56 0.950 4 21
0.000000 1.700000 -1.400000 1.0 0.0 0.0 145 72 56 0.950 4 21
0.000000 1.800000 -1.400000 1.0 0.0 0.0 145 72 56 0.950 4 21
0.000000 1.900000 -1.400000 1.0 0.0 0.0 145 72 56 0.950 4 21
0.000000 2.000000 -1.400000 1.0 0.0 0.0 145 72 56 0.950 4 21
0.000000 2.100000 -1.400000 1.0 0.0 0.0 145 72 56 0.950 4 21
0.000000 2.200000 -1.400000 1.0 0.0 0.0 145 72 56 0.950 4 21
0.000000 2.300000 -1.400000 1.0 0.0 0.0 145 72 56 0.950 4 21
0.000000 2.400000 -1.400000 1.0 0.0 0.0 145 72 56 0.950 4 21
0.000000 2.500000 -1.400000 1.0 0.0 0.0 145 72 56 0.950 4 21
0.000000 2.600000 -1.400000 1.0 0.0 0.0 145 72 56 0.950 4 21
0.000000 2.700000 -1.400000 1.0 0.0 0.0 145 72 56 0.950 4 21
0.000000 2.800000 -1.400000 1.0 0.0 0.0 145 72 56 0.950 4 21
0.000000 2.900000 -1.400000 1.0 0.0 0.0 145 72 56 0.950 4 21
0.000000 3.000000 -1.400000 1.0 0.0 0.0 145 72 56 0.950 4 21
0.000000 3.100000 -1.400000 1.0 0.0 0.0 145 72 56 0.950 4 21
0.000000 3.200000 -1.400000 1.0 0.0 0.0 145 72 56 0.950 4 21
0.000000 3.300000 -1.400000 1.0 0.0 0.0 145 72 56 0.950 4 21
0.000000 3.400000 -1.400000 1.0 0.0 0.0 145 72 56 0.950 4 21
0.000000 3.500000 -1.400000 1.0 0.0 0.0 145 72 56 0.950 4 21
0.000000 3.600000 -1.400000 1.0 0.0 0.0 145 72 56 0.950 4 21
0.000000 3.700000 -1.400000 1.0 0.0 0.0 145 72 56 0.950 4 21
0.000000 3.800000 -1.400000 1.0 0.0 0.0 145 72 56 0.950 4 21
0.000000 3.900000 -1.400000 1.0 0.0 0.0 145 72 56 0.950 4 21
0.000000 4.000000 -1.400000 1.0 0.0 0.0 145 72 56 0.950 4 21
0.000000 0.000000 -1.500000 1.0 0.0 0.0 145 72 56 0.950 4 21
0.000000 0.100000 -1.500000 1.0 0.0 0.0 145 72 56 0.950 4 21
0.000000 0.200000 -1.500000 1.0 0.0 0.0 145 72 56 0.950 4 21
0.000000 0.300000 -1.500000 1.0 0.0 0.0 145 72 56 0.950 4 21
0.000000 0.400000 -1.500000 1.0 0.0 0.0 145 72 56 0.950 4 21
0.000000 0.500000 -1.500000 1.0 0.0 0.0 145 72 56 0.950 4 21
0.000000 0.600000 -1.500000 1.0 0.0 0.0 145 72 56 0.950 4 21
0.000000 0.700000 -1.500000 1.0 0.0 0.0 145 72 56 0.950 4 21
0.000000 0.800000 -1.500000 1.0 0.0 0.0 145 72 56 0.950 4 21
0.000000 0.900000 -1.500000 1.0 0.0 0.0 145 72 56 0.950 4 21
0.000000 1.000000 -1.500000 1.0 0.0 0.0 145 72 56 0.950 4 21
0.000000 1.100000 -1.500000 1.0 0.0 0.0 145 72 56 0.950 4 21
0.000000 1.200000 -1.500000 1.0 0.0 0.0 145 72 56 0.950 4 21
0.000000 1.300000 -1.500000 1.0 0.0 0.0 145 72 56 0.950 4 21
0.000000 1.400000 -1.500000 1.0 0.0 0.0 145 72 56 0.950 4 21
0.000000 1.500000 -1.500000 1.0 0.0 0.0 145 72 56 0.950 4 21
0.000000 1.600000 -1.500000 1.0 0.0 0.0 145 72 56 0.950 4 21
0.000000 1.700000 -1.500000 1.0 0.0 0.0 145 72 56 0.950 4 21
0.000000 1.800000 -1.500000 1.0 0.0 0.0 145 72 56 0.950 4 21
0.000000 1.900000 -1.500000 1.0 0.0 0.0 145 72 56 0.950 4 21
0.000000 2.000000 -1.500000 1.0 0.0 0.0 145 72 56 0.950 4 21
0.000000 2.100000 -1.500000 1.0 0.0 0.0 145 72 56 0.950 4 21
0.000000 2.200000 -1.500000 1.0 0.0 0.0 145 72 56 0.950 4 21
0.000000 2.300000 -1.500000 1.0 0.0 0.0 145 72 56 0.950 4 21
0.000000 2.400000 -1.500000 1.0 0.0 0.0 145 72 56 0.950 4 21
0.000000 2.500000 -1.500000 1.0 0.0 0.0 145 72 56 0.950 4 21
0.000000 2.600000 -1.500000 1.0 0.0 0.0 145 72 56 0.950 4 21
0.000000 2.700000 -1.500000 1.0 0.0 0.0 145 72 56 0.950 4 21
0.000000 2.800000 -1.500000 1.0 0.0 0.0 145 72 56 0.950 4 21
0.000000 2.900000 -1.500000 1.0 0.0 0.0 145 72 56 0.950 4 21
0.000000 3.000000 -1.500000 1.0 0.0 0.0 145 72 56 0.950 4 21
0.000000 3.100000 -1.500000 1.0 0.0 0.0 145 72 56 0.950 4 21
0.000000 3.200000 -1.500000 1.0 0.0 0.0 145 72 56 0.950 4 21
0.000000 3.300000 -1.500000 1.0 0.0 0.0 145 72 56 0.950 4 21
0.000000 3.400000 -1.500000 1.0 0.0 0.0 145 72 56 0.950 4 21
0.000000 3.500000 -1.500000 1.0 0.0 0.0 145 72 56 0.950 4 21
0.000000 3.600000 -1.500000 1.0 0.0 0.0 145 72 56 0.950 4 21
0.000000 3.700000 -1.500000 1.0 0.0 0.0 145 72 56 0.950 4 21
0.000000 3.800000 -1.500000 1.0 0.0 0.0 145 72 56 0.950 4 21
0.000000 3.900000 -1.500000 1.0 0.0 0.0 145 72 56 0.950 4 21
0.000000 4.000000 -1.500000 1.0 0.0 0.0 145 72 56 0.950 4 21
0.000000 0.000000 -1.600000 1.0 0.0 0.0 145 72 56 0.950 4 21
0.000000 0.100000 -1.600000 1.0 0.0 0.0 145 72 56 0.950 4 21
0.000000 0.200000 -1.600000 1.0 0.0 0.0 145 72 56 0.950 4 21
0.000000 0.300000 -1.600000 1.0 0.0 0.0 145 72 56 0.950 4 21
0.000000 0.400000 -1.600000 1.0 0.0 0.0 145 72 56 0.950 4 21
0.000000 0.500000 -1.600000 1.0 0.0 0.0 145 72 56 0.950 4 21
0.000000 0.600000 -1.600000 1.0 0.0 0.0 145 72 56 0.950 4 21
0.000000 0.700000 -1.600000 1.0 0.0 0.0 145 72 56 0.950 4 21
0.000000 0.800000 -1.600000 1.0 0.0 0.0 145 72 56 0.950 4 21
0.000000 0.900000 -1.600000 1.0 0.0 0.0 145 72 56 0.950 4 21
0.000000 1.000000 -1.600000 1.0 0.0 0.0 145 72 56 0.950 4 21
0.000000 1.100000 -1.600000 1.0 0.0 0.0 145 72 56 0.950 4 21
0.000000 1.200000 -1.600000 1.0 0.0 0.0 145 72 56 0.950 4 21
0.000000 1.300000 -1.600000 1.0 0.0 0.0 145 72 56 0.950 4 21
0.000000 1.400000 -1.600000 1.0 0.0 0.0 145 72 56 0.950 4 21
0.000000 1.500000 -1.600000 1.0 0.0 0.0 145 72 56 0.950 4 21
0.000000 1.600000 -1.600000 1.0 0.0 0.0 145 72 56 0.950 4 21
0.000000 1.700000 -1.600000 1.0 0.0 0.0 145 72 56 0.950 4 21
0.000000 1.800000 -1.600000 1.0 0.0 0.0 145 72 56 0.950 4 21
0.000000 1.900000 -1.600000 1.0 0.0 0.0 145 72 56 0.950 4 21
0.000000 2.000000 -1.600000 1.0 0.0 0.0 145 72 56 0.950 4 21
0.000000 2.100000 -1.600000 1.0 0.0 0.0 145 72 56 0.950 4 21
0.000000 2.200000 -1.600000 1.0 0.0 0.0 145 72 56 0.950 4 21
0.000000 2.300000 -1.600000 1.0 0.0 0.0 145 72 56 0.950 4 21
0.000000 2.400000 -1.600000 1.0 0.0 0.0 145 72 56 0.950 4 21
0.000000 2.500000 -1.600000 1.0 0.0 0.0 145 72 56 0.950 4 21
0.000000 2.600000 -1.600000 1.0 0.0 0.0 145 72 56 0.950 4 21
0.000000 2.700000 -1.600000 1.0 0.0 0.0 145 72 56 0.950 4 21
0.000000 2.800000 -1.600000 1.0 0.0 0.0 145 72 56 0.950 4 21
0.000000 2.900000 -1.600000 1.0 0.0 0.0 145 72 56 0.950 4 21
0.000000 3.000000 -1.600000 1.0 0.0 0.0 145 72 56 0.950 4 21
0.000000 3.100000 -1.600000 1.0 0.0 0.0 145 72 56 0.950 4 21
0.000000 3.200000 -1.600000 1.0 0.0 0.0 145 72 56 0.950 4 21
0.000000 3.300000 -1.600000 1.0 0.0 0.0 145 72 56 0.950 4 21
0.000000 3.400000 -1.600000 1.0 0.0 0.0 145 72 56 0.950 4 21
0.000000 3.500000 -1.600000 1.0 0.0 0.0 145 72 56 0.950 4 21
0.000000 3.600000 -1.600000 1.0 0.0 0.0 145 72 56 0.950 4 21
0.000000 3.700000 -1.600000 1.0 0.0 0.0 145 72 56 0.950 4 21
0.000000 3.800000 -1.600000 1.0 0.0 0.0 145 72 56 0.950 4 21
0.000000 3.900000 -1.600000 1.0 0.0 0.0 145 72 56 0.950 4 21
0.000000 4.000000 -1.600000 1.0 0.0 0.0 145 72 56 0.950 4 21
0.000000 0.000000 -1.700000 1.0 0.0 0.0 145 72 56 0.950 4 21
0.000000 0.100000 -1.700000 1.0 0.0 0.0 145 72 56 0.950 4 21
0.000000 0.200000 -1.700000 1.0 0.0 0.0 145 72 56 0.950 4 21
0.000000 0.300000 -1.700000 1.0 0.0 0.0 145 72 56 0.950 4 21
0.000000 0.400000 -1.700000 1.0 0.0 0.0 145 72 56 0.950 4 21
0.000000 0.500000 -1.700000 1.0 0.0 0.0 145 72 56 0.950 4 21
0.000000 0.600000 -1.700000 1.0 0.0 0.0 145 72 56 0.950 4 21
0.000000 0.700000 -1.700000 1.0 0.0 0.0 145 72 56 0.950 4 21
0.000000 0.800000 -1.700000 1.0 0.0 0.0 145 72 56 0.950 4 21
0.000000 0.900000 -1.700000 1.0 0.0 0.0 145 72 56 0.950 4 21
0.000000 1.000000 -1.700000 1.0 0.0 0.0 145 72 56 0.950 4 21
0.000000 1.100000 -1.700000 1.0 0.0 0.0 145 72 56 0.950 4 21
0.000000 1.200000 -1.700000 1.0 0.0 0.0 145 72 56 0.950 4 21
0.000000 1.300000 -1.700000 1.0 0.0 0.0 145 72 56 0.950 4 21
0.000000 1.400000 -1.700000 1.0 0.0 0.0 145 72 56 0.950 4 21
0.000000 1.500000 -1.700000 1.0 0.0 0.0 145 72 56 0.950 4 21
0.000000 1.600000 -1.700000 1.0 0.0 0.0 145 72 56 0.950 4 21
0.000000 1.700000 -1.700000 1.0 0.0 0.0 145 72 56 0.950 4 21
0.000000 1.800000 -1.700000 1.0 0.0 0.0 145 72 56 0.950 4 21
0.000000 1.900000 -1.700000 1.0 0.0 0.0 145 72 56 0.950 4 21
0.000000 2.000000 -1.700000 1.0 0.0 0.0 145 72 56 0.950 4 21
0.000000 2.100000 -1.700000 1.0 0.0 0.0 145 72 56 0.950 4 21
0.000000 2.200000 -1.700000 1.0 0.0 0.0 145 72 56 0.950 4 21
0.000000 2.300000 -1.700000 1.0 0.0 0.0 145 72 56 0.950 4 21
0.000000 2.400000 -1.700000 1.0 0.0 0.0 145 72 56 0.950 4 21
0.000000 2.500000 -1.700000 1.0 0.0 0.0 145 72 56 0.950 4 21
0.000000 2.600000 -1.700000 1.0 0.0 0.0 145 72 56 0.950 4 21
0.000000 2.700000 -1.700000 1.0 0.0 0.0 145 72 56 0.950 4 21
0.000000 2.800000 -1.700000 1.0 0.0 0.0 145 72 56 0.950 4 21
0.000000 2.900000 -1.700000 1.0 0.0 0.0 145 72 56 0.950 4 21
0.000000 3.000000 -1.700000 1.0 0.0 0.0 145 72 56 0.950 4 21
0.000000 3.100000 -1.700000 1.0 0.0 0.0 145 72 56 0.950 4 21
0.000000 3.200000 -1.700000 1.0 0.0 0.0 145 72 56 0.950 4 21
0.000000 3.300000 -1.700000 1.0 0.0 0.0 145 72 56 0.950 4 21
0.000000 3.400000 -1.700000 1.0 0.0 0.0 145 72 56 0.950 4 21
0.000000 3.500000 -1.700000 1.0 0.0 0.0 145 72 56 0.950 4 21
0.000000 3.600000 -1.700000 1.0 0.0 0.0 145 72 56 0.950 4 21
0.000000 3.700000 -1.700000 1.0 0.0 0.0 145 72 56 0.950 4 21
0.000000 3.800000 -1.700000 1.0 0.0 0.0 145 72 56 0.950 4 21
0.000000 3.900000 -1.700000 1.0 0.0 0.0 145 72 56 0.950 4 21
0.000000 4.000000 -1.700000 1.0 0.0 0.0 145 72 56 0.950 4 21
0.000000 0.000000 -1.800000 1.0 0.0 0.0 145 72 56 0.950 4 21
0.000000 0.100000 -1.800000 1.0 0.0 0.0 145 72 56 0.950 4 21
0.000000 0.200000 -1.800000 1.0 0.0 0.0 145 72 56 0.950 4 21
0.000000 0.300000 -1.800000 1.0 0.0 0.0 145 72 56 0.950 4 21
0.000000 0.400000 -1.800000 1.0 0.0 0.0 145 72 56 0.950 4 21
0.000000 0.500000 -1.800000 1.0 0.0 0.0 145 72 56 0.950 4 21
0.000000 0.600000 -1.800000 1.0 0.0 0.0 145 72 56 0.950 4 21
0.000000 0.700000 -1.800000 1.0 0.0 0.0 145 72 56 0.950 4 21
0.000000 0.800000 -1.800000 1.0 0.0 0.0 145 72 56 0.950 4 21
0.000000 0.900000 -1.800000 1.0 0.0 0.0 145 72 56 0.950 4 21
0.000000 1.000000 -1.800000 1.0 0.0 0.0 145 72 56 0.950 4 21
0.000000 1.100000 -1.800000 1.0 0.0 0.0 145 72 56 0.950 4 21
0.000000 1.200000 -1.800000 1.0 0.0 0.0 145 72 56 0.950 4 21
0.000000 1.300000 -1.800000 1.0 0.0 0.0 145 72 56 0.950 4 21
0.000000 1.400000 -1.800000 1.0 0.0 0.0 145 72 56 0.950 4 21
0.000000 1.500000 -1.800000 1.0 0.0 0.0 145 72 56 0.950 4 21
0.000000 1.600000 -1.800000 1.0 0.0 0.0 145 72 56 0.950 4 21
0.000000 1.700000 -1.800000 1.0 0.0 0.0 145 72 56 0.950 4 21
0.000000 1.800000 -1.800000 1.0 0.0 0.0 145 72 56 0.950 4 21
0.000000 1.900000 -1.800000 1.0 0.0 0.0 145 72 56 0.950 4 21
0.000000 2.000000 -1.800000 1.0 0.0 0.0 145 72 56 0.950 4 21
0.000000 2.100000 -1.800000 1.0 0.0 0.0 145 72 56 0.950 4 21
0.000000 2.200000 -1.800000 1.0 0.0 0.0 145 72 56 0.950 4 21
0.000000 2.300000 -1.800000 1.0 0.0 0.0 145 72 56 0.950 4 21
0.000000 2.400000 -1.800000 1.0 0.0 0.0 145 72 56 0.950 4 21
0.000000 2.500000 -1.800000 1.0 0.0 0.0 145 72 56 0.950 4 21
0.000000 2.600000 -1.800000 1.0 0.0 0.0 145 72 56 0.950 4 21
0.000000 2.700000 -1.800000 1.0 0.0 0.0 145 72 56 0.950 4 21
0.000000 2.800000 -1.800000 1.0 0.0 0.0 145 72 56 0.950 4 21
0.000000 2.900000 -1.800000 1.0 0.0 0.0 145 72 56 0.950 4 21
0.000000 3.000000 -1.800000 1.0 0.0 0.0 145 72 56 0.950 4 21
0.000000 3.100000 -1.800000 1.0 0.0 0.0 145 72 56 0.950 4 21
0.000000 3.200000 -1.800000 1.0 0.0 0.0 145 72 56 0.950 4 21
0.000000 3.300000 -1.800000 1.0 0.0 0.0 145 72 56 0.950 4 21
0.000000 3.400000 -1.800000 1.0 0.0 0.0 145 72 56 0.950 4 21
0.000000 3.500000 -1.800000 1.0 0.0 0.0 145 72 56 0.950 4 21
0.000000 3.600000 -1.800000 1.0 0.0 0.0 145 72 56 0.950 4 21
0.000000 3.700000 -1.800000 1.0 0.0 0.0 145 72 56 0.950 4 21
0.000000 3.800000 -1.800000 1.0 0.0 0.0 145 72 56 0.950 4 21
0.000000 3.900000 -1.800000 1.0 0.0 0.0 145 72 56 0.950 4 21
0.000000 4.000000 -1.800000 1.0 0.0 0.0 145 72 56 0.950 4 21
0.000000 0.000000 -1.900000 1.0 0.0 0.0 145 72 56 0.950 4 21
0.000000 0.100000 -1.900000 1.0 0.0 0.0 145 72 56 0.950 4 21
0.000000 0.200000 -1.900000 1.0 0.0 0.0 145 72 56 0.950 4 21
0.000000 0.300000 -1.900000 1.0 0.0 0.0 145 72 56 0.950 4 21
0.000000 0.400000 -1.900000 1.0 0.0 0.0 145 72 56 0.950 4 21
0.000000 0.500000 -1.900000 1.0 0.0 0.0 145 72 56 0.950 4 21
0.000000 0.600000 -1.900000 1.0 0.0 0.0 145 72 56 0.950 4 21
0.000000 0.700000 -1.900000 1.0 0.0 0.0 145 72 56 0.950 4 21
0.000000 0.800000 -1.900000 1.0 0.0 0.0 145 72 56 0.950 4 21
0.000000 0.900000 -1.900000 1.0 0.0 0.0 145 72 56 0.950 4 21
0.000000 1.000000 -1.900000 1.0 0.0 0.0 145 72 56 0.950 4 21
0.000000 1.100000 -1.900000 1.0 0.0 0.0 145 72 56 0.950 4 21
0.000000 1.200000 -1.900000 1.0 0.0 0.0 145 72 56 0.950 4 21
0.000000 1.300000 -1.900000 1.0 0.0 0.0 145 72 56 0.950 4 21
0.000000 1.400000 -1.900000 1.0 0.0 0.0 145 72 56 0.950 4 21
0.000000 1.500000 -1.900000 1.0 0.0 0.0 145 72 56 0.950 4 21
0.000000 1.600000 -1.900000 1.0 0.0 0.0 145 72 56 0.950 4 21
0.000000 1.700000 -1.900000 1.0 0.0 0.0 145 72 56 0.950 4 21
0.000000 1.800000 -1.900000 1.0 0.0 0.0 145 72 56 0.950 4 21
0.000000 1.900000 -1.900000 1.0 0.0 0.0 145 72 56 0.950 4 21
0.000000 2.000000 -1.900000 1.0 0.0 0.0 145 72 56 0.950 4 21
0.000000 2.100000 -1.900000 1.0 0.0 0.0 145 72 56 0.950 4 21
0.000000 2.200000 -1.900000 1.0 0.0 0.0 145 72 56 0.950 4 21
0.000000 2.300000 -1.900000 1.0 0.0 0.0 145 72 56 0.950 4 21
0.000000 2.400000 -1.900000 1.0 0.0 0.0 145 72 56 0.950 4 21
0.000000 2.500000 -1.900000 1.0 0.0 0.0 145 72 56 0.950 4 21
0.000000 2.600000 -1.900000 1.0 0.0 0.0 145 72 56 0.950 4 21
0.000000 2.700000 -1.900000 1.0 0.0 0.0 145 72 56 0.950 4 21
0.000000 2.800000 -1.900000 1.0 0.0 0.0 145 72 56 0.950 4 21
0.000000 2.900000 -1.900000 1.0 0.0 0.0 145 72 56 0.950 4 21
0.000000 3.000000 -1.900000 1.0 0.0 0.0 145 72 56 0.950 4 21
0.000000 3.100000 -1.900000 1.0 0.0 0.0 145 72 56 0.950 4 21
0.000000 3.200000 -1.900000 1.0 0.0 0.0 145 72 56 0.950 4 21
0.000000 3.300000 -1.900000 1.0 0.0 0.0 145 72 56 0.950 4 21
0.000000 3.400000 -1.900000 1.0 0.0 0.0 145 72 56 0.950 4 21
0.000000 3.500000 -1.900000 1.0 0.0 0.0 145 72 56 0.950 4 21
0.000000 3.600000 -1.900000 1.0 0.0 0.0 145 72 56 0.950 4 21
0.000000 3.700000 -1.900000 1.0 0.0 0.0 145 72 56 0.950 4 21
0.000000 3.800000 -1.900000 1.0 0.0 0.0 145 72 56 0.950 4 21
0.000000 3.900000 -1.900000 1.0 0.0 0.0 145 72 56 0.950 4 21
0.000000 4.000000 -1.900000 1.0 0.0 0.0 145 72 56 0.950 4 21
0.000000 0.000000 -2.000000 1.0 0.0 0.0 145 72 56 0.950 4 21
0.000000 0.100000 -2.000000 1.0 0.0 0.0 145 72 56 0.950 4 21
0.000000 0.200000 -2.000000 1.0 0.0 0.0 145 72 56 0.950 4 21
0.000000 0.300000 -2.000000 1.0 0.0 0.0 145 72 56 0.950 4 21
0.000000 0.400000 -2.000000 1.0 0.0 0.0 145 72 56 0.950 4 21
0.000000 0.500000 -2.000000 1.0 0.0 0.0 145 72 56 0.950 4 21
0.000000 0.600000 -2.000000 1.0 0.0 0.0 145 72 56 0.950 4 21
0.000000 0.700000 -2.000000 1.0 0.0 0.0 145 72 56 0.950 4 21
0.000000 0.800000 -2.000000 1.0 0.0 0.0 145 72 56 0.950 4 21
0.000000 0.900000 -2.000000 1.0 0.0 0.0 145 72 56 0.950 4 21
0.000000 1.000000 -2.000000 1.0 0.0 0.0 145 72 56 0.950 4 21
0.000000 1.100000 -2.000000 1.0 0.0 0.0 145 72 56 0.950 4 21
0.000000 1.200000 -2.000000 1.0 0.0 0.0 145 72 56 0.950 4 21
0.000000 1.300000 -2.000000 1.0 0.0 0.0 145 72 56 0.950 4 21
0.000000 1.400000 -2.000000 1.0 0.0 0.0 145 72 56 0.950 4 21
0.000000 1.500000 -2.000000 1.0 0.0 0.0 145 72 56 0.950 4 21
0.000000 1.600000 -2.000000 1.0 0.0 0.0 145 72 56 0.950 4 21
0.000000 1.700000 -2.000000 1.0 0.0 0.0 145 72 56 0.950 4 21
0.000000 1.800000 -2.000000 1.0 0.0 0.0 145 72 56 0.950 4 21
0.000000 1.900000 -2.000000 1.0 0.0 0.0 145 72 56 0.950 4 21
0.000000 2.000000 -2.000000 1.0 0.0 0.0 145 72 56 0.950 4 21
0.000000 2.100000 -2.000000 1.0 0.0 0.0 145 72 56 0.950 4 21
0.000000 2.200000 -2.000000 1.0 0.0 0.0 145 72 56 0.950 4 21
0.000000 2.300000 -2.000000 1.0 0.0 0.0 145 72 56 0.950 4 21
0.000000 2.400000 -2.000000 1.0 0.0 0.0 145 72 56 0.950 4 21
0.000000 2.500000 -2.000000 1.0 0.0 0.0 145 72 56 0.950 4 21
0.000000 2.600000 -2.000000 1.0 0.0 0.0 145 72 56 0.950 4 21
0.000000 2.700000 -2.000000 1.0 0.0 0.0 145 72 56 0.950 4 21
0.000000 2.800000 -2.000000 1.0 0.0 0.0 145 72 56 0.950 4 21
0.000000 2.900000 -2.000000 1.0 0.0 0.0 145 72 56 0.950 4 21
0.000000 3.000000 -2.000000 1.0 0.0 0.0 145 72 56 0.950 4 21
0.000000 3.100000 -2.000000 1.0 0.0 0.0 145 72 56 0.950 4 21
0.000000 3.200000 -2.000000 1.0 0.0 0.0 145 72 56 0.950 4 21
0.000000 3.300000 -2.000000 1.0 0.0 0.0 145 72 56 0.950 4 21
0.000000 3.400000 -2.000000 1.0 0.0 0.0 145 72 56 0.950 4 21
0.000000 3.500000 -2.000000 1.0 0.0 0.0 145 72 56 0.950 4 21
0.000000 3.600000 -2.000000 1.0 0.0 0.0 145 72 56 0.950 4 21
0.000000 3.700000 -2.000000 1.0 0.0 0.0 145 72 56 0.950 4 21
0.000000 3.800000 -2.000000 1.0 0.0 0.0 145 72 56 0.950 4 21
0.000000 3.900000 -2.000000 1.0 0.0 0.0 145 72 56 0.950 4 21
0.000000 4.000000 -2.000000 1.0 0.0 0.0 145 72 56 0.950 4 21
0.000000 0.000000 -2.100000 1.0 0.0 0.0 145 72 56 0.950 4 21
0.000000 0.100000 -2.100000 1.0 0.0 0.0 145 72 56 0.950 4 21
0.000000 0.200000 -2.100000 1.0 0.0 0.0 145 72 56 0.950 4 21
0.000000 0.300000 -2.100000 1.0 0.0 0.0 145 72 56 0.950 4 21
0.000000 0.400000 -2.100000 1.0 0.0 0.0 145 72 56 0.950 4 21
0.000000 0.500000 -2.100000 1.0 0.0 0.0 145 72 56 0.950 4 21
0.000000 0.600000 -2.100000 1.0 0.0 0.0 145 72 56 0.950 4 21
0.000000 0.700000 -2.100000 1.0 0.0 0.0 145 72 56 0.950 4 21
0.000000 0.800000 -2.100000 1.0 0.0 0.0 145 72 56 0.950 4 21
0.000000 0.900000 -2.100000 1.0 0.0 0.0 145 72 56 0.950 4 21
0.000000 1.000000 -2.100000 1.0 0.0 0.0 145 72 56 0.950 4 21
0.000000 1.100000 -2.100000 1.0 0.0 0.0 145 72 56 0.950 4 21
0.000000 1.200000 -2.100000 1.0 0.0 0.0 145 72 56 0.950 4 21
0.000000 1.300000 -2.100000 1.0 0.0 0.0 145 72 56 0.950 4 21
0.000000 1.400000 -2.100000 1.0 0.0 0.0 145 72 56 0.950 4 21
0.000000 1.500000 -2.100000 1.0 0.0 0.0 145 72 56 0.950 4 21
0.000000 1.600000 -2.100000 1.0 0.0 0.0 145 72 56 0.950 4 21
0.000000 1.700000 -2.100000 1.0 0.0 0.0 145 72 56 0.950 4 21
0.000000 1.800000 -2.100000 1.0 0.0 0.0 145 72 56 0.950 4 21
0.000000 1.900000 -2.100000 1.0 0.0 0.0 145 72 56 0.950 4 21
0.000000 2.000000 -2.100000 1.0 0.0 0.0 145 72 56 0.950 4 21
0.000000 2.100000 -2.100000 1.0 0.0 0.0 145 72 56 0.950 4 21
0.000000 2.200000 -2.100000 1.0 0.0 0.0 145 72 56 0.950 4 21
0.000000 2.300000 -2.100000 1.0 0.0 0.0 145 72 56 0.950 4 21
0.000000 2.400000 -2.100000 1.0 0.0 0.0 145 72 56 0.950 4 21
0.000000 2.500000 -2.100000 1.0 0.0 0.0 145 72 56 0.950 4 21
0.000000 2.600000 -2.100000 1.0 0.0 0.0 145 72 56 0.950 4 21
0.000000 2.700000 -2.100000 1.0 0.0 0.0 145 72 56 0.950 4 21
0.000000 2.800000 -2.100000 1.0 0.0 0.0 145 72 56 0.950 4 21
0.000000 2.900000 -2.100000 1.0 0.0 0.0 145 72 56 0.950 4 21
0.000000 3.000000 -2.100000 1.0 0.0 0.0 145 72 56 0.950 4 21
0.000000 3.100000 -2.100000 1.0 0.0 0.0 145 72 56 0.950 4 21
0.000000 3.200000 -2.100000 1.0 0.0 0.0 145 72 56 0.950 4 21
0.000000 3.300000 -2.100000 1.0 0.0 0.0 145 72 56 0.950 4 21
0.000000 3.400000 -2.100000 1.0 0.0 0.0 145 72 56 0.950 4 21
0.000000 3.500000 -2.100000 1.0 0.0 0.0 145 72 56 0.950 4 21
0.000000 3.600000 -2.100000 1.0 0.0 0.0 145 72 56 0.950 4 21
0.000000 3.700000 -2.100000 1.0 0.0 0.0 145 72 56 0.950 4 21
0.000000 3.800000 -2.100000 1.0 0.0 0.0 145 72 56 0.950 4 21
0.000000 3.900000 -2.100000 1.0 0.0 0.0 145 72 56 0.950 4 21
0.000000 4.000000 -2.100000 1.0 0.0 0.0 145 72 56 0.950 4 21
0.000000 0.000000 -2.200000 1.0 0.0 0.0 145 72 56 0.950 4 21
0.000000 0.100000 -2.200000 1.0 0.0 0.0 145 72 56 0.950 4 21
0.000000 0.200000 -2.200000 1.0 0.0 0.0 145 72 56 0.950 4 21
0.000000 0.300000 -2.200000 1.0 0.0 0.0 145 72 56 0.950 4 21
0.000000 0.400000 -2.200000 1.0 0.0 0.0 145 72 56 0.950 4 21
0.000000 0.500000 -2.200000 1.0 0.0 0.0 145 72 56 0.950 4 21
0.000000 0.600000 -2.200000 1.0 0.0 0.0 145 72 56 0.950 4 21
0.000000 0.700000 -2.200000 1.0 0.0 0.0 145 72 56 0.950 4 21
0.000000 0.800000 -2.200000 1.0 0.0 0.0 145 72 56 0.950 4 21
0.000000 0.900000 -2.200000 1.0 0.0 0.0 145 72 56 0.950 4 21
0.000000 1.000000 -2.200000 1.0 0.0 0.0 145 72 56 0.950 4 21
0.000000 1.100000 -2.200000 1.0 0.0 0.0 145 72 56 0.950 4 21
0.000000 1.200000 -2.200000 1.0 0.0 0.0 145 72 56 0.950 4 21
0.000000 1.300000 -2.200000 1.0 0.0 0.0 145 72 56 0.950 4 21
0.000000 1.400000 -2.200000 1.0 0.0 0.0 145 72 56 0.950 4 21
0.000000 1.500000 -2.200000 1.0 0.0 0.0 145 72 56 0.950 4 21
0.000000 1.600000 -2.200000 1.0 0.0 0.0 145 72 56 0.950 4 21
0.000000 1.700000 -2.200000 1.0 0.0 0.0 145 72 56 0.950 4 21
0.000000 1.800000 -2.200000 1.0 0.0 0.0 145 72 56 0.950 4 21
0.000000 1.900000 -2.200000 1.0 0.0 0.0 145 72 56 0.950 4 21
0.000000 2.000000 -2.200000 1.0 0.0 0.0 145 72 56 0.950 4 21
0.000000 2.100000 -2.200000 1.0 0.0 0.0 145 72 56 0.950 4 21
0.000000 2.200000 -2.200000 1.0 0.0 0.0 145 72 56 0.950 4 21
0.000000 2.300000 -2.200000 1.0 0.0 0.0 145 72 56 0.950 4 21
0.000000 2.400000 -2.200000 1.0 0.0 0.0 145 72 56 0.950 4 21
0.000000 2.500000 -2.200000 1.0 0.0 0.0 145 72 56 0.950 4 21
0.000000 2.600000 -2.200000 1.0 0.0 0.0 145 72 56 0.950 4 21
0.000000 2.700000 -2.200000 1.0 0.0 0.0 145 72 56 0.950 4 21
0.000000 2.800000 -2.200000 1.0 0.0 0.0 145 72 56 0.950 4 21
0.000000 2.900000 -2.200000 1.0 0.0 0.0 145 72 56 0.950 4 21
0.000000 3.000000 -2.200000 1.0 0.0 0.0 145 72 56 0.950 4 21
0.000000 3.100000 -2.200000 1.0 0.0 0.0 145 72 56 0.950 4 21
0.000000 3.200000 -2.200000 1.0 0.0 0.0 145 72 56 0.950 4 21
0.000000 3.300000 -2.200000 1.0 0.0 0.0 145 72 56 0.950 4 21
0.000000 3.400000 -2.200000 1.0 0.0 0.0 145 72 56 0.950 4 21
0.000000 3.500000 -2.200000 1.0 0.0 0.0 145 72 56 0.950 4 21
0.000000 3.600000 -2.200000 1.0 0.0 0.0 145 72 56 0.950 4 21
0.000000 3.700000 -2.200000 1.0 0.0 0.0 145 72 56 0.950 4 21
0.000000 3.800000 -2.200000 1.0 0.0 0.0 145 72 56 0.950 4 21
0.000000 3.900000 -2.200000 1.0 0.0 0.0 145 72 56 0.950 4 21
0.000000 4.000000 -2.200000 1.0 0.0 0.0 145 72 56 0.950 4 21
0.000000 0.000000 -2.300000 1.0 0.0 0.0 145 72 56 0.950 4 21
0.000000 0.100000 -2.300000 1.0 0.0 0.0 145 72 56 0.950 4 21
0.000000 0.200000 -2.300000 1.0 0.0 0.0 145 72 56 0.950 4 21
0.000000 0.300000 -2.300000 1.0 0.0 0.0 145 72 56 0.950 4 21
0.000000 0.400000 -2.300000 1.0 0.0 0.0 145 72 56 0.950 4 21
0.000000 0.500000 -2.300000 1.0 0.0 0.0 145 72 56 0.950 4 21
0.000000 0.600000 -2.300000 1.0 0.0 0.0 145 72 56 0.950 4 21
0.000000 0.700000 -2.300000 1.0 0.0 0.0 145 72 56 0.950 4 21
0.000000 0.800000 -2.300000 1.0 0.0 0.0 145 72 56 0.950 4 21
0.000000 0.900000 -2.300000 1.0 0.0 0.0 145 72 56 0.950 4 21
0.000000 1.000000 -2.300000 1.0 0.0 0.0 145 72 56 0.950 4 21
0.000000 1.100000 -2.300000 1.0 0.0 0.0 145 72 56 0.950 4 21
0.000000 1.200000 -2.300000 1.0 0.0 0.0 145 72 56 0.950 4 21
0.000000 1.300000 -2.300000 1.0 0.0 0.0 145 72 56 0.950 4 21
0.000000 1.400000 -2.300000 1.0 0.0 0.0 145 72 56 0.950 4 21
0.000000 1.500000 -2.300000 1.0 0.0 0.0 145 72 56 0.950 4 21
0.000000 1.600000 -2.300000 1.0 0.0 0.0 145 72 56 0.950 4 21
0.000000 1.700000 -2.300000 1.0 0.0 0.0 145 72 56 0.950 4 21
0.000000 1.800000 -2.300000 1.0 0.0 0.0 145 72 56 0.950 4 21
0.000000 1.900000 -2.300000 1.0 0.0 0.0 145 72 56 0.950 4 21
0.000000 2.000000 -2.300000 1.0 0.0 0.0 145 72 56 0.950 4 21
0.000000 2.100000 -2.300000 1.0 0.0 0.0 145 72 56 0.950 4 21
0.000000 2.200000 -2.300000 1.0 0.0 0.0 145 72 56 0.950 4 21
0.000000 2.300000 -2.300000 1.0 0.0 0.0 145 72 56 0.950 4 21
0.000000 2.400000 -2.300000 1.0 0.0 0.0 145 72 56 0.950 4 21
0.000000 2.500000 -2.300000 1.0 0.0 0.0 145 72 56 0.950 4 21
0.000000 2.600000 -2.300000 1.0 0.0 0.0 145 72 56 0.950 4 21
0.000000 2.700000 -2.300000 1.0 0.0 0.0 145 72 56 0.950 4 21
0.000000 2.800000 -2.300000 1.0 0.0 0.0 145 72 56 0.950 4 21
0.000000 2.900000 -2.300000 1.0 0.0 0.0 145 72 56 0.950 4 21
0.000000 3.000000 -2.300000 1.0 0.0 0.0 145 72 56 0.950 4 21
0.000000 3.100000 -2.300000 1.0 0.0 0.0 145 72 56 0.950 4 21
0.000000 3.200000 -2.300000 1.0 0.0 0.0 145 72 56 0.950 4 21
0.000000 3.300000 -2.300000 1.0 0.0 0.0 145 72 56 0.950 4 21
0.000000 3.400000 -2.300000 1.0 0.0 0.0 145 72 56 0.950 4 21
0.000000 3.500000 -2.300000 1.0 0.0 0.0 145 72 56 0.950 4 21
0.000000 3.600000 -2.300000 1.0 0.0 0.0 145 72 56 0.950 4 21
0.000000 3.700000 -2.300000 1.0 0.0 0.0 145 72 56 0.950 4 21
0.000000 3.800000 -2.300000 1.0 0.0 0.0 145 72 56 0.950 4 21
0.000000 3.900000 -2.300000 1.0 0.0 0.0 145 72 56 0.950 4 21
0.000000 4.000000 -2.300000 1.0 0.0 0.0 145 72 56 0.950 4 21
0.000000 0.000000 -2.400000 1.0 0.0 0.0 145 72 56 0.950 4 21
0.000000 0.100000 -2.400000 1.0 0.0 0.0 145 72 56 0.950 4 21
0.000000 0.200000 -2.400000 1.0 0.0 0.0 145 72 56 0.950 4 21
0.000000 0.300000 -2.400000 1.0 0.0 0.0 145 72 56 0.950 4 21
0.000000 0.400000 -2.400000 1.0 0.0 0.0 145 72 56 0.950 4 21
0.000000 0.500000 -2.400000 1.0 0.0 0.0 145 72 56 0.950 4 21
0.000000 0.600000 -2.400000 1.0 0.0 0.0 145 72 56 0.950 4 21
0.000000 0.700000 -2.400000 1.0 0.0 0.0 145 72 56 0.950 4 21
0.000000 0.800000 -2.400000 1.0 0.0 0.0 145 72 56 0.950 4 21
0.000000 0.900000 -2.400000 1.0 0.0 0.0 145 72 56 0.950 4 21
0.000000 1.000000 -2.400000 1.0 0.0 0.0 145 72 56 0.950 4 21
0.000000 1.100000 -2.400000 1.0 0.0 0.0 145 72 56 0.950 4 21
0.000000 1.200000 -2.400000 1.0 0.0 0.0 145 72 56 0.950 4 21
0.000000 1.300000 -2.400000 1.0 0.0 0.0 145 72 56 0.950 4 21
0.000000 1.400000 -2.400000 1.0 0.0 0.0 145 72 56 0.950 4 21
0.000000 1.500000 -2.400000 1.0 0.0 0.0 145 72 56 0.950 4 21
0.000000 1.600000 -2.400000 1.0 0.0 0.0 145 72 56 0.950 4 21
0.000000 1.700000 -2.400000 1.0 0.0 0.0 145 72 56 0.950 4 21
0.000000 1.800000 -2.400000 1.0 0.0 0.0 145 72 56 0.950 4 21
0.000000 1.900000 -2.400000 1.0 0.0 0.0 145 72 56 0.950 4 21
0.000000 2.000000 -2.400000 1.0 0.0 0.0 145 72 56 0.950 4 21
0.000000 2.100000 -2.400000 1.0 0.0 0.0 145 72 56 0.950 4 21
0.000000 2.200000 -2.400000 1.0 0.0 0.0 145 72 56 0.950 4 21
0.000000 2.300000 -2.400000 1.0 0.0 0.0 145 72 56 0.950 4 21
0.000000 2.400000 -2.400000 1.0 0.0 0.0 145 72 56 0.950 4 21
0.000000 2.500000 -2.400000 1.0 0.0 0.0 145 72 56 0.950 4 21
0.000000 2.600000 -2.400000 1.0 0.0 0.0 145 72 56 0.950 4 21
0.000000 2.700000 -2.400000 1.0 0.0 0.0 145 72 56 0.950 4 21
0.000000 2.800000 -2.400000 1.0 0.0 0.0 145 72 56 0.950 4 21
0.000000 2.900000 -2.400000 1.0 0.0 0.0 145 72 56 0.950 4 21
0.000000 3.000000 -2.400000 1.0 0.0 0.0 145 72 56 0.950 4 21
0.000000 3.100000 -2.400000 1.0 0.0 0.0 145 72 56 0.950 4 21
0.000000 3.200000 -2.400000 1.0 0.0 0.0 145 72 56 0.950 4 21
0.000000 3.300000 -2.400000 1.0 0.0 0.0 145 72 56 0.950 4 21
0.000000 3.400000 -2.400000 1.0 0.0 0.0 145 72 56 0.950 4 21
0.000000 3.500000 -2.400000 1.0 0.0 0.0 145 72 56 0.950 4 21
0.000000 3.600000 -2.400000 1.0 0.0 0.0 145 72 56 0.950 4 21
0.000000 3.700000 -2.400000 1.0 0.0 0.0 145 72 56 0.950 4 21
0.000000 3.800000 -2.400000 1.0 0.0 0.0 145 72 56 0.950 4 21
0.000000 3.900000 -2.400000 1.0 0.0 0.0 145 72 56 0.950 4 21
0.000000 4.000000 -2.400000 1.0 0.0 0.0 145 72 56 0.950 4 21
0.000000 0.000000 -2.500000 1.0 0.0 0.0 145 72 56 0.950 4 21
0.000000 0.100000 -2.500000 1.0 0.0 0.0 145 72 56 0.950 4 21
0.000000 0.200000 -2.500000 1.0 0.0 0.0 145 72 56 0.950 4 21
0.000000 0.300000 -2.500000 1.0 0.0 0.0 145 72 56 0.950 4 21
0.000000 0.400000 -2.500000 1.0 0.0 0.0 145 72 56 0.950 4 21
0.000000 0.500000 -2.500000 1.0 0.0 0.0 145 72 56 0.950 4 21
0.000000 0.600000 -2.500000 1.0 0.0 0.0 145 72 56 0.950 4 21
0.000000 0.700000 -2.500000 1.0 0.0 0.0 145 72 56 0.950 4 21
0.000000 0.800000 -2.500000 1.0 0.0 0.0 145 72 56 0.950 4 21
0.000000 0.900000 -2.500000 1.0 0.0 0.0 145 72 56 0.950 4 21
0.000000 1.000000 -2.500000 1.0 0.0 0.0 145 72 56 0.950 4 21
0.000000 1.100000 -2.500000 1.0 0.0 0.0 145 72 56 0.950 4 21
0.000000 1.200000 -2.500000 1.0 0.0 0.0 145 72 56 0.950 4 21
0.000000 1.300000 -2.500000 1.0 0.0 0.0 145 72 56 0.950 4 21
0.000000 1.400000 -2.500000 1.0 0.0 0.0 145 72 56 0.950 4 21
0.000000 1.500000 -2.500000 1.0 0.0 0.0 145 72 56 0.950 4 21
0.000000 1.600000 -2.500000 1.0 0.0 0.0 145 72 56 0.950 4 21
0.000000 1.700000 -2.500000 1.0 0.0 0.0 145 72 56 0.950 4 21
0.000000 1.800000 -2.500000 1.0 0.0 0.0 145 72 56 0.950 4 21
0.000000 1.900000 -2.500000 1.0 0.0 0.0 145 72 56 0.950 4 21
0.000000 2.000000 -2.500000 1.0 0.0 0.0 145 72 56 0.950 4 21
0.000000 2.100000 -2.500000 1.0 0.0 0.0 145 72 56 0.950 4 21
0.000000 2.200000 -2.500000 1.0 0.0 0.0 145 72 56 0.950 4 21
0.000000 2.300000 -2.500000 1.0 0.0 0.0 145 72 56 0.950 4 21
0.000000 2.400000 -2.500000 1.0 0.0 0.0 145 72 56 0.950 4 21
0.000000 2.500000 -2.500000 1.0 0.0 0.0 145 72 56 0.950 4 21
0.000000 2.600000 -2.500000 1.0 0.0 0.0 145 72 56 0.950 4 21
0.000000 2.700000 -2.500000 1.0 0.0 0.0 145 72 56 0.950 4 21
0.000000 2.800000 -2.500000 1.0 0.0 0.0 145 72 56 0.950 4 21
0.000000 2.900000 -2.500000 1.0 0.0 0.0 145 72 56 0.950 4 21
0.000000 3.000000 -2.500000 1.0 0.0 0.0 145 72 56 0.950 4 21
0.000000 3.100000 -2.500000 1.0 0.0 0.0 145 72 56 0.950 4 21
0.000000 3.200000 -2.500000 1.0 0.0 0.0 145 72 56 0.950 4 21
0.000000 3.300000 -2.500000 1.0 0.0 0.0 145 72 56 0.950 4 21
0.000000 3.400000 -2.500000 1.0 0.0 0.0 145 72 56 0.950 4 21
0.000000 3.500000 -2.500000 1.0 0.0 0.0 145 72 56 0.950 4 21
0.000000 3.600000 -2.500000 1.0 0.0 0.0 145 72 56 0.950 4 21
0.000000 3.700000 -2.500000 1.0 0.0 0.0 145 72 56 0.950 4 21
0.000000 3.800000 -2.500000 1.0 0.0 0.0 145 72 56 0.950 4 21
0.000000 3.900000 -2.500000 1.0 0.0 0.0 145 72 56 0.950 4 21
0.000000 4.000000 -2.500000 1.0 0.0 0.0 145 72 56 0.950 4 21
0.000000 0.000000 -2.600000 1.0 0.0 0.0 145 72 56 0.950 4 21
0.000000 0.100000 -2.600000 1.0 0.0 0.0 145 72 56 0.950 4 21
0.000000 0.200000 -2.600000 1.0 0.0 0.0 145 72 56 0.950 4 21
0.000000 0.300000 -2.600000 1.0 0.0 0.0 145 72 56 0.950 4 21
0.000000 0.400000 -2.600000 1.0 0.0 0.0 145 72 56 0.950 4 21
0.000000 0.500000 -2.600000 1.0 0.0 0.0 145 72 56 0.950 4 21
0.000000 0.600000 -2.600000 1.0 0.0 0.0 145 72 56 0.950 4 21
0.000000 0.700000 -2.600000 1.0 0.0 0.0 145 72 56 0.950 4 21
0.000000 0.800000 -2.600000 1.0 0.0 0.0 145 72 56 0.950 4 21
0.000000 0.900000 -2.600000 1.0 0.0 0.0 145 72 56 0.950 4 21
0.000000 1.000000 -2.600000 1.0 0.0 0.0 145 72 56 0.950 4 21
0.000000 1.100000 -2.600000 1.0 0.0 0.0 145 72 56 0.950 4 21
0.000000 1.200000 -2.600000 1.0 0.0 0.0 145 72 56 0.950 4 21
0.000000 1.300000 -2.600000 1.0 0.0 0.0 145 72 56 0.950 4 21
0.000000 1.400000 -2.600000 1.0 0.0 0.0 145 72 56 0.950 4 21
0.000000 1.500000 -2.600000 1.0 0.0 0.0 145 72 56 0.950 4 21
0.000000 1.600000 -2.600000 1.0 0.0 0.0 145 72 56 0.950 4 21
0.000000 1.700000 -2.600000 1.0 0.0 0.0 145 72 56 0.950 4 21
0.000000 1.800000 -2.600000 1.0 0.0 0.0 145 72 56 0.950 4 21
0.000000 1.900000 -2.600000 1.0 0.0 0.0 145 72 56 0.950 4 21
0.000000 2.000000 -2.600000 1.0 0.0 0.0 145 72 56 0.950 4 21
0.000000 2.100000 -2.600000 1.0 0.0 0.0 145 72 56 0.950 4 21
0.000000 2.200000 -2.600000 1.0 0.0 0.0 145 72 56 0.950 4 21
0.000000 2.300000 -2.600000 1.0 0.0 0.0 145 72 56 0.950 4 21
0.000000 2.400000 -2.600000 1.0 0.0 0.0 145 72 56 0.950 4 21
0.000000 2.500000 -2.600000 1.0 0.0 0.0 145 72 56 0.950 4 21
0.000000 2.600000 -2.600000 1.0 0.0 0.0 145 72 56 0.950 4 21
0.000000 2.700000 -2.600000 1.0 0.0 0.0 145 72 56 0.950 4 21
0.000000 2.800000 -2.600000 1.0 0.0 0.0 145 72 56 0.950 4 21
0.000000 2.900000 -2.600000 1.0 0.0 0.0 145 72 56 0.950 4 21
0.000000 3.000000 -2.600000 1.0 0.0 0.0 145 72 56 0.950 4 21
0.000000 3.100000 -2.600000 1.0 0.0 0.0 145 72 56 0.950 4 21
0.000000 3.200000 -2.600000 1.0 0.0 0.0 145 72 56 0.950 4 21
0.000000 3.300000 -2.600000 1.0 0.0 0.0 145 72 56 0.950 4 21
0.000000 3.400000 -2.600000 1.0 0.0 0.0 145 72 56 0.950 4 21
0.000000 3.500000 -2.600000 1.0 0.0 0.0 145 72 56 0.950 4 21
0.000000 3.600000 -2.600000 1.0 0.0 0.0 145 72 56 0.950 4 21
0.000000 3.700000 -2.600000 1.0 0.0 0.0 145 72 56 0.950 4 21
0.000000 3.800000 -2.600000 1.0 0.0 0.0 145 72 56 0.950 4 21
0.000000 3.900000 -2.600000 1.0 0.0 0.0 145 72 56 0.950 4 21
0.000000 4.000000 -2.600000 1.0 0.0 0.0 145 72 56 0.950 4 21
0.000000 0.000000 -2.700000 1.0 0.0 0.0 145 72 56 0.950 4 21
0.000000 0.100000 -2.700000 1.0 0.0 0.0 145 72 56 0.950 4 21
0.000000 0.200000 -2.700000 1.0 0.0 0.0 145 72 56 0.950 4 21
0.000000 0.300000 -2.700000 1.0 0.0 0.0 145 72 56 0.950 4 21
0.000000 0.400000 -2.700000 1.0 0.0 0.0 145 72 56 0.950 4 21
0.000000 0.500000 -2.700000 1.0 0.0 0.0 145 72 56 0.950 4 21
0.000000 0.600000 -2.700000 1.0 0.0 0.0 145 72 56 0.950 4 21
0.000000 0.700000 -2.700000 1.0 0.0 0.0 145 72 56 0.950 4 21
0.000000 0.800000 -2.700000 1.0 0.0 0.0 145 72 56 0.950 4 21
0.000000 0.900000 -2.700000 1.0 0.0 0.0 145 72 56 0.950 4 21
0.000000 1.000000 -2.700000 1.0 0.0 0.0 145 72 56 0.950 4 21
0.000000 1.100000 -2.700000 1.0 0.0 0.0 145 72 56 0.950 4 21
0.000000 1.200000 -2.700000 1.0 0.0 0.0 145 72 56 0.950 4 21
0.000000 1.300000 -2.700000 1.0 0.0 0.0 145 72 56 0.950 4 21
0.000000 1.400000 -2.700000 1.0 0.0 0.0 145 72 56 0.950 4 21
0.000000 1.500000 -2.700000 1.0 0.0 0.0 145 72 56 0.950 4 21
0.000000 1.600000 -2.700000 1.0 0.0 0.0 145 72 56 0.950 4 21
0.000000 1.700000 -2.700000 1.0 0.0 0.0 145 72 56 0.950 4 21
0.000000 1.800000 -2.700000 1.0 0.0 0.0 145 72 56 0.950 4 21
0.000000 1.900000 -2.700000 1.0 0.0 0.0 145 72 56 0.950 4 21
0.000000 2.000000 -2.700000 1.0 0.0 0.0 145 72 56 0.950 4 21
0.000000 2.100000 -2.700000 1.0 0.0 0.0 145 72 56 0.950 4 21
0.000000 2.200000 -2.700000 1.0 0.0 0.0 145 72 56 0.950 4 21
0.000000 2.300000 -2.700000 1.0 0.0 0.0 145 72 56 0.950 4 21
0.000000 2.400000 -2.700000 1.0 0.0 0.0 145 72 56 0.950 4 21
0.000000 2.500000 -2.700000 1.0 0.0 0.0 145 72 56 0.950 4 21
0.000000 2.600000 -2.700000 1.0 0.0 0.0 145 72 56 0.950 4 21
0.000000 2.700000 -2.700000 1.0 0.0 0.0 145 72 56 0.950 4 21
0.000000 2.800000 -2.700000 1.0 0.0 0.0 145 72 56 0.950 4 21
0.000000 2.900000 -2.700000 1.0 0.0 0.0 145 72 56 0.950 4 21
0.000000 3.000000 -2.700000 1.0 0.0 0.0 145 72 56 0.950 4 21
0.000000 3.100000 -2.700000 1.0 0.0 0.0 145 72 56 0.950 4 21
0.000000 3.200000 -2.700000 1.0 0.0 0.0 145 72 56 0.950 4 21
0.000000 3.300000 -2.700000 1.0 0.0 0.0 145 72 56 0.950 4 21
0.000000 3.400000 -2.700000 1.0 0.0 0.0 145 72 56 0.950 4 21
0.000000 3.500000 -2.700000 1.0 0.0 0.0 145 72 56 0.950 4 21
0.000000 3.600000 -2.700000 1.0 0.0 0.0 145 72 56 0.950 4 21
0.000000 3.700000 -2.700000 1.0 0.0 0.0 145 72 56 0.950 4 21
0.000000 3.800000 -2.700000 1.0 0.0 0.0 145 72 56 0.950 4 21
0.000000 3.900000 -2.700000 1.0 0.0 0.0 145 72 56 0.950 4 21
0.000000 4.000000 -2.700000 1.0 0.0 0.0 145 72 56 0.950 4 21
0.000000 0.000000 -2.800000 1.0 0.0 0.0 145 72 56 0.950 4 21
0.000000 0.100000 -2.800000 1.0 0.0 0.0 145 72 56 0.950 4 21
0.000000 0.200000 -2.800000 1.0 0.0 0.0 145 72 56 0.950 4 21
0.000000 0.300000 -2.800000 1.0 0.0 0.0 145 72 56 0.950 4 21
0.000000 0.400000 -2.800000 1.0 0.0 0.0 145 72 56 0.950 4 21
0.000000 0.500000 -2.800000 1.0 0.0 0.0 145 72 56 0.950 4 21
0.000000 0.600000 -2.800000 1.0 0.0 0.0 145 72 56 0.950 4 21
0.000000 0.700000 -2.800000 1.0 0.0 0.0 145 72 56 0.950 4 21
0.000000 0.800000 -2.800000 1.0 0.0 0.0 145 72 56 0.950 4 21
0.000000 0.900000 -2.800000 1.0 0.0 0.0 145 72 56 0.950 4 21
0.000000 1.000000 -2.800000 1.0 0.0 0.0 145 72 56 0.950 4 21
0.000000 1.100000 -2.800000 1.0 0.0 0.0 145 72 56 0.950 4 21
0.000000 1.200000 -2.800000 1.0 0.0 0.0 145 72 56 0.950 4 21
0.000000 1.300000 -2.800000 1.0 0.0 0.0 145 72 56 0.950 4 21
0.000000 1.400000 -2.800000 1.0 0.0 0.0 145 72 56 0.950 4 21
0.000000 1.500000 -2.800000 1.0 0.0 0.0 145 72 56 0.950 4 21
0.000000 1.600000 -2.800000 1.0 0.0 0.0 145 72 56 0.950 4 21
0.000000 1.700000 -2.800000 1.0 0.0 0.0 145 72 56 0.950 4 21
0.000000 1.800000 -2.800000 1.0 0.0 0.0 145 72 56 0.950 4 21
0.000000 1.900000 -2.800000 1.0 0.0 0.0 145 72 56 0.950 4 21
0.000000 2.000000 -2.800000 1.0 0.0 0.0 145 72 56 0.950 4 21
0.000000 2.100000 -2.800000 1.0 0.0 0.0 145 72 56 0.950 4 21
0.000000 2.200000 -2.800000 1.0 0.0 0.0 145 72 56 0.950 4 21
0.000000 2.300000 -2.800000 1.0 0.0 0.0 145 72 56 0.950 4 21
0.000000 2.400000 -2.800000 1.0 0.0 0.0 145 72 56 0.950 4 21
0.000000 2.500000 -2.800000 1.0 0.0 0.0 145 72 56 0.950 4 21
0.000000 2.600000 -2.800000 1.0 0.0 0.0 145 72 56 0.950 4 21
0.000000 2.700000 -2.800000 1.0 0.0 0.0 145 72 56 0.950 4 21
0.000000 2.800000 -2.800000 1.0 0.0 0.0 145 72 56 0.950 4 21
0.000000 2.900000 -2.800000 1.0 0.0 0.0 145 72 56 0.950 4 21
0.000000 3.000000 -2.800000 1.0 0.0 0.0 145 72 56 0.950 4 21
0.000000 3.100000 -2.800000 1.0 0.0 0.0 145 72 56 0.950 4 21
0.000000 3.200000 -2.800000 1.0 0.0 0.0 145 72 56 0.950 4 21
0.000000 3.300000 -2.800000 1.0 0.0 0.0 145 72 56 0.950 4 21
0.000000 3.400000 -2.800000 1.0 0.0 0.0 145 72 56 0.950 4 21
0.000000 3.500000 -2.800000 1.0 0.0 0.0 145 72 56 0.950 4 21
0.000000 3.600000 -2.800000 1.0 0.0 0.0 145 72 56 0.950 4 21
0.000000 3.700000 -2.800000 1.0 0.0 0.0 145 72 56 0.950 4 21
0.000000 3.800000 -2.800000 1.0 0.0 0.0 145 72 56 0.950 4 21
0.000000 3.900000 -2.800000 1.0 0.0 0.0 145 72 56 0.950 4 21
0.000000 4.000000 -2.800000 1.0 0.0 0.0 145 72 56 0.950 4 21
0.000000 0.000000 -2.900000 1.0 0.0 0.0 145 72 56 0.950 4 21
0.000000 0.100000 -2.900000 1.0 0.0 0.0 145 72 56 0.950 4 21
0.000000 0.200000 -2.900000 1.0 0.0 0.0 145 72 56 0.950 4 21
0.000000 0.300000 -2.900000 1.0 0.0 0.0 145 72 56 0.950 4 21
0.000000 0.400000 -2.900000 1.0 0.0 0.0 145 72 56 0.950 4 21
0.000000 0.500000 -2.900000 1.0 0.0 0.0 145 72 56 0.950 4 21
0.000000 0.600000 -2.900000 1.0 0.0 0.0 145 72 56 0.950 4 21
0.000000 0.700000 -2.900000 1.0 0.0 0.0 145 72 56 0.950 4 21
0.000000 0.800000 -2.900000 1.0 0.0 0.0 145 72 56 0.950 4 21
0.000000 0.900000 -2.900000 1.0 0.0 0.0 145 72 56 0.950 4 21
0.000000 1.000000 -2.900000 1.0 0.0 0.0 145 72 56 0.950 4 21
0.000000 1.100000 -2.900000 1.0 0.0 0.0 145 72 56 0.950 4 21
0.000000 1.200000 -2.900000 1.0 0.0 0.0 145 72 56 0.950 4 21
0.000000 1.300000 -2.900000 1.0 0.0 0.0 145 72 56 0.950 4 21
0.000000 1.400000 -2.900000 1.0 0.0 0.0 145 72 56 0.950 4 21
0.000000 1.500000 -2.900000 1.0 0.0 0.0 145 72 56 0.950 4 21
0.000000 1.600000 -2.900000 1.0 0.0 0.0 145 72 56 0.950 4 21
0.000000 1.700000 -2.900000 1.0 0.0 0.0 145 72 56 0.950 4 21
0.000000 1.800000 -2.900000 1.0 0.0 0.0 145 72 56 0.950 4 21
0.000000 1.900000 -2.900000 1.0 0.0 0.0 145 72 56 0.950 4 21
0.000000 2.000000 -2.900000 1.0 0.0 0.0 145 72 56 0.950 4 21
0.000000 2.100000 -2.900000 1.0 0.0 0.0 145 72 56 0.950 4 21
0.000000 2.200000 -2.900000 1.0 0.0 0.0 145 72 56 0.950 4 21
0.000000 2.300000 -2.900000 1.0 0.0 0.0 145 72 56 0.950 4 21
0.000000 2.400000 -2.900000 1.0 0.0 0.0 145 72 56 0.950 4 21
0.000000 2.500000 -2.900000 1.0 0.0 0.0 145 72 56 0.950 4 21
0.000000 2.600000 -2.900000 1.0 0.0 0.0 145 72 56 0.950 4 21
0.000000 2.700000 -2.900000 1.0 0.0 0.0 145 72 56 0.950 4 21
0.000000 2.800000 -2.900000 1.0 0.0 0.0 145 72 56 0.950 4 21
0.000000 2.900000 -2.900000 1.0 0.0 0.0 145 72 56 0.950 4 21
0.000000 3.000000 -2.900000 1.0 0.0 0.0 145 72 56 0.950 4 21
0.000000 3.100000 -2.900000 1.0 0.0 0.0 145 72 56 0.950 4 21
0.000000 3.200000 -2.900000 1.0 0.0 0.0 145 72 56 0.950 4 21
0.000000 3.300000 -2.900000 1.0 0.0 0.0 145 72 56 0.950 4 21
0.000000 3.400000 -2.900000 1.0 0.0 0.0 145 72 56 0.950 4 21
0.000000 3.500000 -2.900000 1.0 0.0 0.0 145 72 56 0.950 4 21
0.000000 3.600000 -2.900000 1.0 0.0 0.0 145 72 56 0.950 4 21
0.000000 3.700000 -2.900000 1.0 0.0 0.0 145 72 56 0.950 4 21
0.000000 3.800000 -2.900000 1.0 0.0 0.0 145 72 56 0.950 4 21
0.000000 3.900000 -2.900000 1.0 0.0 0.0 145 72 56 0.950 4 21
0.000000 4.000000 -2.900000 1.0 0.0 0.0 145 72 56 0.950 4 21
0.000000 0.000000 -3.000000 1.0 0.0 0.0 145 72 56 0.950 4 21
0.000000 0.100000 -3.000000 1.0 0.0 0.0 145 72 56 0.950 4 21
0.000000 0.200000 -3.000000 1.0 0.0 0.0 145 72 56 0.950 4 21
0.000000 0.300000 -3.000000 1.0 0.0 0.0 145 72 56 0.950 4 21
0.000000 0.400000 -3.000000 1.0 0.0 0.0 145 72 56 0.950 4 21
0.000000 0.500000 -3.000000 1.0 0.0 0.0 145 72 56 0.950 4 21
0.000000 0.600000 -3.000000 1.0 0.0 0.0 145 72 56 0.950 4 21
0.000000 0.700000 -3.000000 1.0 0.0 0.0 145 72 56 0.950 4 21
0.000000 0.800000 -3.000000 1.0 0.0 0.0 145 72 56 0.950 4 21
0.000000 0.900000 -3.000000 1.0 0.0 0.0 145 72 56 0.950 4 21
0.000000 1.000000 -3.000000 1.0 0.0 0.0 145 72 56 0.950 4 21
0.000000 1.100000 -3.000000 1.0 0.0 0.0 145 72 56 0.950 4 21
0.000000 1.200000 -3.000000 1.0 0.0 0.0 145 72 56 0.950 4 21
0.000000 1.300000 -3.000000 1.0 0.0 0.0 145 72 56 0.950 4 21
0.000000 1.400000 -3.000000 1.0 0.0 0.0 145 72 56 0.950 4 21
0.000000 1.500000 -3.000000 1.0 0.0 0.0 145 72 56 0.950 4 21
0.000000 1.600000 -3.000000 1.0 0.0 0.0 145 72 56 0.950 4 21
0.000000 1.700000 -3.000000 1.0 0.0 0.0 145 72 56 0.950 4 21
0.000000 1.800000 -3.000000 1.0 0.0 0.0 145 72 56 0.950 4 21
0.000000 1.900000 -3.000000 1.0 0.0 0.0 145 72 56 0.950 4 21
0.000000 2.000000 -3.000000 1.0 0.0 0.0 145 72 56 0.950 4 21
0.000000 2.100000 -3.000000 1.0 0.0 0.0 145 72 56 0.950 4 21
0.000000 2.200000 -3.000000 1.0 0.0 0.0 145 72 56 0.950 4 21
0.000000 2.300000 -3.000000 1.0 0.0 0.0 145 72 56 0.950 4 21
0.000000 2.400000 -3.000000 1.0 0.0 0.0 145 72 56 0.950 4 21
0.000000 2.500000 -3.000000 1.0 0.0 0.0 145 72 56 0.950 4 21
0.000000 2.600000 -3.000000 1.0 0.0 0.0 145 72 56 0.950 4 21
0.000000 2.700000 -3.000000 1.0 0.0 0.0 145 72 56 0.950 4 21
0.000000 2.800000 -3.000000 1.0 0.0 0.0 145 72 56 0.950 4 21
0.000000 2.900000 -3.000000 1.0 0.0 0.0 145 72 56 0.950 4 21
0.000000 3.000000 -3.000000 1.0 0.0 0.0 145 72 56 0.950 4 21
0.000000 3.100000 -3.000000 1.0 0.0 0.0 145 72 56 0.950 4 21
0.000000 3.200000 -3.000000 1.0 0.0 0.0 145 72 56 0.950 4 21
0.000000 3.300000 -3.000000 1.0 0.0 0.0 145 72 56 0.950 4 21
0.000000 3.400000 -3.000000 1.0 0.0 0.0 145 72 56 0.950 4 21
0.000000 3.500000 -3.000000 1.0 0.0 0.0 145 72 56 0.950 4 21
0.000000 3.600000 -3.000000 1.0 0.0 0.0 145 72 56 0.950 4 21
0.000000 3.700000 -3.000000 1.0 0.0 0.0 145 72 56 0.950 4 21
0.000000 3.800000 -3.000000 1.0 0.0 0.0 145 72 56 0.950 4 21
0.000000 3.900000 -3.000000 1.0 0.0 0.0 145 72 56 0.950 4 21
0.000000 4.000000 -3.000000 1.0 0.0 0.0 145 72 56 0.950 4 21
